Student_ID,Age,Math_Score,Science_Score,English_Score,Hours_Studied,Pass_Fail
STU1001,20,48,54,52,4.6,1
STU1002,15,50,44,55,7.0,0
STU1003,19,46,53,59,8.4,1
STU1004,18,54,59,62,4.2,1
STU1005,18,36,53,56,3.8,0
STU1006,15,89,78,70,21.7,1
STU1007,20,54,58,59,8.1,1
STU1008,20,54,67,60,9.5,1
STU1009,18,68,57,61,11.1,1
STU1010,19,62,62,65,11.9,1
STU1011,16,78,88,79,20.2,1
STU1012,19,82,74,76,19.3,1
STU1013,15,76,83,80,22.0,1
STU1014,21,98,83,80,23.2,1
STU1015,16,83,93,70,22.2,1
STU1016,19,48,59,56,5.8,1
STU1017,20,70,67,65,16.9,1
STU1018,16,60,69,66,15.5,1
STU1019,20,88,99,74,23.5,1
STU1020,18,49,60,68,10.1,1
STU1021,15,45,53,52,7.7,1
STU1022,19,48,51,49,4.3,0
STU1023,21,51,66,45,11.2,1
STU1024,21,70,69,67,14.8,1
STU1025,19,74,55,49,13.0,1
STU1026,19,54,52,58,7.7,1
STU1027,16,70,62,64,17.4,1
STU1028,15,43,35,48,2.2,0
STU1029,17,91,87,71,22.3,1
STU1030,16,47,50,67,8.1,1
STU1031,19,55,72,55,13.2,1
STU1032,19,75,71,69,18.2,1
STU1033,17,91,80,74,22.7,1
STU1034,16,82,88,76,23.3,1
STU1035,17,75,81,63,20.0,1
STU1036,18,89,88,67,22.1,1
STU1037,16,53,51,58,7.1,1
STU1038,19,67,54,63,11.2,1
STU1039,19,87,96,74,24.6,1
STU1040,20,90,84,72,23.2,1
STU1041,19,29,51,48,4.9,0
STU1042,19,66,74,73,16.0,1
STU1043,17,67,79,66,13.9,1
STU1044,16,52,46,54,5.4,1
STU1045,18,55,68,62,13.4,1
STU1046,20,58,73,72,13.9,1
STU1047,19,74,70,70,15.7,1
STU1048,20,80,86,80,21.8,1
STU1049,16,46,52,57,8.3,1
STU1050,16,53,59,59,10.8,1
STU1051,21,72,76,65,11.7,1
STU1052,15,83,86,78,23.7,1
STU1053,18,34,43,48,2.7,0
STU1054,19,78,69,60,14.3,1
STU1055,16,40,38,45,3.2,0
STU1056,21,68,64,66,11.7,1
STU1057,15,86,66,73,20.0,1
STU1058,20,48,58,52,7.9,1
STU1059,17,76,74,58,15.2,1
STU1060,17,83,78,72,21.6,1
STU1061,17,38,43,54,2.3,0
STU1062,16,47,63,59,12.0,1
STU1063,17,50,63,60,9.4,1
STU1064,18,77,85,86,21.6,1
STU1065,17,67,63,66,14.8,1
STU1066,18,71,66,71,16.9,1
STU1067,19,59,57,57,10.5,1
STU1068,20,39,55,49,6.4,0
STU1069,20,77,66,61,15.6,1
STU1070,16,55,63,64,8.3,1
STU1071,18,63,66,58,13.0,1
STU1072,19,84,71,71,19.6,1
STU1073,21,67,71,61,15.5,1
STU1074,19,44,37,53,3.7,0
STU1075,20,37,58,52,7.4,0
STU1076,16,62,73,58,16.9,1
STU1077,20,53,59,61,11.3,1
STU1078,16,97,88,78,24.1,1
STU1079,17,51,51,51,6.2,1
STU1080,20,37,48,47,4.4,0
STU1081,15,59,71,73,12.5,1
STU1082,20,82,82,75,22.0,1
STU1083,15,57,50,55,6.7,1
STU1084,16,45,59,62,9.1,1
STU1085,20,46,40,57,8.3,0
STU1086,21,33,61,52,3.6,0
STU1087,21,47,51,51,5.4,0
STU1088,16,84,92,76,24.6,1
STU1089,21,60,67,54,10.8,1
STU1090,18,79,65,82,16.9,1
STU1091,16,76,87,70,19.2,1
STU1092,15,46,44,49,3.1,0
STU1093,21,38,47,53,6.1,0
STU1094,16,58,57,59,12.6,1
STU1095,20,92,83,72,24.1,1
STU1096,15,91,88,81,24.5,1
STU1097,19,81,80,68,19.1,1
STU1098,21,87,89,72,18.6,1
STU1099,18,39,51,48,2.8,0
STU1100,21,78,53,64,14.4,1
STU1101,20,90,73,78,22.0,1
STU1102,21,72,77,77,20.5,1
STU1103,21,66,70,74,16.7,1
STU1104,19,57,52,60,7.1,1
STU1105,18,38,47,52,4.7,0
STU1106,20,46,50,50,5.6,0
STU1107,16,100,78,72,21.7,1
STU1108,21,74,72,75,21.0,1
STU1109,21,80,86,71,22.0,1
STU1110,16,49,41,52,4.5,0
STU1111,17,48,50,54,3.2,1
STU1112,15,53,65,63,12.4,1
STU1113,18,81,84,80,21.5,1
STU1114,16,35,47,48,3.5,0
STU1115,15,66,87,78,20.2,1
STU1116,16,66,65,58,11.5,1
STU1117,16,73,66,73,17.8,1
STU1118,16,69,66,61,14.8,1
STU1119,21,57,53,55,11.7,1
STU1120,21,51,54,54,4.5,1
STU1121,15,76,63,65,16.0,1
STU1122,16,66,69,68,15.0,1
STU1123,18,56,72,61,12.4,1
STU1124,19,50,56,56,12.2,1
STU1125,18,63,78,62,14.1,1
STU1126,18,70,80,73,19.2,1
STU1127,20,67,80,70,16.7,1
STU1128,18,74,81,72,21.4,1
STU1129,17,64,78,76,19.9,1
STU1130,21,68,74,69,16.8,1
STU1131,20,88,93,78,23.3,1
STU1132,15,70,65,56,12.8,1
STU1133,15,45,45,47,3.3,0
STU1134,20,51,60,55,6.3,1
STU1135,20,60,57,58,12.1,1
STU1136,17,70,74,64,17.6,1
STU1137,20,77,57,68,11.0,1
STU1138,20,93,80,85,24.9,1
STU1139,21,60,57,66,13.2,1
STU1140,18,34,63,54,5.5,0
STU1141,17,68,64,68,17.6,1
STU1142,17,76,87,89,24.2,1
STU1143,19,70,59,71,14.1,1
STU1144,15,75,73,69,18.4,1
STU1145,17,60,64,58,7.4,1
STU1146,17,83,88,87,23.1,1
STU1147,15,61,59,51,7.9,1
STU1148,17,36,50,57,4.8,0
STU1149,19,40,38,49,2.4,0
STU1150,18,53,54,53,6.3,1
STU1151,21,68,70,71,12.8,1
STU1152,17,43,58,51,5.1,1
STU1153,16,48,44,57,3.5,0
STU1154,21,54,62,63,14.5,1
STU1155,17,59,69,53,12.0,1
STU1156,17,87,86,82,23.3,1
STU1157,19,47,52,59,8.8,1
STU1158,18,59,68,63,10.1,1
STU1159,15,36,48,51,4.9,0
STU1160,16,62,64,68,14.2,1
STU1161,18,88,87,67,23.0,1
STU1162,15,87,79,71,20.6,1
STU1163,20,94,84,74,23.3,1
STU1164,21,60,45,57,13.4,1
STU1165,20,77,73,59,18.5,1
STU1166,21,71,60,65,14.7,1
STU1167,16,59,62,60,9.4,1
STU1168,16,72,74,68,16.4,1
STU1169,19,83,79,73,18.6,1
STU1170,20,52,54,52,6.8,1
STU1171,21,71,65,69,17.8,1
STU1172,19,53,57,48,5.3,1
STU1173,19,63,65,60,14.9,1
STU1174,18,78,89,69,21.9,1
STU1175,18,82,76,88,24.2,1
STU1176,18,47,54,57,8.6,1
STU1177,17,43,49,56,3.7,0
STU1178,21,90,77,78,24.7,1
STU1179,15,42,48,52,5.2,0
STU1180,19,52,66,58,9.3,1
STU1181,18,62,70,79,18.3,1
STU1182,20,72,72,60,16.5,1
STU1183,19,80,59,66,16.5,1
STU1184,20,49,50,61,6.7,1
STU1185,19,43,53,52,6.8,0
STU1186,21,94,77,81,22.0,1
STU1187,17,58,50,57,7.2,1
STU1188,17,61,72,64,14.9,1
STU1189,21,76,82,73,20.5,1
STU1190,18,55,53,59,6.9,1
STU1191,16,38,53,49,3.2,0
STU1192,17,74,47,59,9.4,1
STU1193,15,95,82,77,23.0,1
STU1194,17,52,62,53,8.5,1
STU1195,16,82,68,65,18.8,1
STU1196,16,56,47,51,6.0,1
STU1197,17,57,56,60,10.8,1
STU1198,17,70,74,72,17.9,1
STU1199,15,80,71,75,16.7,1
STU1200,20,66,69,56,14.6,1
STU1201,21,79,60,77,20.1,1
STU1202,19,42,45,53,5.4,0
STU1203,19,59,65,59,12.2,1
STU1204,18,52,61,65,9.9,1
STU1205,21,84,82,76,23.1,1
STU1206,18,71,64,61,14.2,1
STU1207,15,38,52,59,7.5,0
STU1208,15,55,61,70,11.3,1
STU1209,17,86,67,67,15.3,1
STU1210,20,88,82,80,23.0,1
STU1211,18,57,62,55,11.4,1
STU1212,15,61,59,62,14.9,1
STU1213,20,78,72,64,15.9,1
STU1214,20,37,51,49,4.7,0
STU1215,17,40,55,65,9.1,1
STU1216,17,82,84,73,23.0,1
STU1217,19,67,66,72,15.3,1
STU1218,20,78,84,81,23.7,1
STU1219,20,65,77,74,20.3,1
STU1220,15,67,62,64,14.1,1
STU1221,20,75,72,69,17.3,1
STU1222,19,76,75,61,18.6,1
STU1223,16,37,52,49,4.5,0
STU1224,18,52,51,63,12.6,1
STU1225,18,59,60,65,10.7,1
STU1226,21,94,88,80,24.4,1
STU1227,16,90,88,68,23.4,1
STU1228,17,72,62,63,10.8,1
STU1229,15,67,58,56,12.1,1
STU1230,18,61,67,68,13.3,1
STU1231,20,38,50,48,3.7,0
STU1232,15,36,41,43,2.1,0
STU1233,19,66,57,73,13.8,1
STU1234,19,78,78,76,22.8,1
STU1235,18,42,60,58,8.3,1
STU1236,16,62,63,55,9.0,1
STU1237,21,85,74,77,20.9,1
STU1238,16,96,89,79,24.2,1
STU1239,18,58,61,44,8.4,1
STU1240,21,72,75,74,17.9,1
STU1241,21,57,62,59,10.7,1
STU1242,17,84,66,62,18.1,1
STU1243,19,92,86,75,24.6,1
STU1244,19,70,65,70,14.8,1
STU1245,16,50,58,58,9.9,1
STU1246,18,75,67,71,18.6,1
STU1247,17,74,67,67,14.9,1
STU1248,15,85,75,68,19.0,1
STU1249,20,85,75,74,20.6,1
STU1250,19,57,57,51,10.9,1
STU1251,21,55,54,60,8.8,1
STU1252,18,71,69,63,15.7,1
STU1253,17,42,42,52,5.2,0
STU1254,20,68,57,66,13.3,1
STU1255,15,53,54,61,8.3,1
STU1256,15,62,79,65,15.2,1
STU1257,18,60,47,56,4.4,1
STU1258,15,61,79,77,19.8,1
STU1259,16,79,71,63,16.2,1
STU1260,21,64,59,66,13.8,1
STU1261,16,92,78,71,18.4,1
STU1262,18,63,68,65,10.6,1
STU1263,18,66,56,57,9.5,1
STU1264,19,59,56,67,11.1,1
STU1265,15,53,39,42,4.9,0
STU1266,16,81,86,83,22.1,1
STU1267,18,72,63,68,17.1,1
STU1268,15,43,50,58,7.3,1
STU1269,15,63,68,62,14.2,1
STU1270,21,47,57,56,7.0,1
STU1271,19,75,82,69,15.8,1
STU1272,19,64,77,70,16.0,1
STU1273,18,45,61,52,4.6,1
STU1274,20,20,40,52,6.0,0
STU1275,20,61,56,65,13.5,1
STU1276,17,37,50,53,3.8,0
STU1277,17,92,73,71,18.1,1
STU1278,20,72,73,65,17.1,1
STU1279,20,84,78,72,20.0,1
STU1280,18,78,83,69,21.8,1
STU1281,16,61,53,44,6.1,1
STU1282,19,58,51,47,10.6,1
STU1283,17,42,37,53,4.0,0
STU1284,17,68,73,59,15.6,1
STU1285,16,72,59,68,14.5,1
STU1286,20,66,70,73,18.7,1
STU1287,16,85,72,61,22.6,1
STU1288,16,46,53,56,8.7,1
STU1289,15,63,62,74,14.3,1
STU1290,20,55,78,61,15.9,1
STU1291,21,80,85,75,24.8,1
STU1292,21,83,73,64,20.3,1
STU1293,21,52,50,56,3.7,1
STU1294,20,54,56,61,11.1,1
STU1295,17,73,58,61,13.5,1
STU1296,21,73,71,65,14.1,1
STU1297,19,63,63,65,13.6,1
STU1298,16,74,73,71,24.4,1
STU1299,21,43,55,56,6.0,1
STU1300,17,89,92,75,23.8,1
STU1301,15,43,45,54,3.3,0
STU1302,17,88,73,68,18.5,1
STU1303,16,74,75,75,18.8,1
STU1304,19,71,73,74,20.1,1
STU1305,20,45,44,39,2.0,0
STU1306,19,63,66,54,7.1,1
STU1307,16,65,76,69,17.9,1
STU1308,16,83,82,74,22.3,1
STU1309,20,71,70,76,19.4,1
STU1310,15,70,67,69,14.6,1
STU1311,15,65,65,59,9.6,1
STU1312,17,38,58,53,7.5,0
STU1313,17,83,74,74,20.9,1
STU1314,21,59,51,58,11.1,1
STU1315,17,44,63,63,12.1,1
STU1316,20,73,60,57,9.9,1
STU1317,21,87,81,79,23.5,1
STU1318,19,75,76,72,17.6,1
STU1319,18,46,51,51,3.8,0
STU1320,20,77,82,73,23.0,1
STU1321,21,45,47,41,2.3,0
STU1322,19,78,72,69,19.4,1
STU1323,18,74,66,72,17.1,1
STU1324,18,48,34,46,2.9,0
STU1325,18,78,92,69,21.7,1
STU1326,19,67,84,74,16.8,1
STU1327,16,46,52,50,3.5,0
STU1328,21,41,47,53,6.6,0
STU1329,15,67,59,69,17.7,1
STU1330,17,50,49,70,5.8,1
STU1331,21,46,56,57,7.1,1
STU1332,16,73,59,70,16.9,1
STU1333,18,81,76,77,21.6,1
STU1334,15,77,62,65,13.8,1
STU1335,15,61,62,64,13.1,1
STU1336,19,87,82,77,19.6,1
STU1337,17,51,56,58,8.0,1
STU1338,19,66,69,60,16.7,1
STU1339,19,33,55,56,6.2,0
STU1340,15,42,50,54,7.1,0
STU1341,15,100,81,74,21.9,1
STU1342,15,81,81,81,22.0,1
STU1343,16,67,68,62,13.3,1
STU1344,16,82,78,76,18.8,1
STU1345,15,60,65,53,10.8,1
STU1346,19,63,66,64,14.1,1
STU1347,20,66,77,67,17.0,1
STU1348,19,55,53,56,7.8,1
STU1349,20,50,52,49,5.2,1
STU1350,17,90,78,79,21.1,1
STU1351,20,98,85,73,23.5,1
STU1352,16,57,62,64,12.5,1
STU1353,18,77,83,73,24.0,1
STU1354,18,44,64,59,8.3,1
STU1355,20,75,73,77,18.7,1
STU1356,21,66,67,64,17.7,1
STU1357,20,76,74,68,14.1,1
STU1358,18,68,75,75,17.2,1
STU1359,19,44,46,42,3.3,0
STU1360,18,71,80,74,20.8,1
STU1361,18,67,65,79,19.1,1
STU1362,20,81,67,68,17.4,1
STU1363,19,73,69,63,15.8,1
STU1364,21,55,43,59,8.7,1
STU1365,19,43,56,53,6.5,1
STU1366,19,46,56,53,5.1,1
STU1367,16,60,75,75,17.9,1
STU1368,19,90,83,74,23.1,1
STU1369,20,74,58,64,13.8,1
STU1370,16,67,71,66,16.4,1
STU1371,17,85,74,73,14.9,1
STU1372,21,59,56,63,11.7,1
STU1373,15,64,79,59,17.9,1
STU1374,21,77,72,78,18.0,1
STU1375,19,45,45,53,3.2,0
STU1376,17,79,74,74,19.4,1
STU1377,16,72,86,77,18.9,1
STU1378,21,72,65,67,17.2,1
STU1379,16,69,67,53,14.0,1
STU1380,20,53,63,61,9.6,1
STU1381,20,73,68,71,16.1,1
STU1382,21,64,68,64,13.7,1
STU1383,16,72,74,71,17.4,1
STU1384,18,70,82,70,18.5,1
STU1385,17,44,48,53,2.4,0
STU1386,20,78,73,76,21.5,1
STU1387,18,53,73,64,10.8,1
STU1388,20,59,51,54,5.3,1
STU1389,15,51,60,53,9.0,1
STU1390,21,38,55,57,7.8,0
STU1391,15,59,54,58,8.7,1
STU1392,19,35,41,51,3.6,0
STU1393,19,54,48,56,10.4,1
STU1394,16,69,70,69,17.6,1
STU1395,20,60,60,65,16.0,1
STU1396,15,65,66,74,14.7,1
STU1397,17,46,52,45,5.1,0
STU1398,19,72,67,63,17.2,1
STU1399,15,74,59,70,17.4,1
STU1400,19,60,73,66,16.6,1
STU1401,19,80,58,69,17.0,1
STU1402,21,55,59,55,9.9,1
STU1403,19,69,86,70,18.5,1
STU1404,16,72,66,67,15.6,1
STU1405,19,42,42,49,2.9,0
STU1406,20,67,74,67,18.7,1
STU1407,16,84,80,76,20.3,1
STU1408,18,61,72,76,15.7,1
STU1409,19,43,48,50,4.2,0
STU1410,19,70,60,68,14.4,1
STU1411,21,68,73,62,13.1,1
STU1412,21,57,60,46,7.3,1
STU1413,21,40,42,52,2.2,0
STU1414,15,49,56,51,5.6,1
STU1415,20,51,61,61,11.1,1
STU1416,17,74,63,59,15.3,1
STU1417,21,58,61,65,9.8,1
STU1418,15,48,52,50,8.1,1
STU1419,15,59,54,51,6.6,1
STU1420,15,50,56,58,10.3,1
STU1421,15,61,82,76,18.9,1
STU1422,19,87,86,78,24.2,1
STU1423,15,88,81,73,20.5,1
STU1424,19,82,75,67,21.8,1
STU1425,21,66,54,66,9.3,1
STU1426,15,61,61,55,14.8,1
STU1427,16,51,70,60,13.5,1
STU1428,19,61,59,64,10.2,1
STU1429,17,72,62,64,13.3,1
STU1430,21,47,67,54,11.7,1
STU1431,17,75,75,70,17.9,1
STU1432,18,85,84,82,24.0,1
STU1433,18,49,56,52,8.4,1
STU1434,16,72,79,65,14.8,1
STU1435,18,65,69,65,13.5,1
STU1436,18,39,32,47,4.3,0
STU1437,19,89,79,77,23.4,1
STU1438,15,51,56,64,10.8,1
STU1439,20,58,63,62,16.1,1
STU1440,20,55,51,53,8.2,1
STU1441,18,68,70,54,11.5,1
STU1442,21,77,85,83,24.9,1
STU1443,16,60,46,48,5.0,1
STU1444,20,68,65,68,14.4,1
STU1445,18,73,65,62,14.4,1
STU1446,15,73,65,76,17.8,1
STU1447,21,37,45,37,2.2,0
STU1448,18,77,82,81,21.1,1
STU1449,20,63,79,73,17.7,1
STU1450,17,43,52,49,4.5,0
STU1451,19,48,37,45,2.5,0
STU1452,18,87,76,82,25.0,1
STU1453,18,54,50,43,6.2,0
STU1454,15,76,69,60,14.0,1
STU1455,15,77,76,70,19.1,1
STU1456,20,37,51,52,7.0,0
STU1457,21,59,49,58,7.6,1
STU1458,21,82,66,79,16.4,1
STU1459,18,67,78,72,18.9,1
STU1460,18,43,55,54,6.4,1
STU1461,16,70,61,62,12.3,1
STU1462,15,66,68,59,16.3,1
STU1463,21,69,69,65,14.7,1
STU1464,21,81,82,80,23.6,1
STU1465,15,59,65,58,10.4,1
STU1466,15,65,65,57,12.8,1
STU1467,15,76,75,72,18.7,1
STU1468,20,80,70,68,14.8,1
STU1469,15,41,49,51,5.8,0
STU1470,17,79,85,70,21.4,1
STU1471,18,84,85,69,19.6,1
STU1472,17,66,72,68,15.7,1
STU1473,19,38,44,53,5.6,0
STU1474,21,56,53,54,8.9,1
STU1475,18,86,90,68,21.0,1
STU1476,19,42,50,61,10.8,1
STU1477,19,41,45,47,2.9,0
STU1478,19,59,72,63,15.2,1
STU1479,20,40,45,45,3.1,0
STU1480,19,46,52,50,6.6,0
STU1481,20,84,79,71,23.3,1
STU1482,17,81,74,63,16.2,1
STU1483,21,47,49,54,4.0,1
STU1484,17,66,74,70,18.0,1
STU1485,18,74,79,65,16.3,1
STU1486,16,80,76,82,20.2,1
STU1487,21,45,56,52,4.5,1
STU1488,16,57,66,62,13.5,1
STU1489,17,71,71,66,17.7,1
STU1490,21,84,85,83,24.8,1
STU1491,20,72,67,64,16.1,1
STU1492,16,75,68,74,17.0,1
STU1493,21,41,34,60,5.3,0
STU1494,18,78,94,81,24.1,1
STU1495,16,28,50,52,4.5,0
STU1496,16,54,60,56,7.3,1
STU1497,18,58,61,63,13.3,1
STU1498,18,80,88,79,22.4,1
STU1499,20,69,71,60,15.2,1
STU1500,15,77,77,71,22.2,1
STU1501,21,80,81,74,21.0,1
STU1502,21,62,64,76,16.9,1
STU1503,18,59,65,56,11.5,1
STU1504,17,62,45,59,9.5,1
STU1505,20,65,67,55,10.8,1
STU1506,17,70,73,69,15.0,1
STU1507,17,84,75,78,18.8,1
STU1508,18,53,53,56,7.5,1
STU1509,19,62,52,50,8.4,1
STU1510,16,94,73,66,21.6,1
STU1511,19,78,91,72,17.2,1
STU1512,15,40,46,49,4.1,0
STU1513,17,59,60,54,12.8,1
STU1514,20,72,70,68,14.2,1
STU1515,19,87,88,82,24.9,1
STU1516,16,79,78,74,22.3,1
STU1517,20,80,82,66,21.5,1
STU1518,17,57,50,55,8.9,1
STU1519,15,91,79,70,21.1,1
STU1520,18,85,87,89,22.5,1
STU1521,17,72,65,66,15.0,1
STU1522,19,67,69,58,11.0,1
STU1523,18,51,52,50,4.0,1
STU1524,17,78,77,77,20.1,1
STU1525,21,59,50,56,9.5,1
STU1526,21,60,60,68,15.7,1
STU1527,19,79,72,73,19.4,1
STU1528,20,39,49,49,4.7,0
STU1529,16,95,80,85,23.7,1
STU1530,15,44,48,54,5.0,0
STU1531,21,73,71,81,17.9,1
STU1532,15,94,94,77,24.4,1
STU1533,20,71,73,61,19.6,1
STU1534,17,51,60,63,12.4,1
STU1535,15,62,62,57,11.3,1
STU1536,19,63,69,53,11.5,1
STU1537,19,54,52,68,11.9,1
STU1538,21,66,68,75,13.2,1
STU1539,18,57,54,61,9.5,1
STU1540,21,34,44,48,2.0,0
STU1541,20,72,84,76,22.2,1
STU1542,21,50,61,49,8.8,1
STU1543,18,75,70,64,16.4,1
STU1544,19,61,64,50,10.8,1
STU1545,18,96,80,79,21.8,1
STU1546,16,51,56,53,6.3,1
STU1547,19,68,90,68,15.3,1
STU1548,21,78,76,78,19.9,1
STU1549,17,80,61,75,16.1,1
STU1550,17,58,67,54,11.7,1
STU1551,16,71,68,60,15.2,1
STU1552,17,73,74,78,21.7,1
STU1553,20,43,58,52,7.4,1
STU1554,20,58,67,70,16.7,1
STU1555,16,62,55,61,12.7,1
STU1556,19,81,73,80,22.0,1
STU1557,17,73,77,66,20.5,1
STU1558,21,42,45,62,6.5,0
STU1559,15,61,56,62,11.5,1
STU1560,19,78,61,76,17.1,1
STU1561,16,87,77,92,22.6,1
STU1562,17,85,81,75,19.7,1
STU1563,15,56,66,59,10.8,1
STU1564,16,62,62,68,16.0,1
STU1565,18,40,43,45,2.4,0
STU1566,15,75,62,75,13.9,1
STU1567,19,46,56,53,7.2,1
STU1568,15,81,63,74,16.5,1
STU1569,16,63,66,65,14.8,1
STU1570,15,55,52,54,6.4,1
STU1571,19,79,79,77,24.2,1
STU1572,20,71,77,78,17.3,1
STU1573,15,76,86,65,18.9,1
STU1574,15,40,56,46,6.0,0
STU1575,21,69,80,70,20.8,1
STU1576,21,92,99,80,24.6,1
STU1577,15,56,54,51,8.3,1
STU1578,16,55,48,48,4.3,1
STU1579,20,61,75,63,15.7,1
STU1580,17,48,67,59,14.0,1
STU1581,15,76,62,62,16.4,1
STU1582,21,89,88,86,24.7,1
STU1583,16,68,64,69,17.4,1
STU1584,16,77,65,64,18.6,1
STU1585,17,45,43,48,7.2,0
STU1586,16,85,70,74,23.3,1
STU1587,20,65,68,69,15.1,1
STU1588,17,79,71,45,15.9,1
STU1589,19,62,58,59,12.9,1
STU1590,16,85,83,75,22.5,1
STU1591,15,54,64,61,11.8,1
STU1592,21,33,46,47,2.3,0
STU1593,20,64,73,52,12.6,1
STU1594,16,76,88,71,20.2,1
STU1595,18,83,77,76,19.3,1
STU1596,17,95,69,73,18.9,1
STU1597,16,77,75,65,16.9,1
STU1598,20,76,67,61,13.0,1
STU1599,20,52,61,66,11.7,1
STU1600,19,74,79,75,17.6,1
STU1601,15,53,56,58,11.0,1
STU1602,16,59,71,59,12.9,1
STU1603,20,67,84,67,16.9,1
STU1604,16,73,78,65,22.7,1
STU1605,16,56,70,60,10.1,1
STU1606,16,44,38,46,4.7,0
STU1607,16,67,69,72,14.3,1
STU1608,20,83,75,74,22.9,1
STU1609,21,48,54,55,7.1,1
STU1610,21,51,47,52,8.4,1
STU1611,19,61,65,57,13.8,1
STU1612,17,93,75,86,24.5,1
STU1613,18,47,44,54,5.2,0
STU1614,18,68,70,72,16.7,1
STU1615,21,59,55,59,10.8,1
STU1616,15,40,52,54,5.5,0
STU1617,16,67,59,68,13.3,1
STU1618,19,52,57,62,12.0,1
STU1619,18,78,78,81,22.2,1
STU1620,17,55,48,62,8.7,1
STU1621,16,70,73,57,14.5,1
STU1622,21,40,54,47,5.3,0
STU1623,21,61,59,54,6.3,1
STU1624,21,68,71,75,20.5,1
STU1625,18,89,77,72,22.5,1
STU1626,16,60,55,46,6.8,1
STU1627,18,41,40,59,3.0,0
STU1628,19,55,51,60,6.7,1
STU1629,16,91,81,86,21.7,1
STU1630,19,45,62,49,7.0,1
STU1631,20,66,66,61,12.9,1
STU1632,18,55,49,49,4.6,1
STU1633,17,71,68,58,12.5,1
STU1634,21,88,81,74,20.5,1
STU1635,15,43,57,55,5.3,1
STU1636,20,82,72,72,19.6,1
STU1637,18,38,50,57,4.5,0
STU1638,20,49,65,58,9.5,1
STU1639,18,53,48,61,6.6,1
STU1640,21,31,43,46,2.7,0
STU1641,15,57,56,52,6.1,1
STU1642,18,49,70,64,13.2,1
STU1643,21,40,52,59,5.6,1
STU1644,17,61,63,52,9.4,1
STU1645,17,53,57,54,11.5,1
STU1646,15,72,69,66,12.6,1
STU1647,17,55,63,62,10.7,1
STU1648,19,82,70,77,20.7,1
STU1649,17,51,34,44,3.1,0
STU1650,15,68,66,71,15.0,1
STU1651,17,61,60,60,12.0,1
STU1652,16,87,75,84,22.3,1
STU1653,18,61,49,56,8.2,1
STU1654,20,69,62,65,17.8,1
STU1655,18,49,57,53,8.1,1
STU1656,15,59,55,56,7.6,1
STU1657,16,47,57,65,8.3,1
STU1658,15,70,79,77,21.8,1
STU1659,21,77,72,75,18.7,1
STU1660,19,91,81,67,19.0,1
STU1661,17,54,62,67,12.1,1
STU1662,18,59,67,62,12.9,1
STU1663,17,52,48,49,2.5,0
STU1664,20,61,46,57,10.3,1
STU1665,21,60,70,63,19.4,1
STU1666,20,59,73,70,11.3,1
STU1667,19,39,47,56,3.5,0
STU1668,20,79,65,70,16.8,1
STU1669,15,34,56,43,4.5,0
STU1670,18,75,81,82,20.2,1
STU1671,21,45,54,63,8.5,1
STU1672,15,100,87,76,23.8,1
STU1673,17,47,51,52,5.4,1
STU1674,16,44,45,52,6.4,0
STU1675,16,40,47,42,2.7,0
STU1676,21,63,65,60,9.4,1
STU1677,15,67,71,74,14.8,1
STU1678,21,33,42,50,3.0,0
STU1679,17,47,50,56,5.9,1
STU1680,17,51,45,56,4.7,1
STU1681,18,87,68,68,19.6,1
STU1682,18,56,59,73,12.5,1
STU1683,21,64,56,55,8.3,1
STU1684,21,57,59,62,13.5,1
STU1685,18,84,73,75,21.1,1
STU1686,15,66,84,74,20.4,1
STU1687,17,37,53,53,6.1,0
STU1688,21,98,82,76,23.2,1
STU1689,18,83,79,83,22.4,1
STU1690,18,61,76,75,16.5,1
STU1691,20,61,74,61,14.1,1
STU1692,17,82,79,78,21.4,1
STU1693,17,61,57,56,10.2,1
STU1694,17,67,71,63,15.5,1
STU1695,20,80,86,78,24.6,1
STU1696,20,81,64,69,13.0,1
STU1697,20,99,88,71,24.2,1
STU1698,16,70,75,65,16.9,1
STU1699,18,65,62,60,11.7,1
STU1700,17,84,70,62,15.1,1
STU1701,18,61,66,75,13.8,1
STU1702,15,72,62,62,13.4,1
STU1703,16,84,66,69,15.5,1
STU1704,18,89,95,82,21.2,1
STU1705,17,64,70,69,17.9,1
STU1706,18,52,55,53,9.0,1
STU1707,17,100,93,87,24.9,1
STU1708,15,84,71,74,18.2,1
STU1709,15,93,75,74,20.9,1
STU1710,15,38,45,52,5.5,0
STU1711,16,37,43,49,4.0,0
STU1712,21,72,60,65,11.9,1
STU1713,15,52,62,55,3.9,1
STU1714,19,80,100,81,24.4,1
STU1715,17,34,43,49,2.2,0
STU1716,20,51,69,62,12.2,1
STU1717,20,73,77,74,19.0,1
STU1718,15,85,87,75,22.5,1
STU1719,20,38,44,51,3.4,0
STU1720,17,59,58,68,15.2,1
STU1721,20,78,66,75,17.3,1
STU1722,16,75,70,75,18.4,1
STU1723,15,45,42,48,5.4,0
STU1724,15,58,60,55,10.5,1
STU1725,18,94,80,79,24.9,1
STU1726,20,66,65,57,13.8,1
STU1727,15,68,70,62,15.8,1
STU1728,17,53,48,61,9.0,1
STU1729,21,76,75,65,19.0,1
STU1730,21,76,69,63,15.9,1
STU1731,17,48,36,49,4.1,0
STU1732,20,92,95,79,22.5,1
STU1733,20,59,59,65,9.1,1
STU1734,21,52,71,69,12.9,1
STU1735,18,67,67,58,15.5,1
STU1736,18,47,52,53,7.9,1
STU1737,16,46,51,44,3.4,0
STU1738,19,68,68,59,15.5,1
STU1739,18,44,48,50,3.5,0
STU1740,21,78,62,66,16.6,1
STU1741,17,79,64,66,17.0,1
STU1742,19,64,63,66,15.0,1
STU1743,18,50,55,56,6.8,1
STU1744,16,63,69,73,12.6,1
STU1745,18,72,66,74,14.8,1
STU1746,19,53,47,47,2.7,0
STU1747,21,78,87,76,20.7,1
STU1748,21,62,65,65,16.1,1
STU1749,20,70,80,77,18.3,1
STU1750,18,33,55,46,5.9,0
STU1751,20,35,40,52,3.5,0
STU1752,20,44,42,57,2.5,0
STU1753,17,65,56,65,11.9,1
STU1754,17,86,82,81,23.1,1
STU1755,17,56,56,59,9.1,1
STU1756,17,76,87,72,21.3,1
STU1757,19,79,71,57,16.3,1
STU1758,15,78,84,74,20.0,1
STU1759,21,62,80,71,15.8,1
STU1760,17,75,61,64,15.5,1
STU1761,19,46,56,48,12.2,1
STU1762,21,59,52,60,10.2,1
STU1763,15,67,51,64,13.9,1
STU1764,17,54,58,50,6.5,1
STU1765,17,69,68,61,16.2,1
STU1766,16,81,69,58,13.1,1
STU1767,15,51,51,62,10.3,1
STU1768,19,47,51,59,7.7,1
STU1769,20,76,87,76,20.1,1
STU1770,18,70,91,75,18.0,1
STU1771,21,71,63,64,14.3,1
STU1772,15,36,55,53,5.9,0
STU1773,20,66,60,49,10.6,1
STU1774,19,71,67,67,16.9,1
STU1775,21,59,52,56,10.6,1
STU1776,18,61,65,64,13.8,1
STU1777,15,39,50,59,6.1,0
STU1778,20,39,41,50,3.8,0
STU1779,20,43,60,57,9.6,1
STU1780,19,83,79,66,19.4,1
STU1781,19,82,81,60,19.4,1
STU1782,20,55,67,65,11.6,1
STU1783,20,78,83,79,21.2,1
STU1784,17,69,70,60,15.5,1
STU1785,18,46,39,51,4.5,0
STU1786,15,83,79,76,23.0,1
STU1787,15,55,47,53,6.0,1
STU1788,15,65,66,68,10.9,1
STU1789,16,82,70,62,15.9,1
STU1790,19,57,57,48,9.6,1
STU1791,18,49,65,51,10.0,1
STU1792,18,68,64,67,12.5,1
STU1793,21,57,52,58,5.6,1
STU1794,21,63,62,65,14.7,1
STU1795,20,72,71,64,17.5,1
STU1796,20,77,83,77,23.1,1
STU1797,18,39,50,54,5.2,0
STU1798,17,49,52,55,6.1,1
STU1799,20,69,64,55,9.1,1
STU1800,18,43,55,50,2.6,0
STU1801,19,40,44,57,4.5,0
STU1802,15,44,45,50,7.3,0
STU1803,15,37,37,55,3.5,0
STU1804,21,69,79,76,18.0,1
STU1805,17,49,44,48,2.4,0
STU1806,15,64,46,61,7.3,1
STU1807,15,46,46,44,5.2,0
STU1808,18,73,82,79,19.0,1
STU1809,20,84,82,82,20.7,1
STU1810,16,68,69,60,16.0,1
STU1811,16,81,87,72,23.6,1
STU1812,18,68,72,68,18.7,1
STU1813,18,83,83,78,24.3,1
STU1814,19,93,67,72,18.9,1
STU1815,20,46,46,53,6.0,0
STU1816,20,58,68,69,12.8,1
STU1817,18,59,63,56,9.1,1
STU1818,18,89,88,82,23.3,1
STU1819,17,62,72,70,15.9,1
STU1820,20,79,63,70,15.5,1
STU1821,17,68,68,66,13.5,1
STU1822,21,44,54,57,5.3,1
STU1823,16,44,51,45,6.1,0
STU1824,16,53,58,56,6.3,1
STU1825,21,70,57,66,16.6,1
STU1826,21,52,57,58,8.1,1
STU1827,17,79,77,67,20.8,1
STU1828,20,67,64,59,11.2,1
STU1829,21,62,63,66,12.9,1
STU1830,18,50,58,54,7.4,1
STU1831,20,89,79,77,22.8,1
STU1832,21,64,71,78,18.5,1
STU1833,19,37,56,53,7.5,0
STU1834,16,83,76,82,23.4,1
STU1835,19,71,69,76,16.6,1
STU1836,15,66,75,71,16.8,1
STU1837,21,57,60,58,12.1,1
STU1838,16,69,66,69,19.1,1
STU1839,20,73,85,69,23.5,1
STU1840,17,81,81,81,21.3,1
STU1841,20,36,47,55,2.8,0
STU1842,20,81,70,65,21.1,1
STU1843,21,54,51,54,7.2,1
STU1844,18,59,63,65,11.0,1
STU1845,16,48,59,56,9.4,1
STU1846,16,61,55,61,7.0,1
STU1847,21,39,46,46,5.9,0
STU1848,17,68,64,68,15.6,1
STU1849,20,91,85,76,24.8,1
STU1850,18,57,59,61,10.4,1
STU1851,17,62,77,65,18.0,1
STU1852,20,89,84,82,22.9,1
STU1853,19,84,86,67,21.3,1
STU1854,15,50,54,49,6.2,1
STU1855,16,65,75,64,17.0,1
STU1856,19,42,43,53,5.9,0
STU1857,20,77,67,70,20.9,1
STU1858,16,74,68,66,18.8,1
STU1859,17,64,66,74,17.6,1
STU1860,19,82,71,76,17.1,1
STU1861,15,84,87,77,24.2,1
STU1862,15,54,64,52,10.3,1
STU1863,16,44,49,59,10.7,1
STU1864,20,64,61,73,15.2,1
STU1865,19,77,69,61,15.7,1
STU1866,20,66,49,58,8.1,1
STU1867,18,48,39,41,6.2,0
STU1868,17,57,62,59,11.3,1
STU1869,20,46,53,44,5.1,0
STU1870,19,65,84,74,19.2,1
STU1871,16,83,70,75,17.5,1
STU1872,15,58,56,63,11.7,1
STU1873,17,66,74,62,13.1,1
STU1874,15,45,42,47,2.1,0
STU1875,19,72,78,75,22.7,1
STU1876,16,69,69,62,14.3,1
STU1877,18,82,70,73,19.1,1
STU1878,18,63,69,70,13.2,1
STU1879,21,58,52,63,10.9,1
STU1880,17,44,60,53,8.5,1
STU1881,15,87,92,79,21.9,1
STU1882,16,60,47,52,6.3,1
STU1883,16,84,83,79,23.4,1
STU1884,17,51,65,65,11.8,1
STU1885,15,45,42,45,3.2,0
STU1886,18,55,65,62,10.4,1
STU1887,21,70,63,69,15.5,1
STU1888,15,83,58,67,15.5,1
STU1889,20,70,60,60,12.9,1
STU1890,21,91,73,82,21.6,1
STU1891,15,47,51,52,5.8,1
STU1892,19,77,73,64,19.9,1
STU1893,21,65,63,60,13.8,1
STU1894,19,38,56,61,7.5,0
STU1895,15,78,66,66,16.9,1
STU1896,15,70,71,75,14.4,1
STU1897,20,63,67,75,15.9,1
STU1898,18,35,36,48,5.6,0
STU1899,16,71,76,76,20.8,1
STU1900,16,44,55,49,3.7,0
STU1901,21,45,46,45,2.3,0
STU1902,16,48,40,50,3.3,0
STU1903,16,35,41,52,2.0,0
STU1904,20,75,87,75,20.9,1
STU1905,15,86,83,78,22.6,1
STU1906,20,76,79,69,17.8,1
STU1907,17,83,68,71,20.6,1
STU1908,20,71,81,71,20.3,1
STU1909,21,55,64,64,10.9,1
STU1910,21,95,86,78,23.7,1
STU1911,16,60,63,67,10.8,1
STU1912,16,54,66,53,10.3,1
STU1913,21,64,79,81,21.6,1
STU1914,20,46,49,47,4.4,0
STU1915,16,47,42,58,3.8,0
STU1916,20,86,83,79,23.8,1
STU1917,16,52,52,48,2.2,1
STU1918,18,83,88,71,23.4,1
STU1919,21,81,82,67,19.2,1
STU1920,21,50,59,54,10.8,1
STU1921,21,74,81,78,21.5,1
STU1922,17,45,52,61,6.3,1
STU1923,15,52,56,65,9.2,1
STU1924,16,66,77,73,18.2,1
STU1925,19,77,80,70,20.3,1
STU1926,20,76,82,74,17.0,1
STU1927,21,61,48,53,9.9,1
STU1928,21,78,81,69,17.7,1
STU1929,17,43,45,56,5.7,0
STU1930,18,94,96,77,24.5,1
STU1931,18,72,88,78,21.7,1
STU1932,17,95,82,70,22.2,1
STU1933,19,51,60,59,11.2,1
STU1934,21,66,61,66,12.7,1
STU1935,17,73,59,65,12.5,1
STU1936,21,56,53,58,10.3,1
STU1937,20,61,68,45,12.4,1
STU1938,17,44,50,43,5.8,0
STU1939,17,90,89,67,23.0,1
STU1940,19,74,64,66,16.2,1
STU1941,15,93,87,82,24.7,1
STU1942,20,60,67,70,14.6,1
STU1943,18,49,61,61,11.5,1
STU1944,18,72,59,73,10.8,1
STU1945,21,52,49,51,4.3,1
STU1946,20,52,55,52,8.7,1
STU1947,15,63,71,63,10.1,1
STU1948,17,79,80,79,20.0,1
STU1949,20,79,77,58,15.8,1
STU1950,20,58,50,58,6.0,1
STU1951,20,63,63,58,15.3,1
STU1952,19,77,86,76,23.2,1
STU1953,17,51,64,52,6.3,1
STU1954,15,57,48,57,8.3,1
STU1955,17,48,60,55,8.0,1
STU1956,16,71,66,70,17.8,1
STU1957,17,89,87,71,24.9,1
STU1958,16,34,48,51,7.0,0
STU1959,20,57,67,64,14.7,1
STU1960,16,64,59,50,6.6,1
STU1961,20,72,78,66,13.2,1
STU1962,18,32,58,50,6.6,0
STU1963,19,79,75,78,21.0,1
STU1964,15,48,59,48,6.9,1
STU1965,17,86,85,72,22.7,1
STU1966,19,98,87,81,23.8,1
STU1967,21,54,56,53,9.4,1
STU1968,18,59,43,55,7.4,1
STU1969,15,46,51,50,3.6,0
STU1970,19,41,59,46,3.1,0
STU1971,20,68,88,79,22.8,1
STU1972,17,37,51,46,3.7,0
STU1973,18,43,54,61,4.8,1
STU1974,20,46,42,48,4.8,0
STU1975,17,64,67,80,18.4,1
STU1976,15,84,79,80,24.4,1
STU1977,21,94,89,76,23.7,1
STU1978,19,69,63,51,13.8,1
STU1979,20,43,47,50,4.3,0
STU1980,17,51,55,51,8.1,1
STU1981,15,22,42,45,3.1,0
STU1982,19,61,58,57,13.4,1
STU1983,20,58,72,60,11.3,1
STU1984,16,50,61,59,10.0,1
STU1985,18,90,65,67,19.0,1
STU1986,18,35,47,50,5.3,0
STU1987,20,68,76,78,19.5,1
STU1988,15,89,75,69,20.8,1
STU1989,20,56,59,54,9.7,1
STU1990,21,69,46,60,10.1,1
STU1991,18,44,44,47,2.7,0
STU1992,17,69,82,89,22.2,1
STU1993,18,76,62,77,15.6,1
STU1994,15,44,67,69,12.0,1
STU1995,20,51,45,46,5.4,0
STU1996,15,73,72,71,20.4,1
STU1997,15,48,56,37,3.1,0
STU1998,18,62,69,74,15.5,1
STU1999,18,72,55,57,11.2,1
STU2000,16,43,59,48,8.9,1
STU2001,18,45,48,48,4.2,0
STU2002,18,59,76,58,11.7,1
STU2003,19,93,80,67,22.9,1
STU2004,18,88,88,72,20.6,1
STU2005,17,84,59,66,15.0,1
STU2006,20,49,64,51,6.7,1
STU2007,15,81,87,71,20.5,1
STU2008,15,80,73,81,21.2,1
STU2009,21,68,66,70,16.1,1
STU2010,19,78,69,79,19.1,1
STU2011,20,46,53,52,8.3,1
STU2012,15,84,69,65,15.0,1
STU2013,17,31,48,55,2.2,0
STU2014,19,45,49,58,3.4,1
STU2015,17,74,79,76,20.1,1
STU2016,20,59,73,66,14.1,1
STU2017,15,44,48,51,2.7,0
STU2018,16,100,91,69,24.6,1
STU2019,15,46,42,42,2.9,0
STU2020,16,90,82,77,24.7,1
STU2021,16,63,67,57,12.0,1
STU2022,20,71,73,65,16.8,1
STU2023,19,88,91,75,21.6,1
STU2024,19,48,58,62,8.9,1
STU2025,20,62,54,54,10.2,1
STU2026,19,63,67,60,13.5,1
STU2027,17,62,66,72,17.0,1
STU2028,21,79,75,61,17.3,1
STU2029,16,53,54,68,8.2,1
STU2030,19,65,60,65,16.0,1
STU2031,16,60,56,68,11.9,1
STU2032,16,63,55,64,9.9,1
STU2033,15,84,79,81,24.8,1
STU2034,17,42,51,56,5.0,0
STU2035,20,56,65,66,18.9,1
STU2036,19,79,76,61,22.5,1
STU2037,18,49,59,50,8.4,1
STU2038,16,35,39,47,2.8,0
STU2039,18,52,53,60,10.8,1
STU2040,15,89,88,79,22.9,1
STU2041,15,63,55,60,9.8,1
STU2042,15,68,77,59,14.7,1
STU2043,17,37,44,52,4.0,0
STU2044,20,60,47,64,7.8,1
STU2045,21,47,41,52,6.1,0
STU2046,16,61,70,67,11.4,1
STU2047,17,66,67,79,19.6,1
STU2048,15,76,61,58,14.7,1
STU2049,15,60,58,62,13.8,1
STU2050,17,36,47,54,5.3,0
STU2051,17,78,76,68,16.3,1
STU2052,16,61,65,60,10.7,1
STU2053,19,83,79,67,20.4,1
STU2054,16,51,44,57,9.6,1
STU2055,19,79,67,62,13.6,1
STU2056,21,96,91,83,24.7,1
STU2057,15,46,42,57,3.9,0
STU2058,20,33,48,50,4.3,0
STU2059,20,70,70,68,14.8,1
STU2060,18,91,80,83,22.9,1
STU2061,20,79,79,71,19.6,1
STU2062,19,57,55,57,8.4,1
STU2063,19,80,78,69,21.4,1
STU2064,19,80,77,75,22.2,1
STU2065,16,56,58,65,8.6,1
STU2066,20,53,71,56,12.2,1
STU2067,17,83,75,79,20.5,1
STU2068,15,63,79,79,18.3,1
STU2069,20,34,42,59,2.8,0
STU2070,17,47,50,47,5.0,0
STU2071,18,63,66,63,14.8,1
STU2072,20,65,70,58,10.0,1
STU2073,19,57,63,65,10.2,1
STU2074,20,63,61,69,11.8,1
STU2075,20,46,50,53,7.4,0
STU2076,18,42,47,49,8.0,0
STU2077,16,63,70,67,15.2,1
STU2078,20,33,42,50,2.5,0
STU2079,15,63,58,68,13.9,1
STU2080,21,44,51,57,5.7,1
STU2081,19,59,58,63,11.2,1
STU2082,17,83,70,64,19.2,1
STU2083,20,76,85,60,19.5,1
STU2084,21,65,64,60,11.0,1
STU2085,20,66,64,63,15.3,1
STU2086,20,66,64,60,14.3,1
STU2087,15,54,62,52,11.1,1
STU2088,15,44,38,50,4.2,0
STU2089,19,67,73,76,19.5,1
STU2090,21,48,50,43,2.1,0
STU2091,17,62,73,68,12.6,1
STU2092,15,62,63,52,10.6,1
STU2093,16,71,77,72,16.4,1
STU2094,17,66,62,60,16.1,1
STU2095,20,60,55,63,10.5,1
STU2096,17,68,51,61,11.6,1
STU2097,15,72,83,64,16.4,1
STU2098,21,65,64,55,11.8,1
STU2099,15,72,79,64,18.8,1
STU2100,19,85,66,76,15.9,1
STU2101,16,54,51,55,5.8,1
STU2102,19,72,86,64,19.5,1
STU2103,17,80,74,64,14.2,1
STU2104,20,59,46,59,4.8,1
STU2105,16,43,51,60,10.8,1
STU2106,17,56,51,60,9.6,1
STU2107,20,72,75,74,18.2,1
STU2108,19,71,57,71,16.5,1
STU2109,18,73,83,78,21.2,1
STU2110,21,50,45,62,6.5,1
STU2111,17,74,76,64,13.9,1
STU2112,15,52,60,58,6.0,1
STU2113,19,52,63,58,10.1,1
STU2114,15,41,53,55,6.2,0
STU2115,20,79,94,75,23.7,1
STU2116,17,42,48,57,6.1,0
STU2117,17,51,52,61,8.0,1
STU2118,21,77,71,70,16.5,1
STU2119,21,70,77,69,17.7,1
STU2120,16,65,55,61,12.8,1
STU2121,19,82,68,71,22.7,1
STU2122,17,67,77,69,16.9,1
STU2123,18,52,66,62,12.9,1
STU2124,16,87,73,78,19.6,1
STU2125,15,42,54,57,5.8,1
STU2126,19,70,68,76,19.3,1
STU2127,16,65,59,60,12.6,1
STU2128,16,80,73,68,17.7,1
STU2129,20,49,52,60,6.9,1
STU2130,17,82,76,72,19.6,1
STU2131,19,46,40,48,2.6,0
STU2132,19,91,72,67,19.3,1
STU2133,17,54,54,59,10.8,1
STU2134,18,45,45,55,6.1,0
STU2135,21,34,42,45,2.3,0
STU2136,18,51,65,61,11.7,1
STU2137,20,57,58,60,9.7,1
STU2138,17,90,85,83,23.8,1
STU2139,18,44,43,59,8.5,0
STU2140,17,69,71,67,17.5,1
STU2141,15,54,61,61,10.2,1
STU2142,21,86,81,80,22.8,1
STU2143,21,89,75,75,22.3,1
STU2144,16,70,70,66,15.1,1
STU2145,18,56,55,55,8.3,1
STU2146,17,52,54,51,8.3,1
STU2147,20,53,50,64,9.3,1
STU2148,20,70,70,58,15.7,1
STU2149,16,66,70,65,12.6,1
STU2150,17,49,39,49,3.9,0
STU2151,16,64,72,59,16.4,1
STU2152,21,43,43,52,4.8,0
STU2153,16,62,60,64,11.6,1
STU2154,19,60,70,70,14.2,1
STU2155,15,62,63,71,14.3,1
STU2156,20,32,45,49,2.7,0
STU2157,15,48,57,53,9.5,1
STU2158,21,76,76,59,17.0,1
STU2159,16,66,63,62,12.9,1
STU2160,16,88,87,70,24.4,1
STU2161,15,80,76,67,19.2,1
STU2162,17,85,86,78,22.3,1
STU2163,18,76,74,66,18.5,1
STU2164,21,81,65,62,15.3,1
STU2165,18,36,52,51,6.8,0
STU2166,18,55,50,60,9.6,1
STU2167,17,75,84,71,23.7,1
STU2168,20,55,46,59,5.0,1
STU2169,16,58,66,62,15.4,1
STU2170,16,69,52,76,15.5,1
STU2171,18,56,48,44,6.0,0
STU2172,21,38,51,50,4.8,0
STU2173,20,42,49,51,4.3,0
STU2174,17,85,81,65,20.3,1
STU2175,20,81,73,75,21.1,1
STU2176,19,74,81,67,22.3,1
STU2177,19,66,67,65,13.2,1
STU2178,16,55,60,58,9.6,1
STU2179,20,63,68,73,14.9,1
STU2180,16,57,46,56,6.1,1
STU2181,15,70,73,67,19.5,1
STU2182,19,53,47,51,6.8,1
STU2183,20,56,54,59,5.6,1
STU2184,21,79,93,72,21.2,1
STU2185,19,55,53,51,11.1,1
STU2186,17,71,77,84,21.1,1
STU2187,19,60,65,55,13.6,1
STU2188,15,82,74,72,20.0,1
STU2189,18,50,54,48,5.1,1
STU2190,17,69,64,69,15.2,1
STU2191,21,57,51,52,8.7,1
STU2192,18,50,62,66,10.3,1
STU2193,19,50,77,61,12.1,1
STU2194,20,43,39,56,3.5,0
STU2195,18,75,66,68,16.0,1
STU2196,20,65,75,61,15.2,1
STU2197,18,34,41,50,2.4,0
STU2198,18,78,68,66,17.0,1
STU2199,19,80,67,64,15.8,1
STU2200,17,46,57,53,5.8,1
STU2201,19,49,48,54,4.8,1
STU2202,16,39,52,52,6.8,0
STU2203,21,42,50,55,4.3,0
STU2204,21,52,54,58,11.0,1
STU2205,16,40,40,48,6.1,0
STU2206,21,51,43,48,5.6,0
STU2207,21,42,39,53,8.1,0
STU2208,19,40,46,52,5.9,0
STU2209,19,68,59,55,12.1,1
STU2210,21,77,77,69,21.6,1
STU2211,19,40,50,51,4.4,0
STU2212,17,70,80,77,19.5,1
STU2213,15,89,74,65,20.3,1
STU2214,21,65,60,52,9.9,1
STU2215,19,70,63,51,12.1,1
STU2216,21,73,64,59,14.6,1
STU2217,20,41,39,47,2.6,0
STU2218,15,88,94,68,24.2,1
STU2219,19,71,68,75,15.8,1
STU2220,17,53,55,60,5.7,1
STU2221,18,90,88,76,21.7,1
STU2222,20,69,84,57,16.1,1
STU2223,20,61,60,58,11.6,1
STU2224,19,79,92,76,23.7,1
STU2225,20,64,77,68,15.8,1
STU2226,21,82,91,76,22.9,1
STU2227,20,89,70,71,17.9,1
STU2228,21,82,80,86,21.5,1
STU2229,17,65,67,68,16.7,1
STU2230,16,71,79,70,15.6,1
STU2231,18,83,80,69,16.0,1
STU2232,19,55,54,68,11.7,1
STU2233,19,35,49,53,2.9,0
STU2234,16,58,30,44,2.6,0
STU2235,15,62,61,61,9.5,1
STU2236,20,53,63,61,9.4,1
STU2237,21,85,83,83,24.2,1
STU2238,16,56,53,64,8.1,1
STU2239,20,66,63,77,16.8,1
STU2240,16,76,80,71,18.5,1
STU2241,16,49,65,61,12.2,1
STU2242,16,42,61,54,7.6,1
STU2243,19,41,49,59,6.4,0
STU2244,17,70,71,65,18.3,1
STU2245,16,49,43,54,4.2,0
STU2246,17,68,70,60,15.2,1
STU2247,21,66,81,67,18.2,1
STU2248,16,83,88,76,24.7,1
STU2249,19,78,87,81,23.8,1
STU2250,15,77,75,69,19.8,1
STU2251,20,55,55,54,10.9,1
STU2252,20,57,59,58,11.9,1
STU2253,15,62,57,67,9.8,1
STU2254,15,44,59,60,9.5,1
STU2255,19,35,63,60,7.0,0
STU2256,20,88,86,91,21.5,1
STU2257,21,92,81,72,23.6,1
STU2258,15,75,63,56,13.4,1
STU2259,17,51,64,64,7.7,1
STU2260,21,71,82,75,21.3,1
STU2261,19,74,64,67,14.0,1
STU2262,20,60,64,71,11.8,1
STU2263,20,47,52,45,3.3,0
STU2264,15,58,67,61,14.3,1
STU2265,16,47,44,52,4.3,0
STU2266,18,55,47,66,6.7,1
STU2267,18,95,72,74,17.6,1
STU2268,21,92,85,73,22.7,1
STU2269,18,48,44,52,5.0,0
STU2270,20,49,49,64,7.9,1
STU2271,18,49,52,47,6.6,0
STU2272,15,82,79,64,19.5,1
STU2273,15,74,82,66,17.2,1
STU2274,18,52,47,46,6.6,0
STU2275,18,36,46,42,2.6,0
STU2276,17,46,47,48,3.3,0
STU2277,15,65,78,70,17.7,1
STU2278,21,78,81,81,22.9,1
STU2279,17,92,94,83,24.5,1
STU2280,17,70,75,67,16.7,1
STU2281,19,84,72,74,21.6,1
STU2282,18,57,56,55,12.7,1
STU2283,19,62,64,55,6.5,1
STU2284,18,54,59,55,10.6,1
STU2285,21,82,66,65,22.0,1
STU2286,15,70,65,70,18.0,1
STU2287,18,72,66,74,15.2,1
STU2288,18,68,66,62,9.3,1
STU2289,17,44,58,62,6.7,1
STU2290,21,59,53,58,12.3,1
STU2291,19,62,64,64,11.4,1
STU2292,15,65,75,67,17.3,1
STU2293,16,75,78,64,19.6,1
STU2294,20,61,67,60,15.0,1
STU2295,21,49,46,54,3.9,0
STU2296,17,86,91,77,24.6,1
STU2297,21,75,73,64,17.1,1
STU2298,18,47,36,47,2.8,0
STU2299,17,76,77,70,18.5,1
STU2300,21,50,50,59,5.0,1
STU2301,17,85,91,73,22.0,1
STU2302,21,74,78,71,17.3,1
STU2303,18,72,78,74,20.2,1
STU2304,17,84,74,72,18.8,1
STU2305,15,68,65,72,18.2,1
STU2306,19,67,69,70,16.7,1
STU2307,16,34,52,57,3.5,0
STU2308,15,91,91,88,24.5,1
STU2309,20,79,80,78,21.3,1
STU2310,20,50,49,49,6.4,0
STU2311,21,78,84,81,23.7,1
STU2312,15,89,86,73,22.1,1
STU2313,21,63,69,67,17.2,1
STU2314,17,49,49,55,6.5,1
STU2315,18,79,84,82,23.8,1
STU2316,15,90,80,80,24.0,1
STU2317,19,67,62,56,8.5,1
STU2318,16,100,92,75,23.7,1
STU2319,21,51,53,59,9.6,1
STU2320,21,58,38,54,7.7,0
STU2321,17,43,43,61,3.9,0
STU2322,17,68,74,64,18.4,1
STU2323,19,57,67,71,13.1,1
STU2324,19,67,78,67,15.9,1
STU2325,18,57,65,58,11.7,1
STU2326,16,60,62,69,12.3,1
STU2327,16,74,75,64,18.2,1
STU2328,19,39,36,54,2.6,0
STU2329,17,75,72,56,15.0,1
STU2330,17,52,58,59,9.8,1
STU2331,18,75,70,74,18.0,1
STU2332,18,37,45,55,3.0,0
STU2333,15,69,60,64,13.7,1
STU2334,15,53,64,70,15.4,1
STU2335,20,66,64,70,16.3,1
STU2336,16,52,61,58,9.5,1
STU2337,16,43,54,59,4.6,1
STU2338,17,100,85,79,21.2,1
STU2339,17,48,46,55,7.0,0
STU2340,20,74,89,72,21.7,1
STU2341,19,80,89,73,24.1,1
STU2342,17,85,85,72,19.7,1
STU2343,15,71,78,67,18.7,1
STU2344,18,40,45,46,2.7,0
STU2345,18,41,63,58,6.7,1
STU2346,19,87,81,77,23.9,1
STU2347,16,59,62,60,10.6,1
STU2348,17,65,89,67,19.6,1
STU2349,16,53,58,61,9.7,1
STU2350,19,64,72,69,16.6,1
STU2351,19,67,76,74,17.3,1
STU2352,18,70,64,67,14.0,1
STU2353,20,58,81,73,16.8,1
STU2354,15,65,71,67,18.0,1
STU2355,21,71,85,70,19.8,1
STU2356,20,66,64,76,15.7,1
STU2357,19,41,43,61,3.0,0
STU2358,18,83,84,78,19.3,1
STU2359,18,71,71,79,19.5,1
STU2360,15,66,54,66,12.5,1
STU2361,18,49,49,50,4.2,0
STU2362,16,66,52,66,12.7,1
STU2363,18,48,54,52,8.7,1
STU2364,15,67,55,58,10.9,1
STU2365,21,79,71,78,17.7,1
STU2366,18,70,62,63,13.4,1
STU2367,18,66,65,58,14.8,1
STU2368,20,53,53,54,6.5,1
STU2369,15,46,41,55,7.3,0
STU2370,21,50,49,46,5.2,0
STU2371,20,85,48,69,16.4,1
STU2372,20,53,51,65,10.3,1
STU2373,19,76,80,83,21.2,1
STU2374,16,58,69,71,15.8,1
STU2375,20,37,35,60,2.9,0
STU2376,21,87,97,80,23.8,1
STU2377,19,40,51,60,5.2,1
STU2378,16,56,46,58,9.2,1
STU2379,17,72,75,75,15.7,1
STU2380,16,70,64,70,17.8,1
STU2381,20,72,78,58,18.6,1
STU2382,21,58,59,64,13.4,1
STU2383,19,35,47,46,3.7,0
STU2384,19,62,71,65,15.4,1
STU2385,16,35,53,49,4.8,0
STU2386,16,71,74,60,16.2,1
STU2387,17,74,78,68,19.5,1
STU2388,18,50,49,50,7.1,0
STU2389,17,60,68,61,12.0,1
STU2390,18,86,84,80,21.6,1
STU2391,15,73,67,68,13.5,1
STU2392,20,67,69,62,17.7,1
STU2393,16,63,61,60,10.7,1
STU2394,15,57,60,66,13.3,1
STU2395,21,40,46,56,6.5,0
STU2396,19,84,59,66,18.0,1
STU2397,19,54,50,52,3.5,1
STU2398,18,93,88,80,23.7,1
STU2399,15,60,62,55,8.2,1
STU2400,19,86,84,74,23.4,1
STU2401,21,62,69,73,16.0,1
STU2402,16,75,69,70,16.7,1
STU2403,19,84,78,76,18.7,1
STU2404,21,83,74,71,19.2,1
STU2405,16,41,37,52,3.7,0
STU2406,21,85,73,64,16.7,1
STU2407,18,63,57,65,11.2,1
STU2408,16,91,74,73,22.6,1
STU2409,18,29,47,44,3.8,0
STU2410,17,71,78,70,23.2,1
STU2411,21,67,63,73,16.1,1
STU2412,21,76,65,60,13.2,1
STU2413,18,78,79,72,18.8,1
STU2414,16,33,40,42,3.0,0
STU2415,17,100,76,69,24.8,1
STU2416,21,78,77,77,22.7,1
STU2417,21,76,84,70,18.5,1
STU2418,19,41,61,63,8.9,1
STU2419,21,85,82,71,20.0,1
STU2420,19,52,51,64,9.6,1
STU2421,21,58,58,60,11.9,1
STU2422,18,75,76,72,21.5,1
STU2423,15,37,58,50,4.3,0
STU2424,17,84,91,80,24.6,1
STU2425,17,60,52,60,9.6,1
STU2426,19,44,44,50,3.6,0
STU2427,16,80,78,70,17.8,1
STU2428,20,66,81,72,20.7,1
STU2429,15,44,39,57,3.8,0
STU2430,19,51,60,49,7.5,1
STU2431,18,69,70,63,17.1,1
STU2432,18,68,70,67,17.1,1
STU2433,21,66,73,62,15.0,1
STU2434,20,52,57,56,10.3,1
STU2435,20,78,75,70,17.1,1
STU2436,20,77,79,71,20.4,1
STU2437,20,86,95,75,24.2,1
STU2438,20,93,82,80,21.6,1
STU2439,19,98,97,80,23.6,1
STU2440,19,52,47,51,6.9,1
STU2441,16,38,39,50,2.3,0
STU2442,17,62,69,65,17.5,1
STU2443,19,85,68,71,16.7,1
STU2444,19,84,65,70,19.6,1
STU2445,21,44,43,56,4.1,0
STU2446,18,94,84,82,24.8,1
STU2447,19,77,80,75,19.8,1
STU2448,20,72,53,52,7.2,1
STU2449,16,85,85,71,22.7,1
STU2450,15,98,86,72,24.3,1
STU2451,19,71,72,75,18.7,1
STU2452,21,27,45,54,4.5,0
STU2453,15,81,93,78,24.6,1
STU2454,17,75,79,65,19.7,1
STU2455,21,68,70,65,14.5,1
STU2456,18,74,74,72,19.3,1
STU2457,18,47,40,45,3.0,0
STU2458,16,78,73,60,16.9,1
STU2459,16,88,71,84,19.0,1
STU2460,19,83,79,65,20.3,1
STU2461,16,78,88,75,21.0,1
STU2462,19,74,84,82,21.7,1
STU2463,16,82,84,77,19.2,1
STU2464,20,50,40,53,2.9,0
STU2465,21,73,73,71,18.0,1
STU2466,17,52,61,51,9.5,1
STU2467,16,47,66,60,11.0,1
STU2468,15,51,60,53,7.8,1
STU2469,17,41,50,48,5.2,0
STU2470,18,57,52,56,6.6,1
STU2471,19,70,68,70,13.7,1
STU2472,20,55,70,56,11.3,1
STU2473,19,57,50,64,11.7,1
STU2474,20,82,79,70,20.5,1
STU2475,16,62,63,58,9.5,1
STU2476,19,28,38,41,2.4,0
STU2477,19,100,84,90,24.9,1
STU2478,16,57,42,54,4.2,1
STU2479,21,51,40,43,7.5,0
STU2480,21,58,73,57,11.5,1
STU2481,17,93,71,79,23.5,1
STU2482,21,57,46,46,5.6,0
STU2483,20,63,71,57,12.3,1
STU2484,21,57,56,55,8.9,1
STU2485,20,81,79,77,21.4,1
STU2486,20,67,67,71,14.0,1
STU2487,19,80,95,70,21.2,1
STU2488,21,51,72,58,14.3,1
STU2489,20,72,69,63,15.4,1
STU2490,15,76,60,61,13.7,1
STU2491,17,56,45,59,8.0,1
STU2492,21,54,54,59,7.1,1
STU2493,20,76,84,66,19.5,1
STU2494,21,78,80,76,19.1,1
STU2495,19,65,70,78,16.9,1
STU2496,21,45,45,57,8.7,0
STU2497,19,91,87,76,22.9,1
STU2498,18,36,42,46,2.6,0
STU2499,19,45,45,63,5.4,1
STU2500,17,63,77,70,17.2,1
STU2501,16,54,53,61,7.5,1
STU2502,16,39,40,53,3.5,0
STU2503,19,89,87,75,23.1,1
STU2504,16,59,66,62,13.9,1
STU2505,15,42,54,56,5.3,1
STU2506,17,54,58,56,11.4,1
STU2507,19,55,54,60,11.9,1
STU2508,21,40,48,51,3.0,0
STU2509,21,83,80,80,23.0,1
STU2510,19,79,88,81,23.1,1
STU2511,20,86,73,71,24.4,1
STU2512,17,83,72,70,15.5,1
STU2513,18,83,76,73,18.6,1
STU2514,16,51,64,72,13.3,1
STU2515,18,74,76,70,19.4,1
STU2516,21,75,63,67,14.1,1
STU2517,19,81,83,74,23.3,1
STU2518,19,50,44,54,4.8,0
STU2519,15,49,57,51,3.8,1
STU2520,17,48,62,58,7.2,1
STU2521,16,75,80,70,20.7,1
STU2522,17,76,57,58,11.6,1
STU2523,21,32,64,55,10.4,0
STU2524,15,94,82,89,23.7,1
STU2525,18,46,53,49,5.5,0
STU2526,17,65,51,58,10.2,1
STU2527,18,80,70,64,19.6,1
STU2528,15,40,53,51,4.7,0
STU2529,16,45,52,56,7.4,1
STU2530,17,90,82,79,24.8,1
STU2531,21,58,54,58,5.8,1
STU2532,18,94,87,82,22.0,1
STU2533,21,84,82,77,24.6,1
STU2534,19,49,44,51,7.7,0
STU2535,21,44,37,57,6.5,0
STU2536,16,76,79,73,19.9,1
STU2537,20,35,52,51,4.7,0
STU2538,20,86,81,72,17.2,1
STU2539,15,67,81,77,21.2,1
STU2540,16,66,50,53,11.3,1
STU2541,19,57,60,64,10.7,1
STU2542,16,83,81,65,19.6,1
STU2543,21,55,66,63,9.1,1
STU2544,18,83,78,82,22.9,1
STU2545,21,83,78,81,21.7,1
STU2546,17,40,47,50,3.2,0
STU2547,18,62,73,74,16.4,1
STU2548,19,39,55,50,8.5,0
STU2549,20,60,49,51,5.0,1
STU2550,15,100,89,79,24.6,1
STU2551,16,79,80,78,23.9,1
STU2552,15,52,47,50,6.7,0
STU2553,21,67,66,62,13.8,1
STU2554,16,72,58,64,12.3,1
STU2555,19,48,61,53,9.4,1
STU2556,15,46,46,53,7.4,0
STU2557,20,76,71,60,13.8,1
STU2558,19,84,74,85,23.4,1
STU2559,18,46,62,46,7.4,1
STU2560,17,55,59,60,11.4,1
STU2561,19,73,84,73,18.5,1
STU2562,18,46,54,58,7.4,1
STU2563,20,59,50,53,10.0,1
STU2564,19,87,88,77,24.7,1
STU2565,19,89,88,80,24.0,1
STU2566,21,65,71,68,14.6,1
STU2567,20,74,67,72,15.8,1
STU2568,20,70,63,69,16.0,1
STU2569,21,70,75,84,19.3,1
STU2570,16,42,54,49,2.6,0
STU2571,16,84,81,78,21.7,1
STU2572,19,68,75,70,15.3,1
STU2573,21,44,51,59,7.5,1
STU2574,15,58,78,63,17.5,1
STU2575,18,63,74,70,15.7,1
STU2576,16,92,78,70,17.7,1
STU2577,18,43,49,51,5.8,0
STU2578,19,55,54,56,6.0,1
STU2579,15,51,53,48,7.1,1
STU2580,17,36,55,45,2.4,0
STU2581,20,72,68,70,16.3,1
STU2582,17,46,52,52,6.8,1
STU2583,20,50,48,58,6.0,1
STU2584,17,49,57,50,3.1,1
STU2585,21,70,77,74,20.2,1
STU2586,15,86,62,62,15.9,1
STU2587,19,80,75,74,21.7,1
STU2588,17,84,87,61,21.9,1
STU2589,16,61,72,64,13.3,1
STU2590,19,48,57,57,11.7,1
STU2591,15,95,84,77,24.3,1
STU2592,20,77,90,73,22.2,1
STU2593,16,37,35,48,2.1,0
STU2594,15,48,58,60,8.5,1
STU2595,16,58,68,61,13.5,1
STU2596,20,82,59,79,18.2,1
STU2597,15,72,73,66,19.0,1
STU2598,17,56,61,67,13.3,1
STU2599,20,41,55,44,4.0,0
STU2600,17,64,60,62,14.9,1
STU2601,16,73,69,65,18.8,1
STU2602,15,56,66,63,12.5,1
STU2603,16,95,77,80,24.0,1
STU2604,20,55,60,57,11.5,1
STU2605,16,39,56,61,7.4,0
STU2606,16,62,56,58,9.4,1
STU2607,18,66,53,69,8.7,1
STU2608,19,83,76,66,18.5,1
STU2609,20,84,83,75,22.7,1
STU2610,17,46,44,54,5.2,0
STU2611,16,54,52,53,6.0,1
STU2612,19,68,65,57,12.1,1
STU2613,15,74,68,77,20.4,1
STU2614,18,47,35,52,3.5,0
STU2615,20,96,79,78,23.7,1
STU2616,21,39,51,54,6.5,0
STU2617,15,41,37,55,5.3,0
STU2618,18,72,85,66,19.3,1
STU2619,15,41,53,57,5.0,1
STU2620,19,84,81,71,19.5,1
STU2621,19,29,46,48,2.3,0
STU2622,21,46,65,58,8.5,1
STU2623,17,84,72,74,21.8,1
STU2624,21,73,76,70,15.6,1
STU2625,20,59,73,69,15.1,1
STU2626,18,40,46,49,4.7,0
STU2627,16,59,51,50,6.9,1
STU2628,15,50,53,51,5.8,1
STU2629,18,44,69,53,7.2,1
STU2630,21,59,35,61,5.6,0
STU2631,21,56,69,66,16.7,1
STU2632,17,57,55,56,10.6,1
STU2633,15,45,49,44,3.0,0
STU2634,17,72,77,73,19.6,1
STU2635,20,46,58,52,10.4,1
STU2636,18,56,60,59,12.4,1
STU2637,17,58,60,56,13.3,1
STU2638,17,66,65,57,14.2,1
STU2639,21,80,84,68,19.9,1
STU2640,15,79,66,71,14.1,1
STU2641,18,36,47,53,4.3,0
STU2642,16,77,77,65,14.5,1
STU2643,17,74,72,66,16.9,1
STU2644,18,81,66,63,15.6,1
STU2645,18,79,94,79,24.0,1
STU2646,21,45,55,61,6.0,1
STU2647,19,67,65,61,12.3,1
STU2648,21,89,77,80,22.8,1
STU2649,20,81,70,78,20.5,1
STU2650,19,55,65,58,13.6,1
STU2651,15,78,84,79,20.8,1
STU2652,19,85,85,72,19.0,1
STU2653,17,70,53,53,12.9,1
STU2654,15,86,89,69,23.5,1
STU2655,19,69,63,86,22.8,1
STU2656,20,64,68,69,16.6,1
STU2657,18,55,41,49,3.0,0
STU2658,18,63,62,57,10.1,1
STU2659,19,89,86,74,23.3,1
STU2660,19,55,56,57,11.9,1
STU2661,18,55,65,50,5.3,1
STU2662,16,43,40,46,2.0,0
STU2663,21,67,59,60,14.1,1
STU2664,16,42,53,46,6.9,0
STU2665,15,91,77,75,22.9,1
STU2666,21,50,50,63,6.4,1
STU2667,16,77,74,74,18.1,1
STU2668,15,82,76,83,21.9,1
STU2669,18,82,73,71,16.4,1
STU2670,19,61,68,55,11.1,1
STU2671,17,83,87,78,24.5,1
STU2672,20,51,60,46,3.4,1
STU2673,18,90,87,80,24.4,1
STU2674,15,45,43,49,3.1,0
STU2675,16,44,47,48,3.1,0
STU2676,18,48,49,43,8.0,0
STU2677,19,62,62,65,12.4,1
STU2678,18,77,84,74,22.1,1
STU2679,19,66,63,55,10.0,1
STU2680,21,72,82,69,20.4,1
STU2681,19,27,47,49,3.5,0
STU2682,19,51,66,49,4.9,1
STU2683,15,83,95,86,23.4,1
STU2684,18,31,35,50,3.8,0
STU2685,17,75,65,60,18.0,1
STU2686,20,77,70,74,19.3,1
STU2687,17,67,67,64,17.0,1
STU2688,21,84,68,81,18.9,1
STU2689,16,78,68,70,17.3,1
STU2690,21,42,48,57,3.7,0
STU2691,18,93,88,84,24.1,1
STU2692,19,53,77,64,13.6,1
STU2693,18,61,55,55,12.1,1
STU2694,17,47,48,54,8.0,0
STU2695,19,67,59,82,16.2,1
STU2696,20,65,66,69,17.4,1
STU2697,21,63,68,66,14.4,1
STU2698,17,78,67,51,13.1,1
STU2699,21,81,74,79,18.8,1
STU2700,19,62,66,52,12.3,1
STU2701,19,57,76,64,13.5,1
STU2702,19,63,64,66,14.8,1
STU2703,18,55,52,53,4.6,1
STU2704,18,65,78,69,18.4,1
STU2705,15,78,85,77,23.1,1
STU2706,18,68,56,54,8.4,1
STU2707,19,57,67,55,9.3,1
STU2708,20,68,72,81,15.5,1
STU2709,17,91,80,71,22.0,1
STU2710,19,54,57,57,8.2,1
STU2711,18,64,68,66,14.6,1
STU2712,19,60,73,65,12.6,1
STU2713,19,41,55,51,3.7,0
STU2714,15,34,52,55,5.1,0
STU2715,15,67,54,57,9.0,1
STU2716,15,67,77,75,17.4,1
STU2717,17,48,42,43,4.1,0
STU2718,18,58,64,61,9.7,1
STU2719,16,46,40,44,4.4,0
STU2720,19,50,54,61,4.9,1
STU2721,15,75,82,81,23.6,1
STU2722,21,58,65,71,12.8,1
STU2723,15,41,55,45,3.3,0
STU2724,18,43,37,53,7.5,0
STU2725,15,82,71,71,20.1,1
STU2726,21,68,79,72,17.1,1
STU2727,15,32,51,41,2.8,0
STU2728,21,63,49,63,9.2,1
STU2729,18,75,68,70,15.6,1
STU2730,20,49,43,51,4.0,0
STU2731,21,69,68,72,18.7,1
STU2732,16,79,62,73,17.7,1
STU2733,16,70,66,62,11.7,1
STU2734,20,89,94,86,24.9,1
STU2735,21,65,55,60,8.9,1
STU2736,18,68,69,69,16.3,1
STU2737,17,82,85,72,22.8,1
STU2738,15,88,84,81,24.9,1
STU2739,21,58,41,52,8.8,1
STU2740,15,86,89,78,22.5,1
STU2741,17,32,51,54,4.6,0
STU2742,15,52,59,62,12.1,1
STU2743,17,76,77,63,18.3,1
STU2744,20,78,71,70,16.3,1
STU2745,19,56,48,65,8.9,1
STU2746,16,80,81,79,24.1,1
STU2747,17,49,58,70,10.9,1
STU2748,21,58,66,67,14.6,1
STU2749,16,74,71,62,17.2,1
STU2750,16,50,56,57,9.7,1
STU2751,18,69,71,63,14.4,1
STU2752,17,52,52,62,7.6,1
STU2753,15,63,52,58,8.5,1
STU2754,18,53,63,61,9.2,1
STU2755,15,77,82,75,22.3,1
STU2756,15,79,63,62,18.0,1
STU2757,19,70,78,77,18.7,1
STU2758,19,42,44,51,4.2,0
STU2759,18,51,51,62,5.9,1
STU2760,16,74,64,63,13.0,1
STU2761,17,67,81,72,21.9,1
STU2762,17,75,58,61,14.3,1
STU2763,17,66,63,62,8.4,1
STU2764,20,43,30,48,2.3,0
STU2765,16,67,79,64,18.0,1
STU2766,18,40,59,59,7.8,1
STU2767,21,60,65,51,12.1,1
STU2768,20,30,37,54,2.5,0
STU2769,18,67,57,59,8.9,1
STU2770,16,72,61,66,15.1,1
STU2771,19,93,90,71,22.4,1
STU2772,18,76,82,75,23.4,1
STU2773,21,76,85,69,20.0,1
STU2774,21,43,49,49,6.3,0
STU2775,16,68,71,70,12.0,1
STU2776,17,39,65,64,8.1,0
STU2777,18,90,74,76,23.8,1
STU2778,20,59,54,56,9.2,1
STU2779,16,83,65,81,18.6,1
STU2780,17,61,71,71,14.2,1
STU2781,18,36,48,52,2.6,0
STU2782,20,89,81,74,22.6,1
STU2783,21,48,60,61,8.2,1
STU2784,17,40,41,59,4.9,0
STU2785,17,69,64,68,13.7,1
STU2786,18,64,65,55,11.1,1
STU2787,20,63,64,61,15.5,1
STU2788,15,51,59,58,8.9,1
STU2789,21,68,63,61,12.5,1
STU2790,15,48,56,48,3.8,1
STU2791,21,79,90,87,24.3,1
STU2792,20,58,68,58,13.5,1
STU2793,16,49,54,53,7.1,1
STU2794,18,36,46,42,2.1,0
STU2795,19,50,50,46,3.4,0
STU2796,17,45,46,54,6.3,0
STU2797,19,81,75,66,17.9,1
STU2798,19,62,46,60,10.0,1
STU2799,18,72,85,82,20.0,1
STU2800,16,80,94,70,22.9,1
STU2801,19,64,81,63,15.9,1
STU2802,16,49,62,48,7.2,1
STU2803,21,100,90,73,24.1,1
STU2804,17,77,68,77,16.8,1
STU2805,21,71,70,67,16.5,1
STU2806,16,52,53,57,6.8,1
STU2807,16,59,64,62,10.0,1
STU2808,17,51,52,65,11.3,1
STU2809,20,78,78,76,20.2,1
STU2810,15,73,77,75,21.0,1
STU2811,20,46,50,46,3.6,0
STU2812,19,80,75,76,21.0,1
STU2813,18,85,94,77,24.5,1
STU2814,19,88,80,76,23.5,1
STU2815,18,82,86,64,20.5,1
STU2816,16,67,61,64,9.1,1
STU2817,19,67,77,59,15.0,1
STU2818,18,44,49,54,7.3,0
STU2819,19,89,86,77,24.2,1
STU2820,15,69,61,72,16.5,1
STU2821,17,48,46,53,6.2,0
STU2822,15,56,45,56,5.2,1
STU2823,17,83,74,62,15.2,1
STU2824,15,50,51,53,7.9,1
STU2825,19,76,80,61,19.0,1
STU2826,16,47,57,56,9.4,1
STU2827,19,46,60,62,5.7,1
STU2828,19,90,78,76,21.3,1
STU2829,17,74,86,75,19.3,1
STU2830,15,71,64,72,11.1,1
STU2831,17,62,65,76,15.3,1
STU2832,16,38,48,49,5.4,0
STU2833,19,75,74,66,17.4,1
STU2834,15,87,91,67,24.2,1
STU2835,17,56,49,59,6.4,1
STU2836,16,46,44,51,2.9,0
STU2837,15,78,76,80,20.9,1
STU2838,19,56,64,61,11.0,1
STU2839,15,50,51,55,8.0,1
STU2840,16,87,79,72,23.5,1
STU2841,17,56,65,58,12.5,1
STU2842,19,69,69,61,11.6,1
STU2843,19,80,77,68,20.2,1
STU2844,15,38,58,56,8.9,0
STU2845,21,51,58,52,9.7,1
STU2846,19,85,82,82,24.8,1
STU2847,18,64,56,61,10.4,1
STU2848,21,51,53,60,9.2,1
STU2849,21,59,60,61,13.2,1
STU2850,21,72,71,60,15.4,1
STU2851,18,78,84,71,20.7,1
STU2852,15,65,67,65,16.3,1
STU2853,18,56,76,70,16.5,1
STU2854,18,60,56,57,11.1,1
STU2855,19,72,67,74,19.7,1
STU2856,20,89,78,65,16.1,1
STU2857,20,88,86,74,23.4,1
STU2858,19,55,50,56,9.3,1
STU2859,16,72,63,70,14.8,1
STU2860,17,81,65,73,15.6,1
STU2861,21,57,46,45,6.5,0
STU2862,19,80,56,60,13.5,1
STU2863,21,60,70,67,13.7,1
STU2864,19,68,76,69,18.1,1
STU2865,18,84,78,72,23.2,1
STU2866,18,44,69,54,10.0,1
STU2867,15,54,59,61,9.4,1
STU2868,16,59,56,71,12.0,1
STU2869,20,71,78,74,19.6,1
STU2870,16,36,47,64,6.7,0
STU2871,16,44,51,48,3.5,0
STU2872,18,70,63,59,14.5,1
STU2873,17,89,68,73,19.3,1
STU2874,18,62,60,65,12.2,1
STU2875,18,57,55,54,8.5,1
STU2876,19,41,46,57,5.2,0
STU2877,18,98,81,75,23.6,1
STU2878,19,56,44,49,8.4,0
STU2879,15,49,62,56,7.0,1
STU2880,17,93,79,79,23.5,1
STU2881,16,53,50,59,8.2,1
STU2882,19,68,77,83,19.6,1
STU2883,16,74,81,88,21.7,1
STU2884,16,48,46,45,6.9,0
STU2885,19,98,77,72,23.0,1
STU2886,21,54,44,52,4.5,1
STU2887,19,85,88,81,21.5,1
STU2888,19,74,73,60,13.0,1
STU2889,18,93,67,79,19.4,1
STU2890,21,60,74,67,17.0,1
STU2891,18,89,86,77,23.1,1
STU2892,20,56,60,55,8.9,1
STU2893,21,57,70,55,11.2,1
STU2894,16,55,64,54,9.1,1
STU2895,18,60,68,64,16.5,1
STU2896,21,60,72,72,16.2,1
STU2897,20,69,76,68,17.6,1
STU2898,19,51,48,54,6.5,1
STU2899,16,64,54,65,11.2,1
STU2900,17,58,55,50,8.7,1
STU2901,19,61,64,74,15.8,1
STU2902,16,89,71,77,22.1,1
STU2903,20,78,58,68,12.9,1
STU2904,21,78,81,64,17.6,1
STU2905,19,47,50,54,6.4,1
STU2906,20,89,85,73,23.0,1
STU2907,15,58,54,54,7.3,1
STU2908,18,65,71,74,14.8,1
STU2909,18,87,86,67,22.1,1
STU2910,17,64,66,60,13.5,1
STU2911,19,69,59,59,12.1,1
STU2912,15,44,47,56,5.8,0
STU2913,18,63,70,66,13.4,1
STU2914,20,74,74,71,17.5,1
STU2915,20,83,83,76,21.8,1
STU2916,17,46,53,64,9.1,1
STU2917,17,59,93,62,19.8,1
STU2918,21,60,71,59,12.6,1
STU2919,19,45,53,50,6.7,0
STU2920,15,77,88,76,22.1,1
STU2921,15,66,73,62,13.8,1
STU2922,19,62,63,58,12.9,1
STU2923,17,75,75,71,18.8,1
STU2924,18,68,72,69,17.8,1
STU2925,16,51,73,68,15.6,1
STU2926,18,66,75,69,16.5,1
STU2927,19,67,80,65,15.7,1
STU2928,15,64,72,62,14.4,1
STU2929,19,69,90,77,19.9,1
STU2930,18,55,56,55,5.9,1
STU2931,21,58,69,73,14.0,1
STU2932,21,71,79,74,16.5,1
STU2933,17,81,73,67,19.3,1
STU2934,16,64,57,61,11.8,1
STU2935,18,82,87,85,21.5,1
STU2936,21,77,67,65,18.6,1
STU2937,19,95,67,72,21.8,1
STU2938,21,38,40,40,2.5,0
STU2939,21,71,76,68,15.4,1
STU2940,15,49,57,55,7.6,1
STU2941,19,67,80,73,18.5,1
STU2942,15,85,86,76,22.8,1
STU2943,17,67,62,67,13.7,1
STU2944,20,39,46,53,9.7,0
STU2945,15,66,67,65,17.0,1
STU2946,20,82,78,60,16.1,1
STU2947,21,70,69,57,17.0,1
STU2948,20,52,60,61,11.5,1
STU2949,16,32,32,48,2.2,0
STU2950,20,49,58,54,8.0,1
STU2951,15,69,68,74,15.2,1
STU2952,20,87,86,85,23.2,1
STU2953,21,57,48,52,8.2,1
STU2954,15,69,72,63,16.8,1
STU2955,21,95,72,69,20.9,1
STU2956,19,85,82,74,22.7,1
STU2957,20,46,51,57,7.4,1
STU2958,15,83,87,76,23.7,1
STU2959,21,40,52,56,5.8,0
STU2960,17,56,67,65,12.4,1
STU2961,15,61,70,65,15.0,1
STU2962,15,88,84,84,24.0,1
STU2963,16,38,49,51,6.1,0
STU2964,20,66,69,70,16.9,1
STU2965,18,41,46,42,2.3,0
STU2966,21,59,45,56,7.4,1
STU2967,18,60,64,71,12.9,1
STU2968,15,39,36,45,2.6,0
STU2969,19,83,79,72,20.7,1
STU2970,15,46,57,56,2.6,1
STU2971,15,58,59,57,12.5,1
STU2972,15,63,64,71,16.9,1
STU2973,20,74,80,82,23.0,1
STU2974,15,39,51,61,6.8,0
STU2975,15,74,92,70,17.0,1
STU2976,17,77,70,78,21.0,1
STU2977,15,40,63,57,5.9,1
STU2978,19,63,70,57,11.8,1
STU2979,15,47,66,65,13.8,1
STU2980,18,58,55,54,8.7,1
STU2981,21,75,73,61,14.2,1
STU2982,18,85,73,67,23.7,1
STU2983,18,71,74,79,17.8,1
STU2984,18,65,69,57,12.4,1
STU2985,18,86,85,76,20.4,1
STU2986,18,46,54,56,6.6,1
STU2987,15,70,68,62,14.5,1
STU2988,15,47,46,44,2.5,0
STU2989,15,70,84,73,18.6,1
STU2990,20,52,62,42,8.0,1
STU2991,15,27,42,49,3.6,0
STU2992,19,63,85,66,16.0,1
STU2993,15,45,49,47,4.2,0
STU2994,16,70,66,59,13.8,1
STU2995,17,83,82,82,22.8,1
STU2996,18,37,54,45,2.4,0
STU2997,20,62,62,66,11.6,1
STU2998,15,44,42,47,3.4,0
STU2999,15,51,52,47,2.7,1
STU3000,20,84,79,89,22.8,1
STU3001,18,51,57,70,11.6,1
STU3002,16,73,82,74,24.2,1
STU3003,15,68,84,81,19.2,1
STU3004,18,83,91,78,23.5,1
STU3005,21,55,65,58,8.2,1
STU3006,17,24,48,46,2.3,0
STU3007,16,51,61,54,9.1,1
STU3008,15,66,62,54,9.7,1
STU3009,21,44,65,53,6.0,1
STU3010,19,37,53,47,3.8,0
STU3011,19,79,89,73,20.1,1
STU3012,21,51,51,59,11.7,1
STU3013,15,85,92,81,24.8,1
STU3014,21,78,71,68,18.7,1
STU3015,20,83,68,78,18.8,1
STU3016,15,30,47,61,3.8,0
STU3017,19,64,64,65,11.5,1
STU3018,15,68,74,72,18.6,1
STU3019,18,54,51,52,9.8,1
STU3020,21,82,73,82,21.3,1
STU3021,18,43,49,55,4.6,0
STU3022,21,61,60,52,5.6,1
STU3023,16,74,60,65,13.2,1
STU3024,18,83,86,66,21.9,1
STU3025,16,48,57,51,6.9,1
STU3026,18,72,77,63,14.7,1
STU3027,20,37,46,44,4.7,0
STU3028,15,58,62,55,7.0,1
STU3029,21,51,52,53,8.7,1
STU3030,21,81,71,67,20.6,1
STU3031,19,75,75,71,21.8,1
STU3032,17,69,92,76,19.7,1
STU3033,18,44,55,54,7.7,1
STU3034,21,39,49,49,4.3,0
STU3035,18,89,87,71,21.6,1
STU3036,16,44,62,49,8.8,1
STU3037,18,43,56,46,5.3,0
STU3038,21,73,64,69,17.0,1
STU3039,18,47,68,59,8.8,1
STU3040,16,59,66,60,14.9,1
STU3041,17,88,80,90,24.9,1
STU3042,16,58,62,55,13.0,1
STU3043,16,82,82,81,22.5,1
STU3044,19,91,80,78,24.9,1
STU3045,15,45,58,48,10.0,1
STU3046,18,92,92,77,23.9,1
STU3047,18,73,63,63,13.5,1
STU3048,20,68,65,74,21.8,1
STU3049,20,81,83,70,21.3,1
STU3050,21,57,51,58,8.8,1
STU3051,16,36,43,44,2.7,0
STU3052,19,85,76,67,20.3,1
STU3053,15,78,85,82,22.0,1
STU3054,21,35,44,44,2.9,0
STU3055,21,49,44,53,4.6,0
STU3056,21,83,78,83,23.4,1
STU3057,15,66,61,70,18.1,1
STU3058,19,43,50,45,4.7,0
STU3059,18,72,62,64,12.4,1
STU3060,16,57,70,70,15.5,1
STU3061,19,67,62,55,12.0,1
STU3062,16,51,39,54,3.0,0
STU3063,16,48,48,57,7.7,1
STU3064,21,83,80,83,24.4,1
STU3065,18,56,74,64,15.4,1
STU3066,16,65,76,64,15.6,1
STU3067,19,55,34,52,3.3,0
STU3068,15,39,42,48,4.7,0
STU3069,16,47,41,48,3.5,0
STU3070,21,36,42,50,4.2,0
STU3071,18,27,48,60,4.9,0
STU3072,18,50,55,60,7.8,1
STU3073,17,50,55,53,9.3,1
STU3074,21,47,50,58,5.2,1
STU3075,16,54,57,56,8.0,1
STU3076,21,57,58,61,7.9,1
STU3077,19,52,62,68,13.1,1
STU3078,19,60,58,53,11.9,1
STU3079,20,77,67,77,13.6,1
STU3080,17,79,73,73,18.1,1
STU3081,18,47,46,54,4.9,0
STU3082,19,60,55,66,11.0,1
STU3083,20,58,48,70,11.3,1
STU3084,15,77,81,78,21.6,1
STU3085,16,80,78,78,21.1,1
STU3086,21,43,39,47,3.2,0
STU3087,20,44,52,56,7.3,1
STU3088,17,85,79,72,21.2,1
STU3089,15,100,90,72,23.2,1
STU3090,17,40,39,57,2.2,0
STU3091,20,49,55,44,4.6,0
STU3092,18,52,60,61,8.9,1
STU3093,18,73,63,66,12.8,1
STU3094,17,77,70,69,15.9,1
STU3095,16,51,48,50,8.9,0
STU3096,16,51,56,54,8.2,1
STU3097,19,48,52,62,10.5,1
STU3098,20,42,47,37,2.3,0
STU3099,19,48,38,44,2.4,0
STU3100,17,67,59,63,13.2,1
STU3101,17,52,52,55,8.3,1
STU3102,21,47,63,48,10.1,1
STU3103,21,58,39,50,3.5,0
STU3104,15,78,89,76,23.6,1
STU3105,18,78,69,62,16.9,1
STU3106,15,48,59,50,9.8,1
STU3107,18,63,68,63,17.3,1
STU3108,19,80,77,70,16.8,1
STU3109,16,59,71,69,13.6,1
STU3110,16,67,72,57,9.0,1
STU3111,18,51,54,49,2.6,1
STU3112,15,77,80,67,18.0,1
STU3113,15,65,76,57,11.4,1
STU3114,19,75,72,67,15.4,1
STU3115,16,65,49,63,13.3,1
STU3116,15,72,63,69,14.3,1
STU3117,20,90,79,82,23.9,1
STU3118,15,62,55,55,8.5,1
STU3119,19,57,66,54,9.8,1
STU3120,19,64,86,79,19.1,1
STU3121,21,75,74,77,19.0,1
STU3122,18,84,87,68,23.9,1
STU3123,17,87,82,71,22.3,1
STU3124,15,31,39,46,4.6,0
STU3125,19,53,51,46,2.7,1
STU3126,19,89,90,78,23.8,1
STU3127,17,76,86,77,23.9,1
STU3128,21,62,63,60,12.9,1
STU3129,17,36,52,58,8.5,0
STU3130,19,89,66,81,17.7,1
STU3131,16,87,86,87,24.0,1
STU3132,16,73,66,64,16.0,1
STU3133,16,73,65,69,18.1,1
STU3134,17,79,81,64,17.6,1
STU3135,20,66,65,65,15.1,1
STU3136,21,60,55,63,12.7,1
STU3137,21,77,84,71,22.4,1
STU3138,19,43,50,47,5.0,0
STU3139,19,91,97,88,24.7,1
STU3140,16,56,57,59,9.4,1
STU3141,21,58,63,57,12.0,1
STU3142,19,72,70,75,19.2,1
STU3143,18,75,87,87,23.4,1
STU3144,20,43,54,60,7.2,1
STU3145,15,70,75,72,15.6,1
STU3146,20,69,73,67,16.9,1
STU3147,21,56,49,57,4.4,1
STU3148,21,50,48,48,2.8,0
STU3149,15,85,83,82,23.5,1
STU3150,21,60,60,49,8.7,1
STU3151,17,44,56,54,7.2,1
STU3152,18,59,63,57,13.3,1
STU3153,21,62,76,67,15.2,1
STU3154,16,58,54,53,13.9,1
STU3155,17,65,75,61,14.6,1
STU3156,15,100,83,83,23.2,1
STU3157,21,66,61,56,12.8,1
STU3158,21,64,68,72,14.4,1
STU3159,21,52,36,49,4.2,0
STU3160,19,72,57,63,17.3,1
STU3161,17,53,55,47,4.7,1
STU3162,21,90,77,79,23.6,1
STU3163,17,69,66,69,16.5,1
STU3164,18,51,53,58,8.5,1
STU3165,17,82,80,80,21.6,1
STU3166,18,92,88,94,24.8,1
STU3167,17,76,85,74,21.9,1
STU3168,17,68,59,58,14.4,1
STU3169,15,67,68,62,15.7,1
STU3170,18,67,71,69,17.6,1
STU3171,21,45,49,61,3.3,1
STU3172,19,52,66,57,9.8,1
STU3173,21,49,71,55,11.4,1
STU3174,20,57,67,61,14.3,1
STU3175,16,47,63,69,12.0,1
STU3176,19,43,46,56,4.7,0
STU3177,20,65,71,66,15.7,1
STU3178,20,61,69,59,14.3,1
STU3179,16,35,49,53,3.0,0
STU3180,15,52,46,50,4.9,0
STU3181,21,53,41,51,5.9,0
STU3182,21,56,60,64,11.4,1
STU3183,18,83,80,78,22.7,1
STU3184,16,75,73,68,17.6,1
STU3185,18,66,66,67,15.2,1
STU3186,19,57,55,58,8.1,1
STU3187,20,46,48,55,3.8,0
STU3188,16,59,66,64,11.9,1
STU3189,18,54,67,69,14.6,1
STU3190,16,86,78,64,21.7,1
STU3191,20,67,69,61,13.0,1
STU3192,21,61,62,58,14.9,1
STU3193,20,41,39,62,6.3,0
STU3194,15,30,45,52,5.1,0
STU3195,19,69,64,74,14.1,1
STU3196,16,79,84,77,22.6,1
STU3197,15,37,43,45,2.1,0
STU3198,20,97,81,85,24.1,1
STU3199,16,58,61,61,14.8,1
STU3200,15,65,83,64,18.7,1
STU3201,15,81,78,68,17.5,1
STU3202,17,60,64,63,15.1,1
STU3203,19,50,56,60,6.8,1
STU3204,21,71,76,70,14.5,1
STU3205,16,86,76,68,20.9,1
STU3206,18,60,49,66,4.3,1
STU3207,17,71,68,64,16.2,1
STU3208,16,78,79,76,21.0,1
STU3209,16,50,52,57,6.7,1
STU3210,15,65,58,65,10.9,1
STU3211,19,97,90,78,24.4,1
STU3212,17,72,70,64,15.0,1
STU3213,21,67,60,58,14.5,1
STU3214,17,93,81,76,22.7,1
STU3215,18,60,57,63,9.4,1
STU3216,18,43,54,60,8.3,1
STU3217,15,55,57,50,10.2,1
STU3218,19,64,71,67,16.1,1
STU3219,17,67,78,79,20.9,1
STU3220,17,37,57,54,5.5,0
STU3221,16,51,48,55,2.7,1
STU3222,21,78,74,67,16.0,1
STU3223,17,56,48,57,11.0,1
STU3224,17,83,97,93,24.7,1
STU3225,19,84,71,68,21.1,1
STU3226,21,79,81,81,21.7,1
STU3227,21,63,56,57,9.2,1
STU3228,15,80,66,71,17.1,1
STU3229,19,69,68,53,9.4,1
STU3230,16,55,59,52,7.6,1
STU3231,17,45,56,58,5.8,1
STU3232,20,32,34,54,2.1,0
STU3233,18,72,70,63,16.3,1
STU3234,18,66,69,65,16.4,1
STU3235,21,78,78,73,18.4,1
STU3236,15,69,66,74,16.4,1
STU3237,20,40,45,41,2.9,0
STU3238,15,62,72,64,14.8,1
STU3239,19,44,50,57,6.8,1
STU3240,16,50,43,56,7.5,0
STU3241,21,57,61,58,9.7,1
STU3242,20,74,86,73,20.0,1
STU3243,21,47,51,45,5.4,0
STU3244,20,85,80,76,23.4,1
STU3245,19,64,67,65,16.1,1
STU3246,21,42,49,57,5.9,0
STU3247,20,80,83,82,22.8,1
STU3248,19,58,56,60,8.3,1
STU3249,21,37,48,43,5.5,0
STU3250,18,89,85,69,20.8,1
STU3251,19,71,60,63,12.3,1
STU3252,21,96,83,77,24.8,1
STU3253,18,60,67,59,13.6,1
STU3254,19,91,77,77,22.9,1
STU3255,19,61,55,57,10.5,1
STU3256,20,77,75,68,19.0,1
STU3257,18,70,70,68,18.3,1
STU3258,15,85,95,76,23.2,1
STU3259,17,35,44,48,2.3,0
STU3260,21,92,80,79,23.7,1
STU3261,19,54,59,58,7.9,1
STU3262,21,68,77,65,18.5,1
STU3263,15,61,67,63,14.8,1
STU3264,18,73,89,73,23.9,1
STU3265,15,52,48,49,3.7,0
STU3266,15,58,56,52,9.5,1
STU3267,18,84,89,68,22.9,1
STU3268,16,58,68,50,13.3,1
STU3269,18,87,90,76,22.6,1
STU3270,21,89,87,74,22.3,1
STU3271,20,85,100,78,24.5,1
STU3272,19,84,79,75,22.9,1
STU3273,20,71,75,68,18.0,1
STU3274,20,77,79,70,20.0,1
STU3275,18,70,62,67,17.0,1
STU3276,15,88,69,66,18.6,1
STU3277,18,62,73,65,14.3,1
STU3278,15,47,43,46,3.0,0
STU3279,15,63,55,61,11.4,1
STU3280,21,73,77,70,18.6,1
STU3281,16,51,41,43,3.2,0
STU3282,21,43,47,50,5.2,0
STU3283,15,44,58,64,9.2,1
STU3284,16,53,48,44,6.7,0
STU3285,15,52,60,60,10.6,1
STU3286,20,42,38,40,6.0,0
STU3287,18,71,68,72,17.6,1
STU3288,18,61,53,66,11.8,1
STU3289,17,60,51,59,7.7,1
STU3290,19,69,67,61,14.7,1
STU3291,17,67,74,68,17.8,1
STU3292,16,49,58,55,10.5,1
STU3293,19,83,81,67,18.1,1
STU3294,20,81,74,67,17.9,1
STU3295,20,60,76,71,19.4,1
STU3296,18,94,81,83,23.9,1
STU3297,19,60,59,51,9.6,1
STU3298,19,77,84,77,16.7,1
STU3299,19,37,52,45,3.9,0
STU3300,18,79,78,66,20.5,1
STU3301,18,78,75,69,20.7,1
STU3302,21,64,51,61,6.5,1
STU3303,20,73,74,69,15.3,1
STU3304,21,59,43,55,6.4,1
STU3305,20,45,37,54,3.8,0
STU3306,15,69,62,64,16.3,1
STU3307,19,37,49,54,4.6,0
STU3308,19,57,50,53,8.3,1
STU3309,18,83,72,66,23.1,1
STU3310,19,69,78,68,20.3,1
STU3311,19,47,49,52,4.1,0
STU3312,18,91,81,76,21.6,1
STU3313,16,50,49,48,4.8,0
STU3314,16,85,84,81,24.9,1
STU3315,18,90,72,71,21.3,1
STU3316,20,39,52,59,4.2,0
STU3317,20,46,45,50,4.0,0
STU3318,21,80,90,70,23.4,1
STU3319,16,55,70,59,15.9,1
STU3320,17,49,48,55,5.9,1
STU3321,17,48,51,51,7.0,1
STU3322,16,78,79,81,25.0,1
STU3323,19,56,53,59,8.3,1
STU3324,19,42,56,58,7.1,1
STU3325,17,93,82,70,23.6,1
STU3326,15,60,66,55,12.5,1
STU3327,15,65,75,51,13.0,1
STU3328,15,85,75,80,24.7,1
STU3329,15,90,85,70,22.2,1
STU3330,16,52,63,50,6.4,1
STU3331,16,49,52,60,6.2,1
STU3332,17,91,92,77,25.0,1
STU3333,16,69,67,62,10.6,1
STU3334,21,91,91,75,23.7,1
STU3335,15,69,61,62,15.8,1
STU3336,21,72,84,73,18.4,1
STU3337,20,51,53,58,8.0,1
STU3338,16,44,48,46,4.0,0
STU3339,19,64,80,79,16.8,1
STU3340,18,58,60,66,7.8,1
STU3341,18,80,84,68,20.0,1
STU3342,20,40,44,46,2.0,0
STU3343,20,38,34,38,3.1,0
STU3344,15,52,68,61,11.2,1
STU3345,19,37,46,54,3.3,0
STU3346,16,77,62,68,16.7,1
STU3347,17,88,81,69,20.5,1
STU3348,16,46,55,57,8.9,1
STU3349,17,83,74,72,21.5,1
STU3350,15,55,56,51,7.5,1
STU3351,15,58,58,52,9.4,1
STU3352,16,90,82,74,22.8,1
STU3353,16,75,76,78,21.1,1
STU3354,18,65,55,64,10.8,1
STU3355,17,32,46,49,2.2,0
STU3356,16,49,66,58,10.6,1
STU3357,16,76,76,75,21.4,1
STU3358,19,61,69,54,9.1,1
STU3359,21,61,61,56,9.9,1
STU3360,18,86,81,89,23.1,1
STU3361,18,47,51,53,2.3,1
STU3362,15,84,83,72,23.2,1
STU3363,21,64,62,60,11.6,1
STU3364,18,43,43,44,2.6,0
STU3365,18,43,55,55,4.8,1
STU3366,20,53,60,59,13.8,1
STU3367,15,48,34,50,2.9,0
STU3368,21,54,50,58,7.6,1
STU3369,18,65,55,62,10.7,1
STU3370,18,67,59,61,11.5,1
STU3371,15,80,76,75,19.9,1
STU3372,16,68,68,68,11.9,1
STU3373,21,39,57,57,10.4,0
STU3374,19,53,64,67,8.8,1
STU3375,15,57,65,43,9.1,1
STU3376,21,43,47,51,4.5,0
STU3377,16,83,77,73,19.0,1
STU3378,16,44,58,54,3.7,1
STU3379,21,58,63,56,6.5,1
STU3380,17,93,92,83,24.4,1
STU3381,20,43,41,42,3.2,0
STU3382,16,71,82,74,17.9,1
STU3383,18,54,57,58,6.5,1
STU3384,19,89,93,79,23.1,1
STU3385,20,75,81,69,16.7,1
STU3386,17,76,74,79,23.1,1
STU3387,19,77,82,64,23.4,1
STU3388,20,77,78,70,17.9,1
STU3389,20,81,78,67,19.4,1
STU3390,17,67,73,53,11.3,1
STU3391,15,56,55,57,8.3,1
STU3392,18,62,65,71,13.9,1
STU3393,18,85,86,60,22.6,1
STU3394,18,89,76,83,24.6,1
STU3395,17,71,63,66,15.3,1
STU3396,17,78,78,76,21.9,1
STU3397,18,75,76,73,18.2,1
STU3398,16,61,58,63,10.9,1
STU3399,17,84,89,71,23.4,1
STU3400,16,52,55,54,5.6,1
STU3401,17,64,60,51,9.3,1
STU3402,17,63,53,67,11.8,1
STU3403,20,77,88,71,21.4,1
STU3404,20,63,59,61,13.1,1
STU3405,20,82,97,78,24.2,1
STU3406,21,69,73,62,16.2,1
STU3407,19,66,62,65,12.0,1
STU3408,18,61,69,61,14.1,1
STU3409,16,82,70,76,19.9,1
STU3410,16,65,69,54,11.7,1
STU3411,21,84,75,78,22.9,1
STU3412,20,52,54,60,8.0,1
STU3413,17,69,76,56,13.7,1
STU3414,18,74,67,75,15.1,1
STU3415,18,51,57,61,11.7,1
STU3416,15,43,46,47,2.9,0
STU3417,15,70,66,72,15.6,1
STU3418,20,46,54,57,6.7,1
STU3419,16,87,79,68,20.7,1
STU3420,19,54,38,53,4.6,0
STU3421,17,68,70,62,14.5,1
STU3422,18,57,65,64,11.6,1
STU3423,16,72,76,71,17.5,1
STU3424,16,71,61,61,15.9,1
STU3425,16,55,70,61,12.9,1
STU3426,15,63,57,67,13.7,1
STU3427,16,62,61,72,11.9,1
STU3428,21,70,72,67,16.7,1
STU3429,21,64,66,73,17.9,1
STU3430,19,97,84,76,23.1,1
STU3431,16,81,74,73,20.6,1
STU3432,17,95,93,73,24.4,1
STU3433,21,58,76,58,10.9,1
STU3434,19,73,59,63,12.2,1
STU3435,19,81,71,65,18.2,1
STU3436,15,79,80,74,19.8,1
STU3437,16,77,70,71,15.1,1
STU3438,16,82,85,84,20.9,1
STU3439,18,52,47,59,5.2,1
STU3440,15,56,84,73,18.0,1
STU3441,20,85,91,72,24.1,1
STU3442,18,76,83,71,20.1,1
STU3443,18,75,81,80,17.1,1
STU3444,19,40,49,53,6.6,0
STU3445,18,89,83,72,21.1,1
STU3446,19,81,89,82,22.7,1
STU3447,20,77,88,75,21.1,1
STU3448,19,29,40,50,2.7,0
STU3449,18,62,70,65,12.7,1
STU3450,20,58,65,62,13.3,1
STU3451,17,36,45,55,4.5,0
STU3452,18,79,80,72,15.7,1
STU3453,21,80,66,73,19.4,1
STU3454,21,32,54,51,5.8,0
STU3455,16,74,79,74,20.5,1
STU3456,20,45,68,60,10.1,1
STU3457,15,70,69,68,13.0,1
STU3458,20,44,44,47,2.7,0
STU3459,21,39,43,60,5.2,0
STU3460,20,40,45,53,5.8,0
STU3461,19,91,75,68,24.4,1
STU3462,16,100,82,71,23.2,1
STU3463,20,59,57,59,9.6,1
STU3464,15,60,50,62,9.1,1
STU3465,17,46,49,46,3.1,0
STU3466,17,76,78,75,19.6,1
STU3467,15,79,72,70,19.2,1
STU3468,16,88,93,68,23.1,1
STU3469,17,30,46,52,2.4,0
STU3470,15,81,76,78,22.9,1
STU3471,15,75,76,69,18.8,1
STU3472,18,69,80,74,19.9,1
STU3473,20,40,51,41,3.9,0
STU3474,20,74,89,76,20.6,1
STU3475,17,78,78,87,22.3,1
STU3476,17,67,59,63,11.4,1
STU3477,21,61,65,59,11.8,1
STU3478,17,51,60,58,10.6,1
STU3479,15,87,76,76,19.7,1
STU3480,18,74,82,82,21.3,1
STU3481,16,79,76,73,19.0,1
STU3482,16,31,53,48,3.1,0
STU3483,17,84,76,69,22.0,1
STU3484,21,58,54,49,4.5,1
STU3485,17,59,59,57,11.7,1
STU3486,18,58,67,68,13.5,1
STU3487,18,82,74,80,19.3,1
STU3488,18,85,76,74,23.2,1
STU3489,19,83,83,79,21.5,1
STU3490,17,80,67,73,17.3,1
STU3491,15,62,71,63,17.7,1
STU3492,19,72,77,79,19.0,1
STU3493,15,53,54,57,7.0,1
STU3494,18,78,78,73,18.8,1
STU3495,16,55,61,69,13.1,1
STU3496,19,44,48,46,4.2,0
STU3497,15,64,75,62,14.3,1
STU3498,19,84,69,79,18.8,1
STU3499,18,64,78,72,16.4,1
STU3500,19,55,58,63,17.2,1
STU3501,21,41,60,53,4.2,1
STU3502,19,52,57,63,9.0,1
STU3503,19,89,87,77,21.6,1
STU3504,16,81,81,64,16.8,1
STU3505,20,43,57,56,6.5,1
STU3506,15,56,56,56,9.1,1
STU3507,19,78,89,80,19.9,1
STU3508,21,45,55,42,4.8,0
STU3509,20,54,60,50,6.2,1
STU3510,21,45,46,37,2.9,0
STU3511,20,74,75,67,19.8,1
STU3512,21,82,89,76,20.4,1
STU3513,18,54,75,83,18.0,1
STU3514,15,75,64,65,14.9,1
STU3515,16,54,52,65,9.6,1
STU3516,18,61,63,67,12.4,1
STU3517,20,39,52,63,5.9,0
STU3518,15,66,57,62,11.5,1
STU3519,17,37,60,43,8.7,0
STU3520,17,42,29,48,2.2,0
STU3521,17,53,62,61,11.6,1
STU3522,19,64,64,69,16.3,1
STU3523,17,95,87,78,24.8,1
STU3524,21,75,70,78,19.9,1
STU3525,18,73,81,65,18.4,1
STU3526,15,56,72,61,15.1,1
STU3527,16,49,56,56,8.8,1
STU3528,17,74,69,72,17.5,1
STU3529,19,42,50,56,7.9,0
STU3530,19,88,84,81,23.7,1
STU3531,21,93,86,68,21.6,1
STU3532,21,84,92,78,24.1,1
STU3533,17,70,68,56,12.5,1
STU3534,18,46,59,57,6.9,1
STU3535,18,63,66,70,11.9,1
STU3536,21,93,75,75,21.9,1
STU3537,15,81,94,76,24.2,1
STU3538,17,56,62,63,11.6,1
STU3539,20,56,51,59,8.7,1
STU3540,18,50,66,73,15.2,1
STU3541,16,61,63,67,13.1,1
STU3542,17,86,74,77,20.4,1
STU3543,20,39,52,58,6.0,0
STU3544,16,62,77,59,13.9,1
STU3545,16,38,45,55,2.4,0
STU3546,15,81,62,79,19.5,1
STU3547,17,60,70,62,14.1,1
STU3548,20,64,65,64,15.7,1
STU3549,15,68,72,68,17.5,1
STU3550,15,58,62,59,12.3,1
STU3551,18,46,47,54,6.0,0
STU3552,19,77,65,71,16.1,1
STU3553,17,88,67,59,17.7,1
STU3554,21,56,52,55,7.8,1
STU3555,21,57,50,53,5.5,1
STU3556,17,39,34,41,4.0,0
STU3557,21,47,43,51,2.7,0
STU3558,20,50,59,51,8.7,1
STU3559,15,80,75,67,16.5,1
STU3560,20,78,75,64,19.6,1
STU3561,20,84,74,75,22.4,1
STU3562,20,46,57,56,9.0,1
STU3563,15,52,53,60,8.5,1
STU3564,16,65,68,76,18.3,1
STU3565,15,77,74,71,18.8,1
STU3566,19,70,60,48,11.7,1
STU3567,16,72,72,60,14.7,1
STU3568,21,49,58,61,9.0,1
STU3569,20,50,55,67,7.2,1
STU3570,18,63,54,51,9.1,1
STU3571,17,56,46,56,6.5,1
STU3572,19,53,60,50,10.4,1
STU3573,17,76,71,68,18.2,1
STU3574,19,56,46,59,6.1,1
STU3575,15,69,69,69,14.6,1
STU3576,16,77,72,81,18.2,1
STU3577,15,48,57,52,6.0,1
STU3578,15,58,56,52,9.6,1
STU3579,15,63,60,64,12.3,1
STU3580,18,67,65,66,11.4,1
STU3581,21,59,80,63,14.8,1
STU3582,18,41,59,56,9.1,1
STU3583,20,86,77,82,19.2,1
STU3584,20,48,53,48,5.0,0
STU3585,16,68,66,62,17.0,1
STU3586,16,56,49,53,5.2,1
STU3587,20,52,60,57,6.6,1
STU3588,17,91,73,71,20.5,1
STU3589,20,74,68,78,20.7,1
STU3590,21,56,61,60,11.2,1
STU3591,20,39,54,56,8.0,0
STU3592,19,80,79,86,23.3,1
STU3593,21,41,58,62,7.5,1
STU3594,15,89,83,65,20.4,1
STU3595,15,41,63,61,6.9,1
STU3596,21,86,75,77,24.8,1
STU3597,20,62,71,73,19.3,1
STU3598,15,86,75,80,24.0,1
STU3599,20,56,65,64,11.1,1
STU3600,20,54,55,63,5.4,1
STU3601,16,57,67,63,14.1,1
STU3602,19,62,77,64,13.8,1
STU3603,18,67,61,63,13.6,1
STU3604,17,76,64,67,15.2,1
STU3605,18,46,53,57,9.4,1
STU3606,18,91,86,76,24.2,1
STU3607,21,65,76,65,19.2,1
STU3608,17,71,80,67,20.1,1
STU3609,19,58,77,67,15.8,1
STU3610,21,47,40,61,4.5,0
STU3611,16,57,54,58,9.0,1
STU3612,17,69,66,66,12.0,1
STU3613,16,46,63,64,12.1,1
STU3614,17,51,65,50,9.5,1
STU3615,18,66,76,65,16.6,1
STU3616,21,55,63,61,8.9,1
STU3617,18,76,82,58,19.0,1
STU3618,21,76,83,65,16.9,1
STU3619,19,54,48,53,5.2,1
STU3620,20,61,64,69,13.8,1
STU3621,19,88,84,68,23.6,1
STU3622,17,63,52,58,8.9,1
STU3623,21,59,69,65,17.5,1
STU3624,17,58,55,64,10.7,1
STU3625,20,67,81,77,21.2,1
STU3626,16,81,86,69,18.7,1
STU3627,20,58,51,53,7.5,1
STU3628,18,91,74,83,21.8,1
STU3629,20,59,64,61,14.3,1
STU3630,20,67,66,67,16.6,1
STU3631,17,56,57,62,5.5,1
STU3632,21,61,57,53,9.9,1
STU3633,15,57,61,48,5.6,1
STU3634,16,59,61,49,7.5,1
STU3635,19,87,90,76,24.9,1
STU3636,19,53,58,62,10.0,1
STU3637,15,57,65,69,12.6,1
STU3638,21,73,70,74,16.9,1
STU3639,20,50,52,54,4.3,1
STU3640,19,87,76,72,19.7,1
STU3641,20,85,70,62,20.3,1
STU3642,16,48,51,53,7.3,1
STU3643,16,58,60,68,13.3,1
STU3644,20,80,81,71,19.8,1
STU3645,21,67,60,65,10.4,1
STU3646,21,45,69,52,9.9,1
STU3647,21,63,61,65,14.0,1
STU3648,21,28,55,55,5.7,0
STU3649,16,76,82,66,21.4,1
STU3650,17,56,62,58,8.4,1
STU3651,16,71,70,76,14.7,1
STU3652,19,49,49,54,8.9,1
STU3653,17,87,85,77,24.4,1
STU3654,18,47,43,49,4.5,0
STU3655,20,74,61,59,13.1,1
STU3656,19,80,76,78,21.4,1
STU3657,16,87,79,74,22.4,1
STU3658,18,55,59,60,8.9,1
STU3659,17,100,87,75,20.3,1
STU3660,16,58,67,50,9.7,1
STU3661,20,83,79,76,21.9,1
STU3662,15,75,61,65,12.6,1
STU3663,15,72,63,59,11.7,1
STU3664,15,57,51,55,5.3,1
STU3665,21,62,66,66,16.3,1
STU3666,17,49,68,61,9.8,1
STU3667,21,68,69,73,19.6,1
STU3668,19,22,51,48,2.3,0
STU3669,21,62,54,58,13.2,1
STU3670,20,43,67,61,10.8,1
STU3671,18,47,57,57,10.9,1
STU3672,18,89,84,79,21.7,1
STU3673,16,85,77,68,21.4,1
STU3674,18,82,82,74,19.2,1
STU3675,18,72,69,64,18.7,1
STU3676,17,34,47,52,5.7,0
STU3677,15,54,36,45,3.2,0
STU3678,17,59,65,58,11.6,1
STU3679,17,73,57,71,13.7,1
STU3680,16,84,77,77,23.2,1
STU3681,21,81,88,74,21.8,1
STU3682,18,48,69,64,12.8,1
STU3683,18,79,78,68,19.5,1
STU3684,20,72,77,74,23.7,1
STU3685,15,75,85,71,20.1,1
STU3686,17,68,57,57,12.1,1
STU3687,18,81,77,67,18.5,1
STU3688,21,83,88,90,23.8,1
STU3689,17,45,58,58,5.8,1
STU3690,21,86,96,73,24.3,1
STU3691,16,44,49,61,5.9,1
STU3692,18,90,83,75,23.2,1
STU3693,19,77,62,61,13.4,1
STU3694,18,55,54,50,6.0,1
STU3695,16,40,46,48,6.5,0
STU3696,17,82,78,64,17.7,1
STU3697,18,76,69,66,16.2,1
STU3698,15,75,81,61,19.9,1
STU3699,16,81,88,79,22.0,1
STU3700,19,88,79,81,24.3,1
STU3701,21,38,48,49,4.0,0
STU3702,20,66,75,63,17.3,1
STU3703,19,78,88,75,24.6,1
STU3704,16,87,79,74,24.3,1
STU3705,17,66,71,65,13.6,1
STU3706,19,30,57,53,5.8,0
STU3707,16,53,54,58,10.0,1
STU3708,21,82,82,75,23.3,1
STU3709,17,52,52,59,6.5,1
STU3710,15,52,69,66,9.8,1
STU3711,19,46,46,46,3.1,0
STU3712,19,89,85,75,21.9,1
STU3713,16,64,58,54,11.3,1
STU3714,19,52,55,50,7.3,1
STU3715,18,49,42,52,7.6,0
STU3716,21,44,40,51,2.3,0
STU3717,17,50,53,51,5.8,1
STU3718,20,59,69,59,13.1,1
STU3719,20,77,80,74,19.9,1
STU3720,20,80,85,83,24.3,1
STU3721,16,61,66,63,12.4,1
STU3722,17,43,51,55,6.0,0
STU3723,18,49,69,64,12.2,1
STU3724,15,68,65,51,8.4,1
STU3725,20,49,59,59,7.1,1
STU3726,18,45,58,51,7.3,1
STU3727,17,39,47,53,4.3,0
STU3728,16,74,82,62,18.4,1
STU3729,18,72,75,69,18.3,1
STU3730,19,68,64,68,16.3,1
STU3731,18,87,68,73,19.7,1
STU3732,21,99,91,79,24.4,1
STU3733,18,63,59,66,11.9,1
STU3734,20,64,60,55,11.4,1
STU3735,17,35,46,57,3.0,0
STU3736,18,69,65,70,15.7,1
STU3737,15,89,80,75,21.5,1
STU3738,19,48,63,54,6.8,1
STU3739,17,49,45,52,4.0,0
STU3740,18,78,76,74,19.5,1
STU3741,15,91,74,70,18.7,1
STU3742,17,40,44,46,2.4,0
STU3743,19,73,74,73,19.5,1
STU3744,15,52,62,56,8.0,1
STU3745,17,46,43,46,3.6,0
STU3746,17,75,78,63,20.9,1
STU3747,16,63,50,54,10.0,1
STU3748,18,54,56,63,13.1,1
STU3749,21,45,52,50,5.7,0
STU3750,17,84,85,79,24.0,1
STU3751,20,62,61,59,12.5,1
STU3752,21,74,79,73,19.8,1
STU3753,17,58,57,51,5.6,1
STU3754,20,70,59,61,11.5,1
STU3755,15,70,63,62,14.0,1
STU3756,15,44,56,48,5.8,0
STU3757,18,77,81,78,21.6,1
STU3758,19,73,70,71,21.6,1
STU3759,19,46,42,56,4.9,0
STU3760,17,44,52,56,5.2,1
STU3761,16,42,46,52,2.3,0
STU3762,15,41,64,58,8.9,1
STU3763,19,58,59,53,11.4,1
STU3764,21,86,92,68,19.1,1
STU3765,19,42,51,47,5.3,0
STU3766,17,50,57,49,4.1,1
STU3767,20,48,65,52,7.3,1
STU3768,19,66,48,58,10.3,1
STU3769,15,34,56,52,6.6,0
STU3770,21,52,49,57,5.5,1
STU3771,19,69,64,70,16.4,1
STU3772,19,43,42,56,8.6,0
STU3773,15,76,81,72,18.2,1
STU3774,17,52,59,59,11.4,1
STU3775,18,54,51,63,8.7,1
STU3776,21,61,68,71,13.9,1
STU3777,18,29,46,56,2.1,0
STU3778,21,49,59,56,6.6,1
STU3779,21,37,43,55,3.2,0
STU3780,21,68,61,62,15.6,1
STU3781,18,97,78,76,24.7,1
STU3782,15,88,87,68,22.2,1
STU3783,17,48,57,58,6.9,1
STU3784,18,51,44,50,7.0,0
STU3785,20,53,45,56,5.5,1
STU3786,18,70,69,74,17.2,1
STU3787,15,57,68,57,11.9,1
STU3788,15,67,65,55,11.0,1
STU3789,19,73,76,71,18.0,1
STU3790,20,41,57,53,5.0,1
STU3791,19,84,91,72,23.3,1
STU3792,15,68,65,62,11.6,1
STU3793,15,83,87,82,21.7,1
STU3794,21,73,70,59,17.6,1
STU3795,18,87,78,82,23.8,1
STU3796,18,73,83,85,20.9,1
STU3797,16,45,55,53,6.4,1
STU3798,20,69,66,68,16.0,1
STU3799,19,82,81,73,18.9,1
STU3800,19,73,64,70,15.1,1
STU3801,17,55,62,60,8.9,1
STU3802,15,87,75,77,22.1,1
STU3803,17,66,65,72,14.9,1
STU3804,15,70,76,68,19.7,1
STU3805,15,73,61,66,17.8,1
STU3806,16,43,50,54,5.4,0
STU3807,19,79,64,75,15.6,1
STU3808,19,78,81,63,21.1,1
STU3809,17,64,68,72,17.7,1
STU3810,17,72,56,65,11.0,1
STU3811,21,30,51,53,5.7,0
STU3812,17,91,78,83,24.9,1
STU3813,15,45,48,48,6.0,0
STU3814,15,42,42,43,3.5,0
STU3815,18,63,67,71,17.7,1
STU3816,16,75,63,60,16.4,1
STU3817,19,55,50,48,9.0,1
STU3818,15,39,47,45,6.8,0
STU3819,16,54,59,49,2.1,1
STU3820,18,52,56,65,9.6,1
STU3821,21,85,65,73,15.9,1
STU3822,18,80,72,72,21.2,1
STU3823,15,41,50,42,2.7,0
STU3824,16,65,69,64,15.3,1
STU3825,15,65,66,66,9.3,1
STU3826,15,50,53,49,9.6,1
STU3827,19,73,78,77,23.5,1
STU3828,17,92,71,73,23.2,1
STU3829,21,37,43,51,4.4,0
STU3830,16,68,56,62,12.6,1
STU3831,16,48,45,49,2.5,0
STU3832,19,54,54,62,11.9,1
STU3833,17,73,72,77,18.9,1
STU3834,15,78,82,60,17.7,1
STU3835,18,67,88,76,22.1,1
STU3836,15,72,73,71,20.4,1
STU3837,21,53,63,59,10.6,1
STU3838,19,67,64,74,15.5,1
STU3839,20,70,63,55,13.0,1
STU3840,20,67,74,66,14.4,1
STU3841,18,61,67,56,13.8,1
STU3842,19,42,41,44,2.2,0
STU3843,20,57,44,50,7.8,1
STU3844,18,78,59,62,16.7,1
STU3845,21,69,81,72,18.9,1
STU3846,20,70,61,66,16.6,1
STU3847,20,65,61,65,13.4,1
STU3848,18,62,74,72,17.0,1
STU3849,15,64,60,67,13.3,1
STU3850,17,48,45,54,2.3,0
STU3851,21,37,43,41,3.0,0
STU3852,20,43,49,54,9.6,0
STU3853,18,40,56,52,3.7,0
STU3854,17,72,66,75,18.0,1
STU3855,21,57,55,72,12.8,1
STU3856,20,55,41,48,5.4,0
STU3857,21,51,48,50,5.4,0
STU3858,16,81,73,69,17.4,1
STU3859,19,68,75,75,20.4,1
STU3860,17,72,60,64,17.6,1
STU3861,20,77,73,70,17.2,1
STU3862,19,59,65,69,12.2,1
STU3863,20,40,51,51,3.5,0
STU3864,19,58,69,75,12.9,1
STU3865,19,79,72,70,18.9,1
STU3866,15,35,58,55,5.7,0
STU3867,17,53,53,58,6.2,1
STU3868,18,67,91,80,20.2,1
STU3869,19,73,71,66,14.7,1
STU3870,17,79,73,65,13.3,1
STU3871,21,82,86,75,25.0,1
STU3872,19,48,58,53,8.0,1
STU3873,21,93,76,74,22.0,1
STU3874,19,50,46,59,5.1,1
STU3875,17,36,49,46,4.7,0
STU3876,18,65,65,73,14.5,1
STU3877,16,65,66,59,12.7,1
STU3878,15,85,81,67,21.3,1
STU3879,20,49,42,56,4.7,0
STU3880,15,59,67,64,12.8,1
STU3881,16,69,74,61,16.9,1
STU3882,17,34,34,49,2.6,0
STU3883,21,76,92,77,23.4,1
STU3884,20,87,72,73,17.9,1
STU3885,17,57,51,59,7.9,1
STU3886,20,68,76,71,16.9,1
STU3887,16,68,51,61,7.5,1
STU3888,18,67,81,64,14.3,1
STU3889,15,80,76,68,20.4,1
STU3890,15,62,64,62,13.9,1
STU3891,17,43,40,51,2.6,0
STU3892,18,86,82,86,18.9,1
STU3893,19,63,52,64,14.7,1
STU3894,16,48,41,57,3.2,0
STU3895,21,29,44,50,2.9,0
STU3896,17,68,87,81,21.6,1
STU3897,21,54,73,69,14.6,1
STU3898,19,48,55,55,8.4,1
STU3899,18,48,66,64,9.7,1
STU3900,21,76,85,79,23.7,1
STU3901,18,84,85,71,23.6,1
STU3902,15,84,77,70,17.9,1
STU3903,16,61,68,68,13.9,1
STU3904,15,77,85,83,23.2,1
STU3905,16,82,79,69,22.0,1
STU3906,16,36,54,50,4.3,0
STU3907,20,67,78,59,16.9,1
STU3908,16,69,74,52,14.5,1
STU3909,17,71,69,58,16.3,1
STU3910,15,67,64,56,14.0,1
STU3911,20,65,69,74,14.4,1
STU3912,21,59,66,51,9.1,1
STU3913,21,81,80,79,17.5,1
STU3914,16,63,46,60,6.8,1
STU3915,18,50,42,51,5.1,0
STU3916,16,47,49,46,5.4,0
STU3917,21,53,53,54,7.1,1
STU3918,20,45,43,46,5.0,0
STU3919,20,73,77,62,15.4,1
STU3920,21,69,58,60,12.3,1
STU3921,18,74,59,59,14.0,1
STU3922,18,69,71,72,16.9,1
STU3923,21,79,77,81,21.9,1
STU3924,20,77,84,74,23.3,1
STU3925,21,46,48,49,3.6,0
STU3926,15,31,55,53,2.2,0
STU3927,16,51,65,58,11.7,1
STU3928,20,47,46,49,3.1,0
STU3929,18,41,50,59,5.3,1
STU3930,15,39,42,44,2.9,0
STU3931,15,49,49,49,5.0,0
STU3932,19,63,66,59,10.5,1
STU3933,19,49,61,55,15.1,1
STU3934,15,58,72,63,12.2,1
STU3935,21,64,64,72,17.2,1
STU3936,19,52,35,56,5.8,0
STU3937,15,64,60,52,8.9,1
STU3938,21,68,78,78,20.6,1
STU3939,17,73,87,80,23.9,1
STU3940,16,75,76,74,19.0,1
STU3941,19,75,76,73,22.7,1
STU3942,20,50,53,53,2.6,1
STU3943,18,41,39,43,2.2,0
STU3944,17,54,67,57,12.9,1
STU3945,19,55,65,63,11.6,1
STU3946,15,81,95,73,24.9,1
STU3947,19,43,38,45,3.2,0
STU3948,16,53,53,53,6.3,1
STU3949,16,46,56,53,6.4,1
STU3950,21,68,56,56,11.9,1
STU3951,19,34,51,39,4.1,0
STU3952,15,47,42,56,7.5,0
STU3953,18,52,46,53,3.8,1
STU3954,21,62,74,81,18.2,1
STU3955,16,45,51,59,4.7,1
STU3956,18,96,81,73,24.5,1
STU3957,18,35,42,53,2.5,0
STU3958,20,75,73,66,15.9,1
STU3959,15,64,83,74,19.1,1
STU3960,16,47,51,55,7.7,1
STU3961,20,67,72,64,14.5,1
STU3962,15,81,85,75,21.3,1
STU3963,20,46,50,59,10.6,1
STU3964,16,86,88,81,23.1,1
STU3965,19,80,84,69,18.3,1
STU3966,19,50,58,63,9.2,1
STU3967,18,54,52,42,7.3,0
STU3968,19,60,61,62,12.2,1
STU3969,21,58,51,54,8.2,1
STU3970,18,73,77,76,22.5,1
STU3971,20,82,79,67,19.2,1
STU3972,16,51,53,63,10.7,1
STU3973,20,52,56,59,9.2,1
STU3974,18,74,83,81,19.8,1
STU3975,20,66,77,80,22.1,1
STU3976,20,49,64,50,12.4,1
STU3977,20,44,57,61,7.8,1
STU3978,15,47,54,46,9.0,0
STU3979,20,76,70,72,19.3,1
STU3980,15,55,65,63,11.5,1
STU3981,16,62,58,60,7.4,1
STU3982,20,65,57,55,13.8,1
STU3983,15,49,52,57,4.9,1
STU3984,17,51,59,48,4.1,1
STU3985,16,74,70,72,20.1,1
STU3986,18,74,74,66,17.1,1
STU3987,20,69,69,65,12.9,1
STU3988,19,87,82,77,21.9,1
STU3989,18,41,40,53,4.7,0
STU3990,15,75,84,72,19.4,1
STU3991,18,92,90,70,24.3,1
STU3992,15,68,80,68,16.5,1
STU3993,16,75,79,74,19.4,1
STU3994,15,37,58,46,5.4,0
STU3995,17,60,71,68,12.6,1
STU3996,15,100,74,78,21.1,1
STU3997,20,70,75,70,18.2,1
STU3998,21,82,74,68,18.2,1
STU3999,20,74,72,74,17.9,1
STU4000,17,42,44,48,3.4,0
STU4001,20,60,55,58,8.4,1
STU4002,19,51,54,56,10.1,1
STU4003,21,97,73,66,19.1,1
STU4004,20,82,87,69,19.5,1
STU4005,19,59,56,53,9.9,1
STU4006,19,56,59,60,6.6,1
STU4007,16,49,52,50,6.5,1
STU4008,21,61,66,61,14.0,1
STU4009,15,54,57,50,2.8,1
STU4010,19,67,68,67,17.9,1
STU4011,21,37,60,54,6.5,0
STU4012,20,70,76,77,19.6,1
STU4013,16,67,65,61,12.1,1
STU4014,20,61,66,50,10.9,1
STU4015,16,43,53,53,4.2,0
STU4016,15,62,56,58,9.4,1
STU4017,16,64,56,57,8.1,1
STU4018,18,85,74,64,16.1,1
STU4019,20,54,60,64,10.6,1
STU4020,17,90,81,66,20.4,1
STU4021,20,68,68,67,16.9,1
STU4022,17,83,74,71,21.1,1
STU4023,20,39,36,44,2.0,0
STU4024,17,55,67,68,15.0,1
STU4025,19,86,67,68,15.9,1
STU4026,20,46,58,56,8.6,1
STU4027,16,47,35,39,2.7,0
STU4028,16,50,48,58,10.1,1
STU4029,19,87,93,80,24.5,1
STU4030,20,78,84,88,24.3,1
STU4031,19,86,82,88,22.4,1
STU4032,19,75,79,73,17.4,1
STU4033,19,34,59,55,4.5,0
STU4034,18,81,74,75,20.2,1
STU4035,18,53,61,69,12.0,1
STU4036,16,74,82,78,24.5,1
STU4037,16,59,59,64,13.6,1
STU4038,19,79,83,71,21.1,1
STU4039,21,80,83,78,22.1,1
STU4040,21,50,54,60,7.4,1
STU4041,17,63,58,58,10.8,1
STU4042,19,48,43,59,4.8,1
STU4043,21,74,74,61,17.7,1
STU4044,20,46,40,45,3.0,0
STU4045,21,74,67,60,14.5,1
STU4046,21,53,74,51,13.1,1
STU4047,21,38,48,46,4.1,0
STU4048,17,39,49,55,2.8,0
STU4049,18,41,40,47,3.9,0
STU4050,21,88,77,74,23.8,1
STU4051,19,93,82,70,22.0,1
STU4052,19,38,38,41,2.2,0
STU4053,21,50,62,53,10.5,1
STU4054,21,76,73,72,16.8,1
STU4055,16,87,77,85,22.1,1
STU4056,19,68,71,65,18.6,1
STU4057,19,65,69,62,11.9,1
STU4058,15,65,76,64,15.1,1
STU4059,16,93,80,83,19.4,1
STU4060,21,42,58,38,3.0,0
STU4061,19,75,74,67,21.3,1
STU4062,15,83,73,64,15.6,1
STU4063,19,53,61,49,7.1,1
STU4064,19,90,89,88,24.6,1
STU4065,18,61,53,52,6.1,1
STU4066,15,88,91,76,22.2,1
STU4067,15,54,70,70,12.8,1
STU4068,16,69,64,56,16.0,1
STU4069,18,66,63,63,12.0,1
STU4070,21,73,71,80,17.5,1
STU4071,21,76,69,66,17.7,1
STU4072,21,63,81,70,19.1,1
STU4073,16,38,45,51,4.5,0
STU4074,18,48,36,45,2.4,0
STU4075,20,71,84,74,18.4,1
STU4076,20,79,77,78,16.7,1
STU4077,20,72,65,55,12.7,1
STU4078,15,84,80,80,23.3,1
STU4079,20,85,90,72,22.7,1
STU4080,18,54,63,55,9.9,1
STU4081,19,59,60,63,12.9,1
STU4082,21,94,79,75,24.8,1
STU4083,17,54,49,48,4.7,1
STU4084,19,59,51,52,6.3,1
STU4085,16,74,79,63,14.4,1
STU4086,16,41,56,52,3.3,0
STU4087,17,74,58,67,15.9,1
STU4088,15,54,58,61,7.9,1
STU4089,19,96,75,70,20.1,1
STU4090,15,72,79,65,15.7,1
STU4091,16,77,83,69,22.4,1
STU4092,16,56,62,54,8.8,1
STU4093,18,76,71,68,16.4,1
STU4094,19,28,51,64,7.9,0
STU4095,15,83,80,79,23.9,1
STU4096,15,85,81,73,23.4,1
STU4097,18,52,52,53,9.1,1
STU4098,21,95,83,83,25.0,1
STU4099,16,81,89,79,20.1,1
STU4100,21,78,81,76,24.0,1
STU4101,16,58,69,61,15.8,1
STU4102,17,83,89,84,24.7,1
STU4103,19,41,45,49,4.1,0
STU4104,18,81,73,72,19.4,1
STU4105,18,88,89,80,18.7,1
STU4106,19,75,84,82,23.4,1
STU4107,21,68,62,59,11.4,1
STU4108,18,61,69,52,13.0,1
STU4109,15,55,66,60,13.2,1
STU4110,18,73,85,70,21.7,1
STU4111,15,45,57,62,9.7,1
STU4112,17,90,95,75,24.8,1
STU4113,18,85,76,68,19.9,1
STU4114,21,73,82,72,17.1,1
STU4115,18,70,66,64,12.4,1
STU4116,21,44,45,45,6.2,0
STU4117,18,67,64,74,15.1,1
STU4118,17,84,89,72,23.0,1
STU4119,15,80,81,79,21.2,1
STU4120,21,86,86,88,24.2,1
STU4121,18,72,71,76,19.3,1
STU4122,16,85,85,73,23.8,1
STU4123,21,59,74,67,13.3,1
STU4124,20,75,77,71,19.1,1
STU4125,17,86,91,77,21.4,1
STU4126,15,72,84,78,19.8,1
STU4127,17,86,87,80,22.2,1
STU4128,19,83,82,79,21.9,1
STU4129,19,51,50,62,6.3,1
STU4130,20,81,88,86,23.1,1
STU4131,21,48,46,47,2.7,0
STU4132,16,45,48,60,6.6,1
STU4133,18,60,77,70,19.1,1
STU4134,15,79,69,70,18.3,1
STU4135,21,71,61,65,14.3,1
STU4136,18,65,60,68,12.9,1
STU4137,17,60,57,64,7.8,1
STU4138,16,75,83,68,21.7,1
STU4139,19,61,63,70,12.8,1
STU4140,15,88,93,71,23.7,1
STU4141,17,61,53,64,10.4,1
STU4142,18,85,93,83,23.5,1
STU4143,21,61,53,60,11.3,1
STU4144,19,68,77,70,17.7,1
STU4145,18,57,46,56,6.9,1
STU4146,19,37,46,62,3.3,0
STU4147,17,61,58,61,7.7,1
STU4148,17,100,100,81,24.9,1
STU4149,15,86,86,69,21.4,1
STU4150,16,99,83,76,21.2,1
STU4151,16,51,51,54,2.5,1
STU4152,15,94,75,75,24.5,1
STU4153,15,57,47,57,4.7,1
STU4154,15,43,57,64,8.7,1
STU4155,18,67,91,78,23.5,1
STU4156,16,78,83,81,23.1,1
STU4157,20,56,65,57,9.5,1
STU4158,16,86,74,72,19.6,1
STU4159,17,57,60,62,10.4,1
STU4160,17,61,83,64,15.6,1
STU4161,20,60,56,68,13.5,1
STU4162,17,66,71,60,15.5,1
STU4163,15,47,63,49,7.5,1
STU4164,19,78,81,72,18.0,1
STU4165,16,66,68,62,12.3,1
STU4166,17,63,71,66,15.2,1
STU4167,17,81,78,68,18.9,1
STU4168,17,54,72,66,15.8,1
STU4169,20,73,73,82,21.4,1
STU4170,18,40,47,46,4.7,0
STU4171,18,41,55,55,8.1,1
STU4172,15,90,86,76,23.7,1
STU4173,17,59,57,63,10.1,1
STU4174,21,77,85,75,19.6,1
STU4175,21,67,70,70,19.1,1
STU4176,18,71,72,62,14.9,1
STU4177,18,92,85,80,22.4,1
STU4178,19,90,80,80,24.6,1
STU4179,15,49,43,57,4.5,0
STU4180,20,51,54,49,7.0,1
STU4181,18,54,62,71,13.9,1
STU4182,15,75,72,59,19.3,1
STU4183,16,77,78,60,19.0,1
STU4184,18,44,55,49,8.7,0
STU4185,19,51,52,52,6.5,1
STU4186,21,73,73,72,17.0,1
STU4187,19,45,37,41,5.9,0
STU4188,19,59,71,68,18.2,1
STU4189,19,61,57,62,8.4,1
STU4190,18,47,64,61,11.6,1
STU4191,15,44,54,47,7.2,0
STU4192,18,97,88,72,23.2,1
STU4193,17,72,72,71,17.5,1
STU4194,17,61,54,60,9.8,1
STU4195,17,77,80,74,23.6,1
STU4196,17,60,50,48,6.1,1
STU4197,15,40,56,60,7.7,1
STU4198,21,54,59,53,9.8,1
STU4199,16,99,83,83,23.0,1
STU4200,16,48,62,49,6.3,1
STU4201,15,48,36,44,2.0,0
STU4202,21,78,78,69,17.0,1
STU4203,21,48,49,39,5.1,0
STU4204,20,74,63,62,13.1,1
STU4205,21,44,39,47,5.5,0
STU4206,17,82,89,77,25.0,1
STU4207,18,48,58,55,11.8,1
STU4208,17,52,55,61,9.8,1
STU4209,18,61,86,64,19.2,1
STU4210,21,69,53,60,10.8,1
STU4211,20,82,85,69,23.1,1
STU4212,18,72,64,69,15.4,1
STU4213,19,83,83,78,20.0,1
STU4214,17,58,61,57,14.5,1
STU4215,20,47,58,52,7.7,1
STU4216,21,44,42,50,3.2,0
STU4217,18,47,38,50,2.2,0
STU4218,20,77,83,82,21.2,1
STU4219,17,51,59,61,10.8,1
STU4220,20,56,58,57,7.4,1
STU4221,16,63,83,72,18.5,1
STU4222,19,71,70,74,18.4,1
STU4223,21,41,70,58,10.2,1
STU4224,18,83,78,78,21.6,1
STU4225,19,75,65,68,17.2,1
STU4226,20,36,46,47,3.6,0
STU4227,20,64,60,60,11.3,1
STU4228,17,71,73,61,17.4,1
STU4229,18,80,70,75,16.9,1
STU4230,20,57,67,53,9.3,1
STU4231,21,79,76,81,22.7,1
STU4232,20,86,80,67,17.2,1
STU4233,17,44,55,52,4.4,1
STU4234,19,49,49,48,4.8,0
STU4235,17,60,54,61,10.9,1
STU4236,18,82,80,72,22.5,1
STU4237,20,43,46,49,2.9,0
STU4238,20,75,72,70,18.6,1
STU4239,16,63,69,63,15.8,1
STU4240,16,70,58,59,11.3,1
STU4241,16,74,77,67,20.4,1
STU4242,15,80,92,68,20.2,1
STU4243,20,38,52,55,3.3,0
STU4244,18,51,54,57,8.9,1
STU4245,15,74,83,69,17.9,1
STU4246,17,69,72,63,13.9,1
STU4247,18,50,53,47,6.3,1
STU4248,18,96,83,82,24.5,1
STU4249,19,58,71,67,16.8,1
STU4250,17,54,56,57,8.4,1
STU4251,18,66,80,63,16.1,1
STU4252,17,45,54,51,6.8,1
STU4253,21,48,63,57,6.3,1
STU4254,20,44,49,57,5.7,1
STU4255,17,84,73,69,20.2,1
STU4256,21,41,42,54,3.9,0
STU4257,20,45,49,53,3.1,0
STU4258,15,46,41,45,3.2,0
STU4259,21,71,69,63,19.0,1
STU4260,19,39,65,57,9.8,0
STU4261,16,72,76,76,17.5,1
STU4262,18,64,71,63,16.9,1
STU4263,20,81,80,69,20.5,1
STU4264,19,56,56,55,8.2,1
STU4265,15,75,70,74,21.1,1
STU4266,17,73,63,64,12.0,1
STU4267,20,59,68,56,14.5,1
STU4268,17,84,86,83,23.8,1
STU4269,21,33,43,45,5.4,0
STU4270,21,55,57,42,5.9,1
STU4271,20,63,83,67,23.2,1
STU4272,15,80,86,79,24.9,1
STU4273,17,83,81,76,19.8,1
STU4274,19,64,57,57,13.4,1
STU4275,21,94,72,78,17.8,1
STU4276,21,73,65,65,15.8,1
STU4277,20,76,88,78,20.6,1
STU4278,17,64,78,79,18.1,1
STU4279,18,78,75,57,16.9,1
STU4280,15,55,63,58,8.3,1
STU4281,19,70,62,67,15.8,1
STU4282,15,69,71,77,17.0,1
STU4283,18,65,70,59,13.0,1
STU4284,18,34,60,56,10.7,0
STU4285,15,79,74,68,16.1,1
STU4286,16,94,85,72,20.8,1
STU4287,18,52,42,54,6.8,0
STU4288,20,37,67,51,7.3,0
STU4289,18,79,95,80,22.3,1
STU4290,15,92,90,79,24.8,1
STU4291,21,94,82,81,22.1,1
STU4292,18,83,73,71,19.1,1
STU4293,15,43,33,53,4.0,0
STU4294,19,86,78,77,22.4,1
STU4295,15,73,80,69,17.6,1
STU4296,21,73,67,64,16.5,1
STU4297,16,73,68,68,18.7,1
STU4298,15,36,40,55,2.3,0
STU4299,17,57,44,58,5.1,1
STU4300,21,88,86,72,24.9,1
STU4301,21,72,69,66,15.8,1
STU4302,15,49,48,55,7.0,1
STU4303,19,49,48,54,7.1,1
STU4304,17,40,49,54,4.7,0
STU4305,20,84,69,76,20.2,1
STU4306,19,84,77,68,17.1,1
STU4307,17,65,65,65,16.3,1
STU4308,16,79,79,65,19.6,1
STU4309,19,53,56,60,9.2,1
STU4310,19,60,67,66,17.1,1
STU4311,16,81,82,70,17.5,1
STU4312,18,74,85,69,18.1,1
STU4313,20,28,46,51,2.2,0
STU4314,15,71,70,69,17.8,1
STU4315,17,80,89,86,23.9,1
STU4316,20,53,47,59,8.0,1
STU4317,16,66,60,62,9.5,1
STU4318,16,52,68,46,9.1,1
STU4319,20,27,46,48,3.4,0
STU4320,20,65,63,67,13.5,1
STU4321,20,40,38,56,6.4,0
STU4322,21,44,57,58,4.9,1
STU4323,16,83,72,61,18.8,1
STU4324,16,42,64,52,6.7,1
STU4325,16,79,80,73,19.0,1
STU4326,20,89,95,77,21.9,1
STU4327,17,63,82,75,19.8,1
STU4328,20,50,36,49,5.3,0
STU4329,21,88,89,80,24.9,1
STU4330,19,75,63,65,15.4,1
STU4331,17,73,70,64,13.8,1
STU4332,21,53,67,78,13.4,1
STU4333,21,57,67,58,12.4,1
STU4334,20,74,75,71,18.1,1
STU4335,18,44,53,57,8.5,1
STU4336,17,64,73,69,14.6,1
STU4337,21,84,76,75,24.9,1
STU4338,21,63,54,53,10.3,1
STU4339,19,87,79,80,21.2,1
STU4340,21,44,56,47,4.4,0
STU4341,20,85,84,79,21.0,1
STU4342,17,85,81,77,23.6,1
STU4343,19,52,59,61,11.5,1
STU4344,18,81,87,70,18.7,1
STU4345,16,32,54,53,5.1,0
STU4346,21,65,68,67,17.3,1
STU4347,15,44,61,53,5.8,1
STU4348,15,69,62,56,13.0,1
STU4349,18,68,67,57,13.3,1
STU4350,18,61,52,51,6.5,1
STU4351,16,33,46,45,3.8,0
STU4352,20,59,73,63,16.4,1
STU4353,17,84,84,70,22.8,1
STU4354,15,74,72,65,17.3,1
STU4355,21,84,88,67,22.8,1
STU4356,20,81,75,76,23.0,1
STU4357,19,70,75,66,17.1,1
STU4358,19,95,90,86,24.9,1
STU4359,18,80,94,71,23.8,1
STU4360,15,81,80,79,22.4,1
STU4361,16,75,85,73,23.5,1
STU4362,18,59,58,56,9.5,1
STU4363,21,80,82,75,22.9,1
STU4364,19,56,57,63,11.9,1
STU4365,17,92,83,78,23.0,1
STU4366,19,93,91,84,22.8,1
STU4367,20,61,71,60,11.6,1
STU4368,21,37,45,56,4.0,0
STU4369,15,69,64,61,13.6,1
STU4370,15,33,50,53,3.7,0
STU4371,16,82,94,73,23.3,1
STU4372,21,64,69,53,13.7,1
STU4373,16,83,86,82,24.7,1
STU4374,15,51,57,64,10.5,1
STU4375,18,70,66,71,20.7,1
STU4376,16,61,70,64,15.5,1
STU4377,18,69,79,69,20.8,1
STU4378,16,64,54,56,7.7,1
STU4379,20,78,71,63,16.6,1
STU4380,17,96,95,73,22.5,1
STU4381,19,56,72,59,12.1,1
STU4382,18,77,56,65,13.6,1
STU4383,16,68,52,50,11.6,1
STU4384,19,91,72,68,22.0,1
STU4385,21,50,51,47,4.8,0
STU4386,21,54,61,55,10.1,1
STU4387,21,59,50,54,7.3,1
STU4388,20,92,82,77,23.8,1
STU4389,17,60,57,66,13.1,1
STU4390,20,45,47,52,5.2,0
STU4391,19,71,72,65,16.3,1
STU4392,16,37,48,53,2.1,0
STU4393,20,52,51,58,7.3,1
STU4394,18,80,68,70,21.8,1
STU4395,16,48,52,44,4.0,0
STU4396,19,62,62,62,14.2,1
STU4397,15,52,58,50,9.9,1
STU4398,16,61,57,53,9.3,1
STU4399,17,81,88,89,24.3,1
STU4400,19,67,61,54,10.2,1
STU4401,15,79,81,66,17.9,1
STU4402,19,53,52,65,9.0,1
STU4403,19,47,62,57,8.5,1
STU4404,18,77,77,69,15.0,1
STU4405,20,78,66,73,12.4,1
STU4406,20,73,80,68,20.3,1
STU4407,18,59,61,55,7.0,1
STU4408,20,40,58,51,5.0,0
STU4409,21,69,86,67,15.7,1
STU4410,17,45,60,52,3.1,1
STU4411,15,42,53,51,5.2,0
STU4412,16,44,61,57,7.4,1
STU4413,17,56,52,64,9.9,1
STU4414,17,58,67,70,14.8,1
STU4415,16,87,80,84,20.4,1
STU4416,15,52,63,57,10.0,1
STU4417,17,80,88,81,20.7,1
STU4418,19,85,89,68,21.9,1
STU4419,17,57,54,60,9.2,1
STU4420,20,66,55,51,6.3,1
STU4421,18,47,40,60,7.8,0
STU4422,21,67,61,59,11.6,1
STU4423,17,47,51,51,5.6,0
STU4424,20,48,73,65,13.1,1
STU4425,16,61,64,56,9.9,1
STU4426,18,50,47,50,5.8,0
STU4427,17,72,84,78,20.9,1
STU4428,21,70,81,71,19.7,1
STU4429,17,100,86,76,24.4,1
STU4430,17,84,70,75,18.2,1
STU4431,16,74,79,71,18.2,1
STU4432,19,40,32,60,5.7,0
STU4433,16,53,62,60,12.4,1
STU4434,19,86,81,70,21.5,1
STU4435,17,89,73,73,22.5,1
STU4436,16,73,72,57,14.8,1
STU4437,19,92,88,84,23.5,1
STU4438,16,52,58,53,9.1,1
STU4439,16,75,83,77,22.2,1
STU4440,18,76,82,70,20.2,1
STU4441,18,61,57,57,7.6,1
STU4442,17,93,75,81,22.1,1
STU4443,20,74,71,72,19.1,1
STU4444,18,88,93,85,23.7,1
STU4445,19,58,63,46,10.3,1
STU4446,19,65,54,47,7.2,1
STU4447,16,52,64,54,8.2,1
STU4448,16,78,63,61,16.5,1
STU4449,17,40,55,55,5.5,1
STU4450,15,44,52,58,8.7,1
STU4451,16,28,55,53,2.8,0
STU4452,17,62,51,66,11.2,1
STU4453,17,76,78,75,21.4,1
STU4454,15,51,60,53,10.6,1
STU4455,20,48,36,49,3.3,0
STU4456,15,89,82,76,21.4,1
STU4457,17,72,75,64,16.4,1
STU4458,15,62,49,60,10.6,1
STU4459,20,70,72,70,19.3,1
STU4460,20,57,56,59,8.7,1
STU4461,18,56,70,56,13.6,1
STU4462,16,51,56,59,9.4,1
STU4463,18,81,75,72,17.8,1
STU4464,19,45,52,56,8.5,1
STU4465,17,60,67,59,11.5,1
STU4466,15,79,72,75,18.9,1
STU4467,19,31,52,56,7.3,0
STU4468,20,55,57,42,5.2,1
STU4469,15,55,58,68,10.4,1
STU4470,18,39,53,59,3.1,0
STU4471,20,70,72,69,17.1,1
STU4472,15,50,43,49,4.3,0
STU4473,15,66,68,66,15.4,1
STU4474,21,42,56,54,4.2,1
STU4475,17,72,70,68,18.2,1
STU4476,17,85,93,77,21.8,1
STU4477,17,69,63,59,14.1,1
STU4478,16,76,72,66,16.2,1
STU4479,15,52,51,46,5.8,0
STU4480,19,52,49,52,9.1,1
STU4481,17,71,70,69,18.6,1
STU4482,16,73,79,67,20.1,1
STU4483,16,45,54,53,8.2,1
STU4484,21,57,60,62,14.1,1
STU4485,17,82,75,73,20.4,1
STU4486,19,61,57,63,8.1,1
STU4487,19,65,72,65,18.5,1
STU4488,16,65,82,69,16.4,1
STU4489,19,69,60,62,15.7,1
STU4490,19,77,78,59,16.2,1
STU4491,15,67,68,53,12.7,1
STU4492,16,42,36,44,3.1,0
STU4493,17,79,91,75,22.8,1
STU4494,16,90,67,75,19.1,1
STU4495,20,49,41,57,2.6,0
STU4496,21,59,52,50,5.4,1
STU4497,21,77,80,70,19.8,1
STU4498,18,61,52,46,5.8,1
STU4499,15,58,54,53,8.1,1
STU4500,20,72,78,69,19.3,1
STU4501,17,61,60,61,11.0,1
STU4502,20,80,89,79,23.3,1
STU4503,21,90,78,73,22.6,1
STU4504,19,73,68,62,12.8,1
STU4505,17,68,71,72,18.6,1
STU4506,15,83,71,79,19.8,1
STU4507,15,85,85,82,22.1,1
STU4508,15,81,69,73,21.7,1
STU4509,16,36,44,44,4.0,0
STU4510,17,88,78,77,23.0,1
STU4511,17,90,85,75,24.6,1
STU4512,16,61,65,58,12.8,1
STU4513,20,91,92,84,23.3,1
STU4514,20,57,73,79,20.4,1
STU4515,17,76,64,57,11.6,1
STU4516,20,86,75,72,19.5,1
STU4517,15,83,82,69,20.9,1
STU4518,16,49,55,63,8.5,1
STU4519,15,82,71,68,18.3,1
STU4520,16,67,66,71,18.6,1
STU4521,18,40,46,60,5.3,0
STU4522,20,56,68,59,13.7,1
STU4523,21,79,80,61,19.0,1
STU4524,16,67,67,75,11.7,1
STU4525,15,61,61,46,7.1,1
STU4526,18,64,64,60,13.2,1
STU4527,18,56,61,54,10.7,1
STU4528,21,58,76,63,18.0,1
STU4529,16,66,72,60,15.2,1
STU4530,15,43,45,53,6.7,0
STU4531,16,78,76,74,20.4,1
STU4532,21,61,63,60,8.8,1
STU4533,16,61,64,65,12.4,1
STU4534,16,59,69,55,9.9,1
STU4535,18,55,59,70,12.6,1
STU4536,21,83,70,72,18.5,1
STU4537,20,58,77,73,18.1,1
STU4538,19,64,59,66,10.4,1
STU4539,15,80,85,76,22.5,1
STU4540,17,87,89,73,22.8,1
STU4541,15,81,75,71,21.1,1
STU4542,20,71,69,59,13.2,1
STU4543,21,43,59,55,6.1,1
STU4544,16,83,83,66,19.5,1
STU4545,15,70,62,63,11.7,1
STU4546,17,56,66,56,10.4,1
STU4547,18,54,60,57,7.8,1
STU4548,15,52,49,54,7.0,1
STU4549,19,61,48,67,11.3,1
STU4550,20,87,91,77,22.5,1
STU4551,19,77,75,80,19.3,1
STU4552,15,56,62,54,10.0,1
STU4553,19,75,75,65,18.8,1
STU4554,15,83,82,64,19.3,1
STU4555,15,55,60,60,11.7,1
STU4556,17,60,55,64,13.3,1
STU4557,15,83,83,70,20.4,1
STU4558,20,44,53,64,12.2,1
STU4559,16,83,76,78,21.2,1
STU4560,19,71,66,80,17.3,1
STU4561,15,70,74,67,17.1,1
STU4562,20,84,79,73,23.6,1
STU4563,19,63,76,66,13.9,1
STU4564,15,81,81,80,21.1,1
STU4565,16,78,71,61,18.3,1
STU4566,15,95,71,73,20.7,1
STU4567,21,53,44,54,3.5,1
STU4568,19,69,64,69,15.9,1
STU4569,17,67,70,69,15.5,1
STU4570,17,66,67,64,12.1,1
STU4571,19,79,76,70,17.1,1
STU4572,17,61,72,72,15.3,1
STU4573,21,78,82,76,20.6,1
STU4574,17,76,80,68,16.4,1
STU4575,16,75,79,64,15.0,1
STU4576,15,65,68,68,15.3,1
STU4577,20,71,75,66,14.2,1
STU4578,21,73,63,60,13.0,1
STU4579,18,57,48,52,10.3,1
STU4580,21,66,57,46,9.5,1
STU4581,16,62,72,70,15.8,1
STU4582,18,88,75,83,22.6,1
STU4583,15,37,51,45,3.3,0
STU4584,19,89,83,70,22.6,1
STU4585,19,88,81,69,20.1,1
STU4586,21,81,60,73,18.3,1
STU4587,19,78,70,65,16.6,1
STU4588,15,43,63,61,10.1,1
STU4589,15,53,50,55,4.4,1
STU4590,18,77,74,70,16.3,1
STU4591,19,72,83,60,18.3,1
STU4592,19,78,85,82,23.6,1
STU4593,15,66,71,66,14.1,1
STU4594,21,59,60,58,10.8,1
STU4595,17,35,47,56,4.7,0
STU4596,18,82,66,60,13.3,1
STU4597,15,73,58,47,10.2,1
STU4598,18,67,77,64,17.2,1
STU4599,19,81,76,72,21.4,1
STU4600,17,71,84,88,19.6,1
STU4601,17,40,61,50,5.2,1
STU4602,15,76,80,71,20.8,1
STU4603,20,51,50,57,11.7,1
STU4604,20,47,52,52,3.4,1
STU4605,16,75,84,69,17.8,1
STU4606,17,85,81,81,21.9,1
STU4607,17,89,94,78,24.9,1
STU4608,20,69,64,63,13.8,1
STU4609,16,86,93,77,23.9,1
STU4610,21,37,44,45,6.4,0
STU4611,20,97,80,70,24.1,1
STU4612,19,55,68,54,10.3,1
STU4613,18,50,44,53,7.2,0
STU4614,21,81,73,84,20.2,1
STU4615,15,57,72,59,14.1,1
STU4616,17,55,61,68,12.1,1
STU4617,18,68,59,60,12.7,1
STU4618,18,35,50,50,5.6,0
STU4619,19,81,82,76,21.0,1
STU4620,20,36,55,47,2.8,0
STU4621,15,47,62,50,8.7,1
STU4622,15,74,88,82,19.6,1
STU4623,16,89,84,74,21.9,1
STU4624,17,60,50,47,6.6,1
STU4625,18,72,66,56,14.6,1
STU4626,16,92,76,82,22.6,1
STU4627,17,31,61,48,2.6,0
STU4628,19,63,50,62,9.8,1
STU4629,20,94,70,78,20.6,1
STU4630,20,77,94,83,22.7,1
STU4631,15,78,86,81,24.4,1
STU4632,19,49,48,49,3.5,0
STU4633,21,47,57,51,5.5,1
STU4634,19,50,70,66,15.4,1
STU4635,15,75,62,62,14.0,1
STU4636,20,33,56,47,3.1,0
STU4637,17,39,48,53,4.7,0
STU4638,17,53,50,53,7.9,1
STU4639,19,84,78,75,17.8,1
STU4640,18,53,64,53,10.7,1
STU4641,19,37,43,51,2.0,0
STU4642,19,75,68,72,17.6,1
STU4643,15,50,49,51,5.1,1
STU4644,19,73,83,78,23.5,1
STU4645,16,54,51,60,8.0,1
STU4646,21,84,78,72,22.2,1
STU4647,20,65,75,62,18.1,1
STU4648,15,28,47,50,4.1,0
STU4649,20,70,64,54,13.3,1
STU4650,18,85,85,85,24.5,1
STU4651,17,36,34,50,2.5,0
STU4652,15,69,54,70,13.9,1
STU4653,19,71,70,77,16.7,1
STU4654,15,59,59,60,10.9,1
STU4655,19,71,79,74,23.1,1
STU4656,16,77,74,71,14.6,1
STU4657,20,50,40,56,5.8,0
STU4658,17,70,75,74,22.1,1
STU4659,18,47,46,53,2.5,0
STU4660,15,57,60,51,8.2,1
STU4661,21,80,94,74,24.9,1
STU4662,20,53,47,49,5.7,0
STU4663,19,78,83,66,18.4,1
STU4664,20,78,83,80,21.0,1
STU4665,19,65,79,61,18.2,1
STU4666,19,37,45,45,3.3,0
STU4667,21,67,74,63,16.6,1
STU4668,15,50,68,56,8.8,1
STU4669,21,100,94,74,25.0,1
STU4670,20,91,87,80,24.0,1
STU4671,19,70,70,67,16.5,1
STU4672,17,64,48,57,9.2,1
STU4673,15,78,84,78,21.0,1
STU4674,18,56,61,64,16.3,1
STU4675,16,52,76,60,11.0,1
STU4676,16,53,49,48,5.6,1
STU4677,17,53,57,58,7.4,1
STU4678,19,46,65,56,8.4,1
STU4679,19,58,65,66,17.3,1
STU4680,18,77,75,76,19.8,1
STU4681,15,63,55,61,9.3,1
STU4682,16,72,83,76,19.8,1
STU4683,20,60,59,49,6.0,1
STU4684,15,47,67,61,10.8,1
STU4685,19,50,63,44,7.8,1
STU4686,17,74,83,73,20.6,1
STU4687,15,37,48,57,6.5,0
STU4688,21,36,40,51,5.2,0
STU4689,19,60,67,47,8.3,1
STU4690,17,77,63,64,14.7,1
STU4691,21,75,84,78,23.3,1
STU4692,19,77,71,77,22.1,1
STU4693,20,67,81,79,18.6,1
STU4694,21,81,67,62,17.1,1
STU4695,18,59,64,72,15.1,1
STU4696,17,75,62,73,15.0,1
STU4697,21,77,71,68,14.9,1
STU4698,18,66,64,59,10.5,1
STU4699,19,66,72,63,16.5,1
STU4700,19,72,63,59,15.1,1
STU4701,20,76,78,66,18.2,1
STU4702,18,89,94,90,24.9,1
STU4703,19,57,57,53,10.4,1
STU4704,19,34,49,56,6.6,0
STU4705,17,61,66,61,15.0,1
STU4706,19,52,64,60,11.5,1
STU4707,21,27,46,60,6.0,0
STU4708,17,91,88,82,24.2,1
STU4709,19,48,46,43,2.4,0
STU4710,21,78,87,75,23.0,1
STU4711,20,55,54,56,6.9,1
STU4712,19,64,61,54,11.9,1
STU4713,20,69,66,59,13.2,1
STU4714,19,71,45,55,7.8,1
STU4715,19,79,71,85,19.3,1
STU4716,16,46,43,48,5.1,0
STU4717,15,48,47,50,5.8,0
STU4718,19,86,80,65,21.0,1
STU4719,15,82,71,76,19.4,1
STU4720,19,61,46,49,7.7,1
STU4721,20,100,80,69,23.9,1
STU4722,16,97,79,83,24.8,1
STU4723,19,91,91,83,23.9,1
STU4724,18,37,46,58,7.0,0
STU4725,21,71,72,66,15.5,1
STU4726,20,57,55,58,9.6,1
STU4727,18,73,65,73,17.5,1
STU4728,20,65,69,58,13.0,1
STU4729,19,85,77,71,20.8,1
STU4730,17,52,47,56,4.5,1
STU4731,21,40,44,44,2.3,0
STU4732,16,69,66,59,13.1,1
STU4733,19,55,63,56,8.8,1
STU4734,16,82,79,67,19.1,1
STU4735,17,77,76,80,17.5,1
STU4736,19,79,74,77,21.6,1
STU4737,15,51,59,50,7.9,1
STU4738,21,62,57,62,11.5,1
STU4739,20,49,53,68,8.3,1
STU4740,20,50,40,50,3.2,0
STU4741,18,72,54,65,13.3,1
STU4742,18,71,69,77,21.3,1
STU4743,20,60,69,59,11.3,1
STU4744,16,76,57,53,15.3,1
STU4745,18,46,52,55,7.0,1
STU4746,21,89,81,62,18.4,1
STU4747,21,53,50,59,6.5,1
STU4748,19,74,79,67,19.2,1
STU4749,20,56,72,78,19.7,1
STU4750,20,68,69,72,14.6,1
STU4751,19,55,47,51,6.5,1
STU4752,18,32,41,55,3.9,0
STU4753,15,72,67,77,18.6,1
STU4754,19,56,68,68,15.8,1
STU4755,20,51,51,52,2.6,1
STU4756,16,77,86,73,20.3,1
STU4757,16,71,56,65,10.1,1
STU4758,18,51,45,57,8.4,1
STU4759,20,50,45,48,3.1,0
STU4760,20,56,60,58,9.8,1
STU4761,17,50,51,49,7.8,1
STU4762,21,69,77,73,16.6,1
STU4763,20,66,76,73,15.2,1
STU4764,19,83,84,84,23.3,1
STU4765,17,82,81,77,24.7,1
STU4766,18,37,45,42,2.6,0
STU4767,19,60,67,63,13.2,1
STU4768,18,55,63,61,12.0,1
STU4769,20,77,56,68,15.7,1
STU4770,17,61,41,51,8.1,1
STU4771,16,50,54,55,9.8,1
STU4772,19,52,65,61,8.3,1
STU4773,17,73,57,64,13.3,1
STU4774,15,60,55,55,9.4,1
STU4775,19,37,41,36,3.5,0
STU4776,16,68,64,72,16.0,1
STU4777,18,67,58,48,9.2,1
STU4778,19,59,64,64,11.3,1
STU4779,20,90,84,74,20.1,1
STU4780,16,82,67,66,15.4,1
STU4781,17,100,89,78,24.4,1
STU4782,18,60,57,48,5.6,1
STU4783,18,62,73,63,13.9,1
STU4784,18,53,73,65,12.2,1
STU4785,21,74,77,69,16.7,1
STU4786,19,68,82,77,17.4,1
STU4787,17,45,51,47,6.5,0
STU4788,17,39,47,43,2.8,0
STU4789,16,67,63,66,14.7,1
STU4790,17,92,78,79,24.5,1
STU4791,18,78,74,73,17.8,1
STU4792,21,71,55,57,11.8,1
STU4793,17,63,70,78,17.3,1
STU4794,21,66,71,83,20.2,1
STU4795,18,81,92,77,22.7,1
STU4796,19,63,67,65,14.6,1
STU4797,17,80,71,67,20.0,1
STU4798,21,49,54,52,9.0,1
STU4799,17,73,64,66,16.5,1
STU4800,21,78,90,66,21.1,1
STU4801,15,72,52,62,11.3,1
STU4802,20,63,61,55,10.0,1
STU4803,16,79,82,75,22.0,1
STU4804,16,44,49,60,7.4,1
STU4805,20,77,81,71,21.1,1
STU4806,20,77,81,63,14.6,1
STU4807,21,47,52,48,9.3,0
STU4808,18,49,45,50,6.8,0
STU4809,20,46,58,48,6.2,1
STU4810,15,44,44,52,5.6,0
STU4811,21,97,89,83,21.9,1
STU4812,17,29,45,50,2.9,0
STU4813,17,70,82,70,19.8,1
STU4814,18,62,53,61,9.7,1
STU4815,20,54,53,51,5.3,1
STU4816,20,85,69,74,21.3,1
STU4817,19,69,71,68,13.6,1
STU4818,19,56,65,62,11.0,1
STU4819,17,69,76,70,21.4,1
STU4820,18,42,38,49,4.0,0
STU4821,15,80,66,73,15.2,1
STU4822,15,63,61,58,13.7,1
STU4823,16,65,65,68,17.1,1
STU4824,18,43,48,62,4.9,1
STU4825,21,52,62,63,13.7,1
STU4826,20,48,55,47,5.5,1
STU4827,20,82,74,85,22.4,1
STU4828,16,77,74,80,19.6,1
STU4829,19,40,62,48,7.1,1
STU4830,17,55,67,70,14.4,1
STU4831,21,53,69,59,10.4,1
STU4832,18,52,62,48,7.7,1
STU4833,16,49,50,61,7.4,1
STU4834,20,64,71,70,15.9,1
STU4835,15,85,93,80,24.0,1
STU4836,20,70,59,66,16.1,1
STU4837,17,42,39,45,3.1,0
STU4838,18,87,95,73,23.9,1
STU4839,16,74,75,73,15.3,1
STU4840,16,48,57,59,11.1,1
STU4841,19,83,76,70,21.4,1
STU4842,16,51,43,51,5.5,0
STU4843,17,74,81,59,15.6,1
STU4844,17,57,55,58,8.7,1
STU4845,15,45,42,53,3.3,0
STU4846,21,59,68,59,10.1,1
STU4847,15,83,84,78,22.1,1
STU4848,15,74,83,72,20.3,1
STU4849,15,36,37,48,4.7,0
STU4850,21,81,85,76,23.5,1
STU4851,21,64,50,56,10.9,1
STU4852,15,65,68,61,12.9,1
STU4853,15,42,59,61,9.7,1
STU4854,21,71,56,56,12.1,1
STU4855,15,62,61,64,12.9,1
STU4856,18,80,84,79,24.9,1
STU4857,20,44,56,51,8.9,1
STU4858,20,79,77,65,16.4,1
STU4859,15,50,71,67,9.3,1
STU4860,20,53,43,47,4.7,0
STU4861,16,59,54,56,8.7,1
STU4862,20,77,82,79,23.5,1
STU4863,15,72,79,63,17.7,1
STU4864,20,70,80,70,20.7,1
STU4865,15,74,72,75,17.3,1
STU4866,15,43,51,43,2.7,0
STU4867,15,85,67,68,18.3,1
STU4868,20,45,49,45,6.0,0
STU4869,16,36,54,52,4.9,0
STU4870,16,60,64,58,13.9,1
STU4871,18,52,50,65,9.3,1
STU4872,17,31,47,50,2.2,0
STU4873,20,34,53,57,4.4,0
STU4874,21,85,73,81,17.7,1
STU4875,18,65,80,75,19.2,1
STU4876,17,70,68,67,16.7,1
STU4877,19,55,68,71,13.0,1
STU4878,17,38,47,54,3.1,0
STU4879,17,50,53,54,5.9,1
STU4880,19,57,55,64,8.1,1
STU4881,17,51,40,61,3.8,1
STU4882,15,66,68,66,13.7,1
STU4883,15,49,57,45,5.5,1
STU4884,21,75,73,74,21.0,1
STU4885,15,84,73,69,21.0,1
STU4886,16,67,56,59,13.4,1
STU4887,17,58,49,54,6.1,1
STU4888,18,75,67,64,15.7,1
STU4889,21,91,81,61,17.2,1
STU4890,20,66,70,57,14.6,1
STU4891,18,51,42,57,6.8,1
STU4892,19,43,54,49,5.4,0
STU4893,15,37,51,63,2.7,0
STU4894,21,69,72,76,19.9,1
STU4895,16,93,87,70,21.7,1
STU4896,21,67,69,63,12.9,1
STU4897,18,78,88,77,24.1,1
STU4898,15,75,75,71,16.2,1
STU4899,21,77,91,78,19.8,1
STU4900,15,46,51,48,7.1,0
STU4901,16,87,93,77,23.1,1
STU4902,21,50,52,55,6.1,1
STU4903,16,88,82,73,24.1,1
STU4904,15,60,49,60,9.4,1
STU4905,16,52,49,44,4.1,0
STU4906,18,44,55,54,6.7,1
STU4907,18,50,45,44,2.2,0
STU4908,19,55,42,56,5.2,1
STU4909,21,61,50,61,8.2,1
STU4910,17,82,71,63,22.2,1
STU4911,18,70,73,73,16.4,1
STU4912,15,87,96,83,23.2,1
STU4913,21,91,71,81,23.6,1
STU4914,15,80,94,71,21.0,1
STU4915,17,47,51,49,2.2,0
STU4916,15,38,35,56,3.6,0
STU4917,19,48,59,55,7.9,1
STU4918,16,51,58,62,8.8,1
STU4919,16,54,57,48,9.3,1
STU4920,15,77,80,75,20.2,1
STU4921,17,67,78,70,15.8,1
STU4922,20,60,66,50,12.0,1
STU4923,21,26,50,50,4.3,0
STU4924,16,59,53,51,10.3,1
STU4925,20,70,67,65,13.6,1
STU4926,19,89,82,72,22.6,1
STU4927,20,81,68,63,15.7,1
STU4928,19,92,82,83,24.8,1
STU4929,19,70,70,62,13.4,1
STU4930,21,77,62,70,15.2,1
STU4931,19,44,39,50,4.3,0
STU4932,21,44,72,58,12.5,1
STU4933,18,71,82,71,21.3,1
STU4934,18,90,74,73,21.4,1
STU4935,15,78,85,73,16.5,1
STU4936,21,88,86,82,24.5,1
STU4937,15,53,67,56,10.2,1
STU4938,20,85,80,72,21.1,1
STU4939,20,61,47,60,7.0,1
STU4940,18,97,84,86,23.7,1
STU4941,18,54,61,64,10.9,1
STU4942,17,85,79,76,21.4,1
STU4943,16,72,74,81,19.9,1
STU4944,21,71,80,68,20.5,1
STU4945,18,75,61,64,13.4,1
STU4946,15,68,49,68,11.0,1
STU4947,17,68,72,69,16.0,1
STU4948,18,64,76,57,16.4,1
STU4949,17,58,58,61,7.3,1
STU4950,15,59,69,66,14.7,1
STU4951,20,75,67,71,18.0,1
STU4952,18,86,90,78,23.0,1
STU4953,18,76,70,75,17.6,1
STU4954,17,100,79,76,22.3,1
STU4955,18,67,77,68,18.5,1
STU4956,20,85,76,71,20.2,1
STU4957,16,64,62,52,8.4,1
STU4958,18,98,84,79,23.9,1
STU4959,21,79,69,66,15.7,1
STU4960,19,39,62,45,3.9,0
STU4961,19,86,88,76,24.0,1
STU4962,20,59,57,64,13.8,1
STU4963,21,70,73,73,20.5,1
STU4964,19,64,55,64,11.1,1
STU4965,17,53,63,63,11.1,1
STU4966,19,57,51,53,6.4,1
STU4967,16,95,81,83,23.7,1
STU4968,20,85,71,74,17.2,1
STU4969,21,50,59,48,5.6,1
STU4970,17,97,78,80,21.5,1
STU4971,19,73,72,75,18.6,1
STU4972,21,87,95,78,24.2,1
STU4973,15,76,87,72,21.5,1
STU4974,21,46,53,57,8.3,1
STU4975,20,73,78,72,17.9,1
STU4976,21,69,68,62,13.5,1
STU4977,19,30,49,42,2.5,0
STU4978,19,48,54,74,10.8,1
STU4979,21,41,63,45,5.3,0
STU4980,20,64,62,68,11.5,1
STU4981,17,48,51,53,5.3,1
STU4982,19,38,48,59,3.8,0
STU4983,20,74,80,67,20.1,1
STU4984,15,44,63,58,9.4,1
STU4985,18,86,80,76,23.0,1
STU4986,20,59,61,65,11.8,1
STU4987,16,63,63,79,20.4,1
STU4988,15,56,56,55,10.3,1
STU4989,21,51,65,66,12.7,1
STU4990,19,92,84,78,20.6,1
STU4991,21,50,64,58,14.4,1
STU4992,21,78,76,65,17.1,1
STU4993,17,82,67,66,16.2,1
STU4994,19,65,65,58,11.3,1
STU4995,16,82,85,79,20.6,1
STU4996,17,36,44,54,2.4,0
STU4997,21,95,77,67,21.3,1
STU4998,19,68,47,44,8.7,1
STU4999,21,68,79,78,17.0,1
STU5000,18,66,54,68,8.3,1
STU5001,15,41,55,61,8.0,1
STU5002,17,33,52,52,4.6,0
STU5003,21,65,45,49,4.7,1
STU5004,19,64,61,59,13.7,1
STU5005,16,37,42,45,2.3,0
STU5006,18,51,46,48,3.9,0
STU5007,21,89,72,70,16.3,1
STU5008,15,86,95,66,24.3,1
STU5009,16,66,70,71,12.9,1
STU5010,18,49,55,61,7.2,1
STU5011,16,47,54,62,11.5,1
STU5012,15,39,47,57,5.1,0
STU5013,16,82,79,82,24.3,1
STU5014,19,89,75,77,24.4,1
STU5015,17,49,63,53,10.8,1
STU5016,15,51,43,53,5.0,0
STU5017,20,72,60,66,15.1,1
STU5018,18,58,62,55,11.9,1
STU5019,19,59,51,66,11.6,1
STU5020,16,58,47,56,6.4,1
STU5021,15,73,72,59,14.0,1
STU5022,20,50,36,52,6.0,0
STU5023,21,78,86,80,22.3,1
STU5024,19,45,35,47,3.1,0
STU5025,15,71,63,55,11.7,1
STU5026,19,89,72,73,20.1,1
STU5027,19,78,78,76,23.0,1
STU5028,21,75,84,70,20.4,1
STU5029,20,69,62,68,16.6,1
STU5030,20,64,57,67,11.7,1
STU5031,20,58,60,65,9.0,1
STU5032,21,43,62,55,7.5,1
STU5033,15,66,60,61,9.7,1
STU5034,16,79,80,72,24.4,1
STU5035,16,44,57,60,6.5,1
STU5036,18,48,57,46,5.1,1
STU5037,17,58,63,69,11.3,1
STU5038,17,67,75,61,16.5,1
STU5039,18,65,55,51,12.5,1
STU5040,18,66,58,75,16.2,1
STU5041,20,62,62,66,14.4,1
STU5042,19,47,53,62,11.0,1
STU5043,18,81,77,77,22.5,1
STU5044,18,65,75,64,17.0,1
STU5045,17,38,42,42,2.1,0
STU5046,19,66,72,80,20.4,1
STU5047,17,51,56,54,9.1,1
STU5048,20,76,84,72,18.9,1
STU5049,20,50,50,61,5.0,1
STU5050,15,62,66,66,13.5,1
STU5051,19,61,66,68,17.6,1
STU5052,18,96,82,74,24.9,1
STU5053,17,43,40,57,5.2,0
STU5054,18,70,72,66,17.5,1
STU5055,17,51,48,60,6.4,1
STU5056,17,71,75,69,15.0,1
STU5057,21,100,81,81,24.2,1
STU5058,17,78,78,74,18.8,1
STU5059,21,61,72,63,18.5,1
STU5060,18,62,83,76,17.9,1
STU5061,21,89,84,76,22.0,1
STU5062,18,70,63,64,16.4,1
STU5063,16,62,60,55,11.7,1
STU5064,15,42,44,50,2.0,0
STU5065,20,96,82,82,24.7,1
STU5066,17,58,53,58,8.3,1
STU5067,17,62,63,58,7.5,1
STU5068,20,66,68,72,18.7,1
STU5069,20,62,65,67,13.7,1
STU5070,20,96,92,85,24.3,1
STU5071,16,32,56,52,6.3,0
STU5072,15,87,80,78,24.0,1
STU5073,21,80,85,73,19.1,1
STU5074,20,50,57,51,6.4,1
STU5075,15,91,75,79,21.9,1
STU5076,16,48,59,63,11.2,1
STU5077,18,83,91,75,23.4,1
STU5078,16,47,49,53,3.6,0
STU5079,21,66,57,62,13.4,1
STU5080,15,97,71,69,20.5,1
STU5081,19,65,57,55,10.2,1
STU5082,17,53,51,54,7.2,1
STU5083,19,55,57,59,6.8,1
STU5084,21,83,78,69,20.2,1
STU5085,21,49,45,57,6.7,1
STU5086,17,76,70,74,21.8,1
STU5087,20,64,72,70,15.2,1
STU5088,20,31,39,50,3.7,0
STU5089,18,62,47,50,3.4,1
STU5090,21,55,68,70,19.1,1
STU5091,18,72,76,72,20.3,1
STU5092,18,64,65,51,10.5,1
STU5093,15,74,86,70,19.6,1
STU5094,21,48,56,56,8.8,1
STU5095,18,74,90,74,23.9,1
STU5096,15,90,92,79,23.9,1
STU5097,19,77,85,65,20.5,1
STU5098,16,62,51,66,12.0,1
STU5099,18,60,62,68,12.2,1
STU5100,15,62,83,60,14.6,1
STU5101,21,64,64,63,13.3,1
STU5102,17,77,78,77,19.9,1
STU5103,20,52,59,61,7.4,1
STU5104,17,44,36,50,2.4,0
STU5105,21,53,64,61,9.5,1
STU5106,16,92,80,73,23.8,1
STU5107,20,52,49,56,5.9,1
STU5108,19,81,82,64,20.5,1
STU5109,20,88,87,74,20.5,1
STU5110,21,78,83,62,18.2,1
STU5111,18,78,92,84,24.0,1
STU5112,20,63,61,53,11.8,1
STU5113,16,80,82,73,24.3,1
STU5114,17,70,74,69,16.3,1
STU5115,15,37,42,53,2.8,0
STU5116,20,83,78,83,23.4,1
STU5117,19,80,85,81,23.4,1
STU5118,17,83,88,78,23.4,1
STU5119,21,72,78,72,17.6,1
STU5120,20,54,48,51,8.4,1
STU5121,21,54,63,56,9.8,1
STU5122,16,57,52,49,5.6,1
STU5123,21,63,53,60,9.4,1
STU5124,16,75,70,65,15.1,1
STU5125,20,51,58,54,9.5,1
STU5126,20,66,72,70,14.4,1
STU5127,21,73,80,80,18.8,1
STU5128,18,73,72,74,18.7,1
STU5129,16,76,71,68,19.4,1
STU5130,15,72,81,71,21.1,1
STU5131,15,49,54,61,7.4,1
STU5132,19,60,57,58,6.2,1
STU5133,21,59,49,62,9.6,1
STU5134,21,41,69,65,8.6,1
STU5135,21,92,85,82,24.6,1
STU5136,16,66,70,63,15.9,1
STU5137,18,44,43,60,5.4,0
STU5138,15,68,78,74,19.3,1
STU5139,20,84,78,69,19.4,1
STU5140,19,71,68,70,14.6,1
STU5141,15,85,81,78,22.3,1
STU5142,21,71,87,66,19.7,1
STU5143,16,66,81,76,19.8,1
STU5144,17,62,66,70,18.1,1
STU5145,16,53,47,57,4.7,1
STU5146,16,38,50,49,4.4,0
STU5147,16,74,77,83,17.8,1
STU5148,18,83,89,76,21.7,1
STU5149,18,55,41,50,7.0,0
STU5150,19,73,71,70,22.4,1
STU5151,20,37,61,56,5.9,0
STU5152,21,74,61,63,15.7,1
STU5153,18,70,67,78,13.4,1
STU5154,17,59,47,52,7.3,1
STU5155,15,50,43,47,2.8,0
STU5156,20,81,75,77,23.8,1
STU5157,21,86,89,79,23.5,1
STU5158,17,52,50,58,7.5,1
STU5159,18,49,52,57,8.4,1
STU5160,16,73,77,67,17.7,1
STU5161,18,53,65,66,10.3,1
STU5162,17,67,51,53,10.9,1
STU5163,17,48,52,50,4.4,1
STU5164,18,89,92,84,24.3,1
STU5165,17,72,66,70,11.2,1
STU5166,17,98,83,85,24.8,1
STU5167,21,77,77,69,19.4,1
STU5168,16,51,44,63,8.5,1
STU5169,20,68,63,61,12.8,1
STU5170,15,100,82,85,24.0,1
STU5171,17,45,45,54,5.1,0
STU5172,16,41,50,54,8.0,0
STU5173,21,49,47,49,6.6,0
STU5174,15,57,61,58,12.4,1
STU5175,15,69,57,56,10.9,1
STU5176,16,66,65,47,6.9,1
STU5177,20,79,68,67,17.2,1
STU5178,21,65,65,60,10.2,1
STU5179,18,94,76,80,22.3,1
STU5180,15,54,52,56,7.8,1
STU5181,21,80,77,63,15.0,1
STU5182,16,86,70,75,20.6,1
STU5183,15,57,46,54,7.2,1
STU5184,19,49,54,52,5.3,1
STU5185,18,37,39,41,2.8,0
STU5186,15,78,81,78,22.5,1
STU5187,21,80,71,72,17.9,1
STU5188,18,72,70,67,16.4,1
STU5189,17,87,90,71,23.8,1
STU5190,21,59,54,63,9.4,1
STU5191,20,72,81,77,21.7,1
STU5192,20,68,78,67,19.2,1
STU5193,21,56,57,52,7.5,1
STU5194,17,41,58,64,6.4,1
STU5195,16,56,56,60,11.5,1
STU5196,16,73,81,65,18.9,1
STU5197,19,49,57,58,9.5,1
STU5198,16,59,71,57,14.6,1
STU5199,15,70,61,61,13.9,1
STU5200,19,54,67,56,14.1,1
STU5201,20,35,43,55,4.2,0
STU5202,15,64,60,59,9.0,1
STU5203,18,51,59,59,8.6,1
STU5204,21,43,53,63,4.2,1
STU5205,15,51,70,69,14.8,1
STU5206,15,78,79,81,23.4,1
STU5207,15,47,50,51,5.6,0
STU5208,19,43,48,49,4.0,0
STU5209,19,66,60,60,16.9,1
STU5210,16,100,89,74,24.2,1
STU5211,16,55,73,62,15.7,1
STU5212,20,54,59,65,8.9,1
STU5213,21,85,78,74,20.0,1
STU5214,15,99,92,78,24.9,1
STU5215,18,52,64,64,9.1,1
STU5216,15,46,70,60,13.0,1
STU5217,21,63,56,51,6.3,1
STU5218,19,38,38,50,3.1,0
STU5219,18,67,59,55,11.3,1
STU5220,21,62,64,69,13.7,1
STU5221,16,70,70,70,17.8,1
STU5222,18,55,42,62,8.7,1
STU5223,17,34,49,45,5.0,0
STU5224,19,55,50,58,6.0,1
STU5225,15,46,55,62,7.1,1
STU5226,15,63,58,66,13.8,1
STU5227,21,69,69,64,15.7,1
STU5228,16,79,68,65,16.3,1
STU5229,18,49,53,60,6.9,1
STU5230,15,67,70,60,15.2,1
STU5231,15,74,75,75,20.5,1
STU5232,15,43,62,59,8.7,1
STU5233,18,60,63,46,9.6,1
STU5234,16,58,62,64,11.6,1
STU5235,19,89,98,81,23.9,1
STU5236,21,56,56,55,9.4,1
STU5237,17,50,58,54,4.4,1
STU5238,20,87,85,79,22.6,1
STU5239,18,84,70,60,16.0,1
STU5240,21,61,66,64,14.8,1
STU5241,19,87,88,82,24.4,1
STU5242,16,47,70,65,11.2,1
STU5243,20,80,85,79,23.9,1
STU5244,17,79,75,70,19.9,1
STU5245,19,86,85,75,23.3,1
STU5246,20,58,62,62,10.9,1
STU5247,19,83,79,65,22.0,1
STU5248,17,66,66,66,15.4,1
STU5249,15,60,68,61,12.4,1
STU5250,17,56,52,37,7.8,0
STU5251,21,89,69,71,16.1,1
STU5252,16,55,63,55,9.2,1
STU5253,18,43,34,49,2.0,0
STU5254,21,63,78,61,15.8,1
STU5255,18,84,77,81,20.7,1
STU5256,21,81,61,54,14.1,1
STU5257,18,51,48,48,5.0,0
STU5258,21,82,83,72,21.0,1
STU5259,20,74,79,72,12.7,1
STU5260,19,50,49,55,5.8,1
STU5261,18,71,67,64,16.2,1
STU5262,19,77,72,78,17.9,1
STU5263,16,77,78,59,13.0,1
STU5264,16,76,77,69,21.1,1
STU5265,21,53,52,59,9.4,1
STU5266,19,72,74,75,21.3,1
STU5267,20,92,83,67,23.6,1
STU5268,17,57,57,61,8.5,1
STU5269,20,88,78,70,24.5,1
STU5270,21,82,76,82,19.3,1
STU5271,21,66,52,61,9.7,1
STU5272,19,69,73,71,17.4,1
STU5273,18,85,90,72,20.3,1
STU5274,15,70,58,62,13.6,1
STU5275,16,46,48,54,3.4,0
STU5276,17,76,72,73,19.7,1
STU5277,16,89,87,79,24.2,1
STU5278,20,70,77,76,19.3,1
STU5279,16,74,60,69,15.4,1
STU5280,18,61,54,57,5.3,1
STU5281,18,71,58,61,10.5,1
STU5282,21,41,56,56,8.7,1
STU5283,16,81,82,72,20.1,1
STU5284,21,67,67,71,13.7,1
STU5285,19,85,88,87,21.7,1
STU5286,21,59,49,54,8.7,1
STU5287,15,94,82,70,23.6,1
STU5288,19,85,72,68,22.0,1
STU5289,17,81,74,71,23.2,1
STU5290,16,72,72,69,16.6,1
STU5291,16,36,57,44,3.3,0
STU5292,17,84,65,77,23.3,1
STU5293,17,45,52,51,6.2,0
STU5294,16,97,92,76,24.8,1
STU5295,16,87,80,79,23.8,1
STU5296,18,40,59,50,5.2,0
STU5297,20,61,58,50,7.4,1
STU5298,15,32,46,50,3.4,0
STU5299,15,70,76,72,17.1,1
STU5300,20,58,54,52,9.6,1
STU5301,21,82,77,77,18.7,1
STU5302,16,88,79,69,19.1,1
STU5303,15,50,67,64,14.4,1
STU5304,15,57,47,43,5.5,0
STU5305,19,52,61,69,12.0,1
STU5306,15,56,46,50,6.4,1
STU5307,15,70,71,66,14.5,1
STU5308,20,63,68,55,11.9,1
STU5309,16,40,46,50,3.4,0
STU5310,21,71,71,67,17.2,1
STU5311,16,85,83,77,23.4,1
STU5312,18,67,63,62,14.3,1
STU5313,16,58,59,60,10.0,1
STU5314,16,52,55,60,9.9,1
STU5315,20,73,65,65,13.1,1
STU5316,16,83,68,67,18.7,1
STU5317,15,61,69,72,17.6,1
STU5318,15,72,68,72,17.0,1
STU5319,20,72,46,61,9.9,1
STU5320,16,92,86,80,23.3,1
STU5321,20,92,78,74,21.1,1
STU5322,16,54,51,56,8.3,1
STU5323,21,82,78,72,24.2,1
STU5324,18,53,48,43,5.3,0
STU5325,16,54,60,63,11.0,1
STU5326,19,38,50,43,2.9,0
STU5327,16,52,35,59,4.3,0
STU5328,18,57,58,56,11.0,1
STU5329,17,62,69,50,8.0,1
STU5330,19,48,54,60,11.2,1
STU5331,20,74,67,79,17.1,1
STU5332,15,55,67,68,16.4,1
STU5333,18,61,53,58,11.6,1
STU5334,18,42,43,47,3.1,0
STU5335,21,78,75,66,19.4,1
STU5336,21,51,47,59,10.1,1
STU5337,20,48,40,52,4.3,0
STU5338,16,81,86,69,21.1,1
STU5339,20,30,51,48,2.2,0
STU5340,21,84,78,80,21.2,1
STU5341,16,59,48,54,5.8,1
STU5342,19,71,66,74,19.2,1
STU5343,16,72,72,60,14.1,1
STU5344,15,64,70,66,14.8,1
STU5345,15,49,50,51,2.2,1
STU5346,15,90,80,81,22.9,1
STU5347,20,65,64,73,15.6,1
STU5348,16,78,69,70,16.3,1
STU5349,19,53,59,58,5.9,1
STU5350,20,47,59,52,8.2,1
STU5351,19,49,77,58,13.6,1
STU5352,20,77,55,65,13.9,1
STU5353,15,67,68,71,18.1,1
STU5354,21,79,83,74,22.1,1
STU5355,19,73,68,69,16.1,1
STU5356,19,98,80,81,23.9,1
STU5357,20,64,63,60,13.1,1
STU5358,15,88,88,78,24.5,1
STU5359,19,81,91,74,22.8,1
STU5360,16,74,71,71,17.1,1
STU5361,21,75,65,71,15.8,1
STU5362,16,59,65,54,8.7,1
STU5363,15,78,58,58,11.0,1
STU5364,17,79,74,73,20.6,1
STU5365,18,54,52,71,7.6,1
STU5366,15,84,84,71,21.7,1
STU5367,20,65,72,78,19.7,1
STU5368,17,47,62,64,12.5,1
STU5369,19,79,73,83,21.5,1
STU5370,19,62,59,61,10.3,1
STU5371,19,57,63,66,12.9,1
STU5372,18,66,66,65,16.3,1
STU5373,20,49,57,67,9.2,1
STU5374,21,34,38,45,3.5,0
STU5375,20,67,63,63,16.2,1
STU5376,20,34,50,53,5.5,0
STU5377,20,71,62,64,18.0,1
STU5378,19,68,65,71,16.3,1
STU5379,17,70,64,62,12.8,1
STU5380,20,81,75,65,19.0,1
STU5381,19,74,78,63,17.5,1
STU5382,20,62,51,60,12.3,1
STU5383,20,95,98,90,24.9,1
STU5384,18,55,71,60,11.7,1
STU5385,15,54,68,72,13.4,1
STU5386,17,59,68,55,9.5,1
STU5387,18,35,36,47,3.8,0
STU5388,15,82,87,77,22.9,1
STU5389,16,32,47,48,4.3,0
STU5390,17,78,66,72,17.6,1
STU5391,21,41,53,49,5.9,0
STU5392,21,38,45,54,4.2,0
STU5393,17,32,47,51,5.9,0
STU5394,17,33,37,39,2.8,0
STU5395,15,78,86,77,24.1,1
STU5396,16,38,56,55,6.5,0
STU5397,17,85,86,83,23.9,1
STU5398,16,75,77,71,16.1,1
STU5399,16,84,78,69,21.0,1
STU5400,17,79,83,74,20.0,1
STU5401,18,83,84,72,22.0,1
STU5402,15,42,59,61,7.8,1
STU5403,21,51,41,62,4.3,1
STU5404,15,82,84,76,21.4,1
STU5405,21,42,52,49,4.8,0
STU5406,20,32,36,41,3.3,0
STU5407,17,44,39,42,3.4,0
STU5408,19,67,67,51,8.3,1
STU5409,16,47,58,62,10.6,1
STU5410,18,77,75,76,21.3,1
STU5411,18,80,77,66,18.3,1
STU5412,16,56,61,62,15.7,1
STU5413,15,58,63,55,10.8,1
STU5414,15,45,52,57,6.0,1
STU5415,20,46,35,46,2.6,0
STU5416,16,76,76,77,18.0,1
STU5417,21,82,79,74,18.7,1
STU5418,21,85,72,73,16.4,1
STU5419,20,54,52,62,8.2,1
STU5420,18,33,40,59,5.0,0
STU5421,19,80,81,81,20.7,1
STU5422,16,66,74,73,19.1,1
STU5423,19,53,59,46,5.1,1
STU5424,20,61,72,61,18.3,1
STU5425,18,62,65,59,11.7,1
STU5426,17,65,63,75,15.1,1
STU5427,20,46,53,50,5.6,0
STU5428,21,61,45,46,3.3,1
STU5429,19,43,49,45,3.5,0
STU5430,21,61,61,59,11.2,1
STU5431,18,47,62,56,8.7,1
STU5432,15,74,55,62,12.6,1
STU5433,20,34,54,44,2.5,0
STU5434,15,77,79,66,18.8,1
STU5435,16,41,47,43,3.7,0
STU5436,21,69,62,55,11.9,1
STU5437,19,53,58,54,10.1,1
STU5438,16,69,82,56,14.4,1
STU5439,19,41,54,49,6.4,0
STU5440,20,78,87,80,22.1,1
STU5441,17,58,67,55,9.4,1
STU5442,20,72,73,69,16.0,1
STU5443,19,54,56,45,7.5,1
STU5444,19,65,73,62,12.4,1
STU5445,17,71,86,74,18.9,1
STU5446,16,52,55,53,8.9,1
STU5447,20,63,61,53,12.0,1
STU5448,16,72,62,70,18.1,1
STU5449,19,48,45,56,7.4,0
STU5450,17,88,87,93,24.1,1
STU5451,16,69,77,68,19.1,1
STU5452,18,65,68,53,10.9,1
STU5453,18,39,39,53,3.3,0
STU5454,16,70,72,72,17.1,1
STU5455,19,67,78,70,15.7,1
STU5456,15,68,75,69,14.1,1
STU5457,17,91,72,74,22.5,1
STU5458,16,50,50,59,8.0,1
STU5459,19,61,73,67,16.0,1
STU5460,17,71,71,61,16.1,1
STU5461,19,87,78,79,21.2,1
STU5462,15,59,57,58,8.4,1
STU5463,18,32,39,49,2.8,0
STU5464,17,83,67,69,22.3,1
STU5465,18,55,46,64,8.5,1
STU5466,16,58,62,65,13.3,1
STU5467,17,65,51,61,13.2,1
STU5468,18,79,83,79,22.2,1
STU5469,20,72,69,68,18.2,1
STU5470,18,38,63,48,5.0,0
STU5471,16,54,64,64,14.0,1
STU5472,19,63,62,53,13.7,1
STU5473,15,57,67,68,14.2,1
STU5474,17,53,56,44,7.1,1
STU5475,20,38,50,46,2.9,0
STU5476,16,52,40,53,4.4,0
STU5477,19,74,77,79,23.5,1
STU5478,21,96,100,85,24.5,1
STU5479,15,49,28,47,2.5,0
STU5480,20,73,55,59,9.1,1
STU5481,17,53,60,57,7.8,1
STU5482,16,84,87,70,22.3,1
STU5483,18,74,79,76,24.9,1
STU5484,18,67,63,58,13.9,1
STU5485,19,94,92,74,24.8,1
STU5486,19,52,51,48,4.5,1
STU5487,17,45,58,59,7.1,1
STU5488,18,68,56,68,12.3,1
STU5489,21,100,82,74,22.9,1
STU5490,17,69,69,70,19.6,1
STU5491,20,49,52,56,8.3,1
STU5492,18,79,66,61,17.7,1
STU5493,17,79,85,67,19.6,1
STU5494,21,55,65,59,6.7,1
STU5495,16,81,70,75,16.4,1
STU5496,15,47,62,61,8.5,1
STU5497,17,82,74,79,20.3,1
STU5498,17,56,51,56,10.9,1
STU5499,19,48,60,70,10.2,1
STU5500,17,43,62,62,12.1,1
STU5501,16,72,66,72,16.0,1
STU5502,15,46,62,61,8.3,1
STU5503,20,69,57,67,13.9,1
STU5504,20,48,50,56,7.5,1
STU5505,20,60,66,66,16.3,1
STU5506,15,57,65,56,10.1,1
STU5507,21,68,87,76,22.3,1
STU5508,15,65,62,53,8.7,1
STU5509,15,53,58,61,11.8,1
STU5510,20,68,57,63,11.9,1
STU5511,16,45,58,51,4.9,1
STU5512,18,35,44,47,4.1,0
STU5513,20,49,38,49,6.0,0
STU5514,17,50,66,55,9.8,1
STU5515,15,73,65,73,14.8,1
STU5516,15,60,64,65,12.0,1
STU5517,21,89,77,73,21.5,1
STU5518,17,53,55,56,9.4,1
STU5519,21,63,77,76,15.7,1
STU5520,18,31,47,49,3.0,0
STU5521,15,89,79,81,22.7,1
STU5522,18,86,80,71,22.1,1
STU5523,17,85,93,72,24.6,1
STU5524,16,84,78,67,19.3,1
STU5525,21,33,43,56,5.2,0
STU5526,18,67,59,62,15.8,1
STU5527,21,45,50,53,4.7,0
STU5528,17,86,83,74,23.6,1
STU5529,21,47,44,60,2.7,1
STU5530,15,87,77,64,20.9,1
STU5531,15,40,53,54,4.8,0
STU5532,18,73,70,65,15.7,1
STU5533,20,73,58,61,11.6,1
STU5534,18,41,48,55,2.6,0
STU5535,19,54,75,60,10.9,1
STU5536,15,63,79,79,21.6,1
STU5537,16,76,73,78,20.3,1
STU5538,20,84,74,67,20.9,1
STU5539,19,80,83,70,22.3,1
STU5540,18,87,77,73,19.4,1
STU5541,16,68,61,64,13.8,1
STU5542,19,79,84,78,21.9,1
STU5543,16,66,60,64,9.5,1
STU5544,21,77,80,81,24.1,1
STU5545,17,94,88,74,24.2,1
STU5546,18,51,59,57,7.8,1
STU5547,17,42,54,43,2.3,0
STU5548,15,88,80,71,18.6,1
STU5549,21,72,59,73,18.7,1
STU5550,17,80,75,75,21.4,1
STU5551,21,37,42,55,3.3,0
STU5552,16,45,49,50,5.6,0
STU5553,17,60,64,66,13.9,1
STU5554,18,76,76,72,22.8,1
STU5555,17,48,65,58,11.0,1
STU5556,20,100,83,75,24.9,1
STU5557,15,57,71,61,12.0,1
STU5558,15,93,82,84,23.9,1
STU5559,21,69,70,68,19.2,1
STU5560,17,49,54,53,7.7,1
STU5561,19,65,65,70,13.0,1
STU5562,21,50,43,48,4.4,0
STU5563,21,38,44,48,4.6,0
STU5564,16,47,52,55,8.5,1
STU5565,16,62,60,66,12.7,1
STU5566,18,84,87,85,24.2,1
STU5567,19,76,70,73,18.9,1
STU5568,17,42,41,48,3.8,0
STU5569,20,54,68,59,11.3,1
STU5570,15,40,39,55,4.2,0
STU5571,19,40,54,52,4.0,0
STU5572,17,83,83,83,23.0,1
STU5573,21,41,47,41,4.5,0
STU5574,19,54,64,66,11.2,1
STU5575,17,72,74,69,18.4,1
STU5576,20,43,51,45,2.5,0
STU5577,15,58,53,45,3.4,1
STU5578,16,68,62,55,12.2,1
STU5579,21,89,87,80,25.0,1
STU5580,20,60,61,55,12.1,1
STU5581,18,87,84,77,22.6,1
STU5582,19,43,36,54,4.4,0
STU5583,21,78,84,68,22.1,1
STU5584,21,75,68,72,18.5,1
STU5585,16,29,37,44,2.6,0
STU5586,20,62,64,61,14.7,1
STU5587,20,46,48,59,5.7,1
STU5588,16,81,73,68,19.5,1
STU5589,16,39,43,47,4.9,0
STU5590,18,63,58,64,11.6,1
STU5591,20,88,79,72,21.3,1
STU5592,20,55,45,48,4.6,0
STU5593,17,34,44,53,3.7,0
STU5594,16,38,52,52,4.2,0
STU5595,21,49,51,48,6.1,0
STU5596,21,56,53,52,6.9,1
STU5597,20,40,38,51,3.0,0
STU5598,18,71,75,69,23.4,1
STU5599,20,71,58,56,12.8,1
STU5600,20,81,80,77,23.5,1
STU5601,17,85,75,67,20.3,1
STU5602,18,65,63,68,14.6,1
STU5603,20,54,61,67,9.2,1
STU5604,15,82,67,70,19.0,1
STU5605,19,88,84,74,21.7,1
STU5606,16,57,62,71,16.2,1
STU5607,18,89,85,65,20.8,1
STU5608,15,82,87,82,23.0,1
STU5609,15,49,49,54,6.1,1
STU5610,17,90,89,75,23.7,1
STU5611,15,52,75,65,14.7,1
STU5612,18,62,59,57,5.7,1
STU5613,18,41,44,53,2.3,0
STU5614,16,61,62,58,11.0,1
STU5615,18,71,70,68,16.8,1
STU5616,19,43,55,51,6.6,0
STU5617,21,48,54,51,4.0,1
STU5618,20,42,50,53,5.3,0
STU5619,18,84,70,70,20.9,1
STU5620,19,83,75,83,22.1,1
STU5621,15,73,60,70,16.5,1
STU5622,19,48,47,44,6.8,0
STU5623,16,65,64,68,13.1,1
STU5624,18,45,40,56,6.1,0
STU5625,16,74,62,64,15.0,1
STU5626,16,72,75,68,19.8,1
STU5627,21,81,66,69,18.6,1
STU5628,18,47,49,43,3.5,0
STU5629,19,92,72,64,18.3,1
STU5630,16,77,45,55,12.0,1
STU5631,20,86,95,74,22.0,1
STU5632,15,69,79,82,19.0,1
STU5633,16,68,54,65,12.4,1
STU5634,16,43,52,48,4.8,0
STU5635,16,61,77,69,17.6,1
STU5636,21,91,75,73,20.5,1
STU5637,20,59,55,53,6.1,1
STU5638,16,55,68,68,12.9,1
STU5639,18,75,80,59,18.8,1
STU5640,21,56,57,61,10.0,1
STU5641,16,70,60,56,9.4,1
STU5642,19,91,81,83,23.8,1
STU5643,15,51,76,67,17.5,1
STU5644,19,56,55,49,6.5,1
STU5645,17,88,75,74,21.5,1
STU5646,18,74,68,71,18.1,1
STU5647,17,85,84,76,21.7,1
STU5648,16,76,76,86,21.6,1
STU5649,19,88,88,80,23.3,1
STU5650,17,43,53,37,2.3,0
STU5651,18,87,87,80,24.4,1
STU5652,21,55,58,54,10.7,1
STU5653,17,48,46,48,5.0,0
STU5654,17,51,45,52,5.7,0
STU5655,21,77,87,76,21.8,1
STU5656,19,68,64,58,12.7,1
STU5657,19,41,52,50,5.4,0
STU5658,15,37,54,53,3.8,0
STU5659,16,67,72,70,15.9,1
STU5660,19,61,56,63,11.5,1
STU5661,18,79,66,62,15.3,1
STU5662,15,60,39,63,8.1,0
STU5663,18,94,80,66,21.4,1
STU5664,18,65,63,74,16.6,1
STU5665,21,90,75,73,20.4,1
STU5666,20,29,54,44,2.0,0
STU5667,21,78,83,73,20.4,1
STU5668,16,35,49,51,3.2,0
STU5669,21,73,87,64,18.9,1
STU5670,20,55,58,60,10.0,1
STU5671,18,60,56,48,9.9,1
STU5672,16,54,63,54,6.5,1
STU5673,20,78,84,76,21.9,1
STU5674,16,40,53,54,2.9,0
STU5675,21,58,74,72,15.4,1
STU5676,16,57,55,48,6.7,1
STU5677,15,88,90,78,22.3,1
STU5678,20,55,50,46,4.0,1
STU5679,16,77,79,64,20.0,1
STU5680,20,45,53,47,6.3,0
STU5681,17,82,85,73,24.3,1
STU5682,19,46,47,48,3.0,0
STU5683,18,72,66,64,16.2,1
STU5684,19,41,63,54,6.2,1
STU5685,19,65,66,57,15.2,1
STU5686,20,92,81,83,23.3,1
STU5687,16,35,61,50,2.1,0
STU5688,19,78,80,68,16.1,1
STU5689,16,50,57,49,6.0,1
STU5690,21,53,62,62,12.3,1
STU5691,21,88,94,74,23.3,1
STU5692,18,71,62,57,11.9,1
STU5693,17,65,50,57,10.4,1
STU5694,17,63,70,57,11.1,1
STU5695,16,76,75,82,19.5,1
STU5696,17,84,81,77,24.1,1
STU5697,20,55,53,50,9.4,1
STU5698,20,77,75,80,19.8,1
STU5699,21,56,64,55,9.6,1
STU5700,19,66,63,53,10.2,1
STU5701,20,84,85,75,23.9,1
STU5702,21,64,65,59,12.7,1
STU5703,21,81,91,62,20.7,1
STU5704,21,46,57,38,5.1,0
STU5705,20,46,49,44,4.1,0
STU5706,19,59,48,58,7.5,1
STU5707,20,95,69,71,21.2,1
STU5708,21,73,58,70,16.8,1
STU5709,16,90,88,75,24.8,1
STU5710,16,71,78,71,19.6,1
STU5711,19,78,72,75,16.0,1
STU5712,18,91,82,83,22.7,1
STU5713,20,40,60,53,8.3,1
STU5714,21,61,56,58,12.7,1
STU5715,18,79,79,75,19.5,1
STU5716,15,48,57,58,6.9,1
STU5717,21,71,79,73,15.8,1
STU5718,19,65,73,72,16.2,1
STU5719,20,76,76,72,17.4,1
STU5720,15,60,55,54,9.7,1
STU5721,20,65,74,73,17.2,1
STU5722,15,52,58,61,7.6,1
STU5723,15,29,58,56,4.8,0
STU5724,15,51,47,56,8.1,1
STU5725,16,52,55,55,7.7,1
STU5726,20,87,90,78,23.8,1
STU5727,20,45,55,56,7.5,1
STU5728,17,67,62,69,15.5,1
STU5729,16,52,54,55,5.1,1
STU5730,18,89,72,74,17.5,1
STU5731,18,45,46,51,7.1,0
STU5732,15,68,73,75,16.4,1
STU5733,15,47,52,49,4.1,0
STU5734,18,68,64,54,12.0,1
STU5735,15,66,71,77,19.4,1
STU5736,20,99,90,79,24.5,1
STU5737,19,82,94,81,23.4,1
STU5738,17,66,60,44,8.8,1
STU5739,16,72,69,68,17.6,1
STU5740,17,46,54,52,8.9,1
STU5741,17,54,55,53,5.7,1
STU5742,15,63,55,50,7.8,1
STU5743,16,85,77,69,19.9,1
STU5744,18,58,59,74,13.1,1
STU5745,20,50,55,54,6.7,1
STU5746,21,80,81,71,21.7,1
STU5747,15,78,92,78,21.7,1
STU5748,18,91,75,74,23.6,1
STU5749,19,72,96,75,22.5,1
STU5750,15,63,73,68,14.8,1
STU5751,21,89,88,69,23.9,1
STU5752,18,49,52,57,7.9,1
STU5753,15,76,63,82,19.7,1
STU5754,16,48,48,54,6.3,1
STU5755,18,72,77,68,19.6,1
STU5756,16,60,73,57,10.4,1
STU5757,19,85,75,76,21.2,1
STU5758,15,63,68,61,12.1,1
STU5759,17,37,48,55,4.5,0
STU5760,18,44,52,53,3.4,0
STU5761,21,70,56,60,9.2,1
STU5762,18,92,88,86,24.3,1
STU5763,21,47,60,63,10.9,1
STU5764,19,58,66,67,17.3,1
STU5765,18,83,75,59,17.5,1
STU5766,21,63,57,61,11.0,1
STU5767,17,83,87,83,22.7,1
STU5768,17,60,67,68,12.1,1
STU5769,15,68,61,66,13.3,1
STU5770,21,42,50,49,5.9,0
STU5771,19,71,80,74,21.4,1
STU5772,18,83,70,72,21.5,1
STU5773,15,55,58,61,17.6,1
STU5774,21,67,61,63,14.6,1
STU5775,19,81,66,66,16.8,1
STU5776,18,79,65,64,15.2,1
STU5777,19,68,65,67,16.9,1
STU5778,18,84,83,73,22.4,1
STU5779,16,64,68,72,19.5,1
STU5780,18,62,65,68,14.0,1
STU5781,19,44,46,51,5.5,0
STU5782,21,84,69,70,19.6,1
STU5783,20,63,66,61,16.5,1
STU5784,20,56,56,59,8.6,1
STU5785,20,75,68,65,19.8,1
STU5786,19,62,56,59,8.1,1
STU5787,20,42,42,47,4.4,0
STU5788,15,33,50,49,3.9,0
STU5789,15,69,65,73,15.7,1
STU5790,18,66,74,71,19.1,1
STU5791,15,84,80,64,21.1,1
STU5792,15,56,41,48,4.8,0
STU5793,19,43,48,54,4.6,0
STU5794,19,60,64,60,9.0,1
STU5795,19,58,59,63,10.8,1
STU5796,17,80,69,77,20.1,1
STU5797,16,91,84,76,23.1,1
STU5798,21,90,82,78,24.3,1
STU5799,19,54,68,63,12.2,1
STU5800,15,77,90,68,19.9,1
STU5801,16,55,51,62,6.1,1
STU5802,16,42,43,52,2.7,0
STU5803,18,43,55,57,2.7,1
STU5804,20,48,52,36,3.0,0
STU5805,17,87,78,62,16.7,1
STU5806,16,82,71,68,17.8,1
STU5807,16,70,85,67,16.6,1
STU5808,21,78,79,70,18.9,1
STU5809,20,64,51,57,8.3,1
STU5810,16,70,65,62,14.7,1
STU5811,21,82,69,56,14.0,1
STU5812,19,38,47,45,2.0,0
STU5813,15,41,54,53,4.3,0
STU5814,18,76,81,69,21.3,1
STU5815,18,91,82,69,22.1,1
STU5816,20,55,69,62,10.4,1
STU5817,21,58,56,52,10.5,1
STU5818,16,37,48,51,5.2,0
STU5819,16,75,66,60,14.7,1
STU5820,18,51,56,65,11.6,1
STU5821,16,83,78,78,21.8,1
STU5822,19,61,64,59,7.1,1
STU5823,16,65,64,70,13.6,1
STU5824,20,66,59,68,15.7,1
STU5825,19,59,70,77,20.2,1
STU5826,16,67,81,69,17.0,1
STU5827,21,51,45,58,8.6,1
STU5828,21,80,85,77,21.1,1
STU5829,15,74,56,78,18.6,1
STU5830,16,74,87,70,21.5,1
STU5831,17,95,75,77,23.7,1
STU5832,21,83,74,70,20.9,1
STU5833,21,56,64,62,13.3,1
STU5834,16,95,81,71,22.5,1
STU5835,19,62,58,64,12.9,1
STU5836,20,75,66,75,17.4,1
STU5837,21,71,82,77,19.9,1
STU5838,16,69,77,75,17.5,1
STU5839,19,78,60,68,17.2,1
STU5840,16,58,64,54,11.1,1
STU5841,19,75,70,64,15.6,1
STU5842,17,77,76,74,20.9,1
STU5843,15,51,51,60,5.9,1
STU5844,20,46,48,48,7.6,0
STU5845,15,59,64,58,11.8,1
STU5846,21,75,55,60,16.3,1
STU5847,17,94,77,74,20.0,1
STU5848,18,95,87,69,20.9,1
STU5849,21,36,57,52,6.0,0
STU5850,18,75,66,71,18.9,1
STU5851,21,81,92,70,22.8,1
STU5852,20,77,81,71,17.5,1
STU5853,21,76,90,84,21.5,1
STU5854,17,46,48,50,3.5,0
STU5855,19,89,78,75,20.1,1
STU5856,19,34,50,55,4.8,0
STU5857,19,69,79,69,21.3,1
STU5858,15,92,78,82,21.5,1
STU5859,18,71,72,73,17.7,1
STU5860,20,58,64,67,13.9,1
STU5861,18,55,49,51,6.6,1
STU5862,21,80,74,71,19.1,1
STU5863,15,44,42,52,4.1,0
STU5864,18,44,46,55,6.9,0
STU5865,16,62,62,67,14.3,1
STU5866,19,63,59,64,11.6,1
STU5867,17,51,58,55,9.0,1
STU5868,19,94,82,81,23.6,1
STU5869,15,69,65,62,14.5,1
STU5870,19,58,65,58,13.3,1
STU5871,16,72,83,56,16.7,1
STU5872,15,56,56,70,11.8,1
STU5873,19,61,57,53,7.4,1
STU5874,21,69,71,66,18.9,1
STU5875,16,60,61,62,9.7,1
STU5876,20,75,83,84,23.2,1
STU5877,21,72,65,70,13.7,1
STU5878,19,78,78,68,16.4,1
STU5879,17,85,74,83,22.1,1
STU5880,19,69,89,67,20.5,1
STU5881,19,96,83,78,24.3,1
STU5882,21,48,40,52,4.2,0
STU5883,15,48,56,59,7.7,1
STU5884,17,79,76,70,19.8,1
STU5885,21,39,52,42,3.6,0
STU5886,19,74,80,78,16.4,1
STU5887,17,52,60,52,7.6,1
STU5888,20,50,59,62,12.4,1
STU5889,15,54,49,55,6.7,1
STU5890,21,65,71,62,11.1,1
STU5891,15,80,69,68,20.8,1
STU5892,15,90,84,73,22.8,1
STU5893,15,76,71,75,17.2,1
STU5894,19,55,59,51,11.1,1
STU5895,19,83,89,72,22.7,1
STU5896,18,52,40,51,4.2,0
STU5897,20,74,67,65,17.1,1
STU5898,21,43,48,54,5.7,0
STU5899,20,73,73,74,19.4,1
STU5900,21,79,86,77,21.7,1
STU5901,17,65,63,60,15.9,1
STU5902,18,64,67,60,13.5,1
STU5903,20,90,84,82,22.6,1
STU5904,15,83,77,75,23.0,1
STU5905,21,65,65,59,10.6,1
STU5906,21,71,64,56,15.1,1
STU5907,19,36,56,52,3.4,0
STU5908,15,73,73,67,16.5,1
STU5909,21,82,89,69,19.4,1
STU5910,16,74,56,62,14.1,1
STU5911,19,50,48,58,5.4,1
STU5912,16,87,85,66,19.1,1
STU5913,18,53,55,53,7.4,1
STU5914,19,62,60,64,11.3,1
STU5915,20,65,61,65,12.0,1
STU5916,21,64,74,64,14.4,1
STU5917,15,81,86,83,24.6,1
STU5918,15,60,61,56,10.3,1
STU5919,15,70,75,66,18.3,1
STU5920,19,70,67,63,14.3,1
STU5921,19,33,54,58,8.9,0
STU5922,21,42,63,52,5.4,1
STU5923,17,71,74,67,14.1,1
STU5924,17,78,64,76,16.8,1
STU5925,17,64,70,52,13.6,1
STU5926,21,58,62,62,9.4,1
STU5927,20,56,66,66,12.2,1
STU5928,15,39,55,53,2.2,0
STU5929,18,90,81,74,20.5,1
STU5930,17,31,45,52,4.5,0
STU5931,16,87,69,78,19.5,1
STU5932,17,78,96,81,23.3,1
STU5933,17,84,79,71,23.7,1
STU5934,16,78,88,65,16.3,1
STU5935,16,83,83,84,23.6,1
STU5936,17,80,74,72,19.0,1
STU5937,16,65,75,66,13.9,1
STU5938,21,58,71,71,14.2,1
STU5939,21,69,81,66,15.3,1
STU5940,16,40,55,47,3.7,0
STU5941,15,45,53,48,5.4,0
STU5942,19,50,54,49,3.6,1
STU5943,16,88,83,76,22.8,1
STU5944,18,63,52,61,5.5,1
STU5945,17,30,42,46,2.2,0
STU5946,19,88,79,79,21.6,1
STU5947,21,66,54,63,13.0,1
STU5948,16,96,75,80,22.2,1
STU5949,21,75,79,73,19.7,1
STU5950,20,63,55,68,11.6,1
STU5951,16,53,47,52,7.7,1
STU5952,16,62,64,60,13.8,1
STU5953,15,73,79,65,19.2,1
STU5954,17,80,83,79,21.9,1
STU5955,19,28,51,41,4.5,0
STU5956,21,75,67,59,16.6,1
STU5957,19,65,52,57,9.8,1
STU5958,17,79,89,73,21.7,1
STU5959,21,62,75,67,13.4,1
STU5960,21,72,68,68,14.9,1
STU5961,18,42,48,54,4.2,0
STU5962,15,76,74,61,17.2,1
STU5963,16,56,58,54,9.9,1
STU5964,21,64,54,66,15.3,1
STU5965,19,84,80,71,18.1,1
STU5966,19,96,83,82,24.8,1
STU5967,20,68,70,73,17.7,1
STU5968,18,48,50,51,5.5,0
STU5969,21,79,77,71,21.5,1
STU5970,19,38,47,47,2.9,0
STU5971,18,51,46,64,7.4,1
STU5972,18,59,52,60,7.8,1
STU5973,15,56,50,63,8.4,1
STU5974,15,69,78,65,18.6,1
STU5975,20,32,38,53,4.3,0
STU5976,19,82,76,76,19.8,1
STU5977,18,53,70,59,11.8,1
STU5978,18,87,73,63,18.4,1
STU5979,15,76,79,69,17.5,1
STU5980,16,70,74,72,18.4,1
STU5981,17,69,86,67,21.1,1
STU5982,17,54,60,51,6.8,1
STU5983,15,94,85,76,24.2,1
STU5984,16,68,72,63,17.6,1
STU5985,15,78,74,81,18.4,1
STU5986,15,55,60,62,7.9,1
STU5987,21,38,45,55,4.0,0
STU5988,20,43,58,60,10.3,1
STU5989,16,69,67,69,14.0,1
STU5990,19,66,63,67,15.0,1
STU5991,18,48,65,69,10.4,1
STU5992,18,42,49,55,6.6,0
STU5993,20,82,75,83,19.5,1
STU5994,16,37,52,56,3.7,0
STU5995,21,73,80,71,20.0,1
STU5996,16,62,73,67,14.9,1
STU5997,17,82,81,69,17.9,1
STU5998,17,73,86,73,20.2,1
STU5999,19,83,83,81,20.6,1
STU6000,17,50,63,63,11.6,1
