customer_id,age,gender,region,education_level,employment_type,annual_income,loan_amount,loan_purpose,credit_score,repayment_history,transaction_count,spending_ratio,join_date,default_flag
CUST1000,56.0,Male,West,Secondary,Salaried,841473.2985646669,821240.7382037686,Home,663.935110897968,3,39,13.2,2021-05-24,0
CUST1001,69.0,Male,North,Graduate,Self-Employed,179168.0698284376,166721.9993532074,Education,714.9097636894867,2,18,29.43,2021-10-23,0
CUST1002,46.0,Other,North,Graduate,Salaried,,371720.1705000299,Business,635.2265342742895,1,114,14.89,2018-04-27,0
CUST1003,32.0,Female,North,Graduate,Salaried,311056.80823884805,367386.2911897118,Car,582.3692958540252,0,8,9.65,2021-04-17,0
CUST1004,,Male,North,Post-Graduate,Salaried,,97156.36036972038,Education,554.7461594705891,3,149,29.25,2021-06-23,0
CUST1005,25.0,Female,West,Secondary,Self-Employed,342868.12996635755,232081.91641384648,Home,,1,116,7.3,2018-05-08,0
CUST1006,38.0,Male,South,Graduate,Salaried,598091.9703490302,581794.4398525226,Other,643.1862215573378,0,73,15.54,2021-10-13,0
CUST1007,56.0,Male,South,Primary,Salaried,259250.6625859998,181183.42395368207,Home,598.1321313684177,1,156,21.74,2018-03-19,0
CUST1008,36.0,,East,Graduate,Salaried,187944.8887577613,745640.219113215,Business,,0,53,17.51,2020-01-11,0
CUST1009,40.0,Female,North,Graduate,Salaried,461207.0239690662,80345.4113797775,Other,816.6772331816817,1,59,8.84,2021-08-09,0
CUST1010,28.0,Male,South,Graduate,Salaried,742312.8698591558,24012276.368150778,Business,602.2374625014663,3,155,10.33,2020-02-13,0
CUST1011,28.0,Female,South,Secondary,Self-Employed,160013.8954312004,575145.0160095749,Home,730.9034071244861,1,85,11.6,2018-03-23,0
CUST1012,41.0,Female,South,Graduate,Self-Employed,723705.2237790792,490444.89318574127,Education,,2,144,24.34,2018-12-08,0
CUST1013,53.0,Female,West,Secondary,Salaried,722435.7171755411,1246227.024185855,Home,773.9002972609196,2,143,17.91,2021-09-23,1
CUST1014,57.0,Male,East,Primary,Self-Employed,784224.8536159539,304385.18186211906,Home,671.3834989870103,1,119,13.55,2020-03-29,0
CUST1015,41.0,Male,South,Graduate,Self-Employed,919042.9436541069,709919.8090156175,Home,570.7758921098517,0,79,20.18,2019-08-01,0
CUST1016,20.0,Male,West,Secondary,Salaried,1658142.1632107534,458542.2687982341,Other,749.4781713346533,1,102,11.3,2018-04-06,0
CUST1017,39.0,Male,North,Graduate,Salaried,357304.90462539997,485158.9793875369,Other,662.5124379421047,2,131,23.79,2021-03-14,0
CUST1018,19.0,Male,North,Secondary,Salaried,472476.33879925,230493.92814196713,Home,769.2124190868366,1,115,20.6,2019-07-31,0
CUST1019,41.0,Female,North,Secondary,Salaried,344599.0823228822,140464.23997209102,Car,,0,105,14.7,2019-06-05,0
CUST1020,61.0,Male,South,Graduate,Self-Employed,442938.4528928562,701648.0333301737,Other,749.7108714666442,0,118,15.16,2021-11-21,0
CUST1021,47.0,Male,South,Graduate,Self-Employed,1109837.3304242396,161460.04416028803,Car,845.7937196527766,1,33,13.86,2020-09-22,0
CUST1022,55.0,Male,East,Secondary,Unemployed,197400.77058400394,213491.37115956115,Car,699.739863142717,1,66,27.06,2018-12-23,0
CUST1023,19.0,Male,West,Graduate,Self-Employed,263911.789787166,167699.23601870256,Car,780.9998548867899,2,57,18.32,2018-07-05,0
CUST1024,38.0,Male,South,Graduate,Salaried,1010856.5127862784,227997.91650896898,Business,651.6608126179204,1,121,14.76,2022-08-21,0
CUST1025,50.0,Male,South,Graduate,Salaried,815879.4613829211,178957.9265100445,Car,717.8497977665969,0,95,10.12,2019-06-27,0
CUST1026,29.0,Female,North,Secondary,Self-Employed,355798.91754984116,32289.0419122461,Business,644.8410496299695,1,110,22.08,2018-05-31,0
CUST1027,39.0,Male,North,Graduate,Salaried,78618087.07979074,554369.7734784834,Car,713.5467887340341,0,90,21.57,2021-09-04,0
CUST1028,61.0,Other,South,Graduate,Self-Employed,,166923.88577555548,Home,706.2363848091406,0,132,12.64,2022-11-13,0
CUST1029,42.0,Female,South,Graduate,Self-Employed,1088340.6615155889,242256.24140743853,Home,535.7603419545744,1,104,13.33,2022-08-19,0
CUST1030,66.0,Male,West,Primary,Self-Employed,462640.5845293378,57469.73000413336,Home,,0,98,15.51,2020-12-18,0
CUST1031,44.0,Female,North,Graduate,Self-Employed,,20848.39993349905,Car,696.122099341064,1,80,9.24,2018-01-10,0
CUST1032,59.0,Male,North,Graduate,Salaried,2159111.0549043664,90355.45838998734,Home,,2,7,17.06,2020-05-06,0
CUST1033,45.0,Female,South,Graduate,Self-Employed,633401.3174365079,324844.4063542309,Business,673.290894050637,3,85,7.22,2021-02-21,0
CUST1034,33.0,Male,North,Secondary,Self-Employed,455703.1544688199,46116.48734008747,Car,,3,109,8.67,2018-12-22,0
CUST1035,32.0,Female,North,Graduate,Salaried,682466.1386648576,618914.9044972821,Business,771.0172538257993,0,36,12.75,2021-10-01,0
CUST1036,64.0,Female,East,Graduate,Self-Employed,355340.40099707135,80525.07809631241,Other,625.2288700425098,2,12,12.01,2020-03-04,0
CUST1037,68.0,Female,North,Primary,,1853860.2103458568,77225.52948569492,Business,,3,91,20.61,2018-08-25,0
CUST1038,61.0,Female,East,Secondary,Unemployed,492890.64973828645,70072.90232655406,Other,764.568155921872,2,34,18.94,2018-11-29,0
CUST1039,69.0,Male,North,Graduate,Salaried,375584.96937035007,23520.094467325842,Car,529.6476511932796,1,147,32.73,2018-01-17,0
CUST1040,20.0,Male,North,Primary,Salaried,267958.28569541674,389389.20134357736,Home,688.1054339089027,1,78,17.23,2021-12-18,0
CUST1041,54.0,Male,South,Post-Graduate,Salaried,854551.5564678585,539929.4574514884,Other,695.8500447848378,0,127,18.23,2018-11-20,0
CUST1042,68.0,Male,West,Graduate,Self-Employed,,258084.8769364355,Business,786.315665252492,2,125,9.19,2018-01-23,0
CUST1043,24.0,Male,South,Graduate,Salaried,328268.5745473343,72125.31300250889,Business,,0,42,9.2,2020-07-19,0
CUST1044,38.0,Male,East,Secondary,Salaried,625227.4653541712,103965.40470086382,Education,777.5611727725636,1,147,16.98,2019-04-04,0
CUST1045,26.0,Other,North,Secondary,Salaried,178950.84158201743,181530.92847999567,Education,625.3452820222033,1,162,17.13,2022-01-23,0
CUST1046,56.0,,East,Post-Graduate,Unemployed,,791665.7482306415,Home,568.1365522620795,2,178,19.01,2019-06-05,0
CUST1047,35.0,Female,North,Secondary,Salaried,580505.0684407309,91039.19733189445,Education,634.6513268664526,0,158,31.03,2019-12-20,0
CUST1048,21.0,Male,East,Graduate,Salaried,1232306.14402814,348861.97913225903,Home,790.3891905676221,3,119,9.41,2019-07-11,0
CUST1049,42.0,,South,Secondary,,278593.41899826395,164708.41620233064,Home,744.8143566004513,1,113,38.28,2021-12-15,0
CUST1050,31.0,Female,West,Primary,Salaried,205456.25572046626,108401.11152927196,Car,842.5723003548105,0,82,7.81,2023-06-12,0
CUST1051,67.0,Male,South,Primary,Unemployed,258523.847857932,172162.87913286616,Car,,0,40,19.82,2019-02-07,0
CUST1052,26.0,Male,North,Graduate,Salaried,198403.65574774303,38467.27027986925,Home,752.8925385785493,1,94,8.82,2021-09-16,0
CUST1053,43.0,Female,North,Post-Graduate,Self-Employed,986574.7896076118,420724.0526875558,Business,732.8406339841395,4,163,23.62,2019-04-02,0
CUST1054,19.0,Male,West,Secondary,Salaried,1120385.7201967507,89697.73829194404,Business,660.0278283985928,1,44,7.83,2022-02-15,0
CUST1055,37.0,Male,South,Secondary,Salaried,536128.9271032637,343120.9837942489,Education,734.3149314163907,0,78,4.19,2022-03-02,0
CUST1056,45.0,,East,Secondary,Self-Employed,920596.37012353,37699.08082015316,Car,689.797536764644,1,50,17.69,2020-11-16,0
CUST1057,64.0,Male,North,Graduate,Salaried,479440.4761877514,795821.332021177,Other,712.2215260879051,3,111,15.45,2019-02-01,0
CUST1058,24.0,Male,South,Secondary,Self-Employed,417873.0726216727,73612.5450401395,Home,727.6384951702507,1,174,28.59,2023-05-31,0
CUST1059,61.0,Male,North,Graduate,Salaried,362281.7230363461,555844.8234039469,Education,748.607650667854,1,150,17.1,2021-04-26,0
CUST1060,25.0,Male,West,Graduate,Salaried,367237.9952113996,434490.61559078726,Home,686.0768166312282,1,104,11.33,2018-05-20,0
CUST1061,64.0,Male,East,Graduate,Salaried,174786.24797810844,879412.8891385227,Car,804.4135238229009,0,168,12.55,2019-06-05,0
CUST1062,52.0,Other,West,Primary,Unemployed,518426.14571966714,182469.56281095112,Car,664.8992272573416,1,65,82.11,2020-01-16,0
CUST1063,31.0,Male,North,Post-Graduate,Salaried,137220452.8998895,344934.9581428606,Education,811.8630334481695,1,172,10.62,2018-04-02,0
CUST1064,34.0,Other,East,Secondary,Salaried,691913.6436828204,135791.0308355056,Home,601.0509250090307,1,7,21.38,2018-03-18,0
CUST1065,,Male,East,Primary,Salaried,467948.76755130215,70948.07448871958,Home,611.0458332724513,0,86,20.11,2020-05-01,0
CUST1066,67.0,Male,South,Graduate,Salaried,401265.1778219668,166331.5932958908,Car,615.1442814250922,2,11,21.63,2021-06-21,0
CUST1067,57.0,,West,Graduate,Salaried,262310.4964436541,65305.24527893879,Car,746.9802547207978,0,35,20.76,2020-04-24,0
CUST1068,,Male,West,Secondary,Unemployed,461986.9588615445,1024966.4106726713,Education,623.6176936484957,1,69,14.39,2019-10-29,0
CUST1069,19.0,Male,West,Secondary,Salaried,688962.6492847266,45299.655740368944,Home,784.3087752422482,1,99,6.81,2022-10-20,0
CUST1070,23.0,Male,East,Graduate,Self-Employed,222792.6072431048,242419.33485943233,Car,643.1468402388996,1,68,17.78,2020-08-16,0
CUST1071,59.0,Male,North,Secondary,Salaried,,266185.1265024918,Home,707.9499988773865,1,81,16.34,2020-09-15,0
CUST1072,21.0,,North,Graduate,Self-Employed,508807.876238987,213090.64336163492,Home,724.8061267805715,4,7,17.5,2020-03-07,0
CUST1073,46.0,Male,West,Graduate,Unemployed,287552.6146140743,291314.87312716397,Car,608.8978973830474,0,97,21.82,2022-08-13,0
CUST1074,35.0,Male,North,Secondary,Salaried,310918.5367240811,50875.683469141135,Education,582.6458594261206,0,39,13.37,2023-02-08,0
CUST1075,43.0,Male,East,Secondary,Unemployed,508065.93388959445,222430.65627749066,Home,699.8018240023926,1,19,12.06,2018-03-29,0
CUST1076,61.0,Female,East,Secondary,Salaried,224122.35043613228,104643.00981069719,Home,660.5930858837276,0,25,25.8,2022-06-30,0
CUST1077,51.0,Male,East,Graduate,Unemployed,545770.7141910592,724087.3547173431,Car,714.8914305518942,1,66,13.95,2020-07-03,0
CUST1078,27.0,,West,Graduate,Self-Employed,258535.26254779423,378946.42887814663,Home,585.8039344486752,0,87,12.85,2021-08-10,0
CUST1079,53.0,Other,South,Secondary,Salaried,837111.2165218444,918524.0092538426,Car,655.0269982465951,0,160,12.3,2018-04-05,0
CUST1080,31.0,Male,South,Graduate,Salaried,1798919.28841686,29569.867198141394,Car,667.2713650885669,1,8,22.14,2021-06-30,0
CUST1081,48.0,Male,North,Post-Graduate,Salaried,263958.1690429403,103914.75315762205,Home,920.0,2,145,14.81,2019-07-05,0
CUST1082,65.0,Other,South,Secondary,Salaried,609579.5385526186,74359.52293626792,Home,749.6820089670017,0,171,49.72,2019-02-03,0
CUST1083,32.0,,North,Post-Graduate,Salaried,286059.427612219,22804.316565489386,Business,626.9790708418735,1,71,16.92,2020-02-06,0
CUST1084,25.0,Male,South,Secondary,Salaried,826183.7656053469,89375.42724434532,Education,784.9412939170813,1,98,9.0,2020-12-13,0
CUST1085,31.0,Male,West,Primary,Salaried,207076.7868749488,303904.1321494355,Education,631.5018497460101,0,62,13.22,2023-05-06,0
CUST1086,,Male,West,Secondary,Self-Employed,590279.8674699016,85694.98740688404,Car,643.5071284804934,2,134,22.82,2018-08-31,0
CUST1087,57.0,Male,North,Secondary,Salaried,262027.99282157622,197829.54212211148,Education,593.0661517007666,2,29,12.18,2021-02-07,0
CUST1088,38.0,Male,South,Secondary,Salaried,390744.52885732526,566908.4378448398,Other,760.2628911762017,3,15,16.3,2022-11-25,0
CUST1089,33.0,Male,West,Primary,Self-Employed,238323.63381773073,315844.8449554911,Education,711.7913294657138,0,5,26.82,2019-09-16,0
CUST1090,62.0,Male,North,Post-Graduate,Salaried,724625.5245529071,145478.47530790832,Home,778.0094997792755,3,52,28.92,2022-09-06,0
CUST1091,35.0,Other,North,Graduate,Salaried,267750.7494403281,136490.52736490243,Car,665.4855704593158,1,117,12.65,2019-12-02,1
CUST1092,64.0,Female,North,Graduate,Salaried,616108.6184345433,172080.12849884614,Car,677.0798977251844,1,142,14.46,2021-05-29,0
CUST1093,41.0,Male,South,Secondary,Unemployed,359885.49235468585,68712.35830752316,Car,562.259073776077,3,85,17.26,2022-11-20,0
CUST1094,43.0,Male,North,Primary,Self-Employed,413046.9628256157,271281.010586991,Car,636.3168936191344,0,34,32.17,2019-07-18,0
CUST1095,42.0,Male,West,Primary,Salaried,483426.00626047456,133199.2565313203,Business,691.9349058337102,1,167,9.49,2018-06-11,0
CUST1096,62.0,Male,South,Graduate,Self-Employed,280100.9063368595,498253.65831764357,Education,,1,118,19.69,2023-06-16,0
CUST1097,58.0,Male,South,Post-Graduate,Salaried,501932.16904735455,373213.6557297092,Home,807.6756231313686,2,23,16.91,2018-02-04,0
CUST1098,46.0,Male,North,Secondary,Self-Employed,1108148.030181823,255731.30291373932,Home,550.4336990630422,2,114,10.5,2020-08-23,0
CUST1099,32.0,Female,South,Primary,Self-Employed,277379.84530245606,133218.68158570165,Car,696.0618325562715,3,38,30.53,2018-02-06,0
CUST1100,62.0,Male,East,Graduate,Self-Employed,893664.8412777949,78909.01205571186,Home,653.6633906731886,1,36,26.98,2020-04-25,0
CUST1101,18.0,Male,East,Secondary,,1086920.0149493227,394196.85545159335,Home,685.2852515266798,0,80,35.49,2020-04-08,0
CUST1102,42.0,Male,East,Secondary,Salaried,,186582.0607168645,Car,687.1901375917159,1,130,29.67,2019-09-15,0
CUST1103,24.0,Male,South,Graduate,Salaried,184788.50556758692,83642.44256170021,Car,666.6170806424836,3,138,16.53,2021-10-25,0
CUST1104,26.0,Female,West,Graduate,Self-Employed,530288.5334353182,74282.48454644917,Other,,2,145,22.41,2021-04-15,0
CUST1105,41.0,Female,West,Primary,Salaried,,65200.94864489909,Home,587.6855966645685,0,90,19.41,2019-06-05,0
CUST1106,18.0,Female,East,Primary,Self-Employed,,395326.6554615154,Home,,2,79,10.45,2021-07-22,0
CUST1107,61.0,Male,North,Post-Graduate,Unemployed,451750.1426831933,85012.57116884143,Home,580.556775208953,3,139,8.57,2022-07-15,0
CUST1108,25.0,Male,North,Secondary,Salaried,88547043.46997353,206975.9656128051,Car,,1,49,19.78,2018-04-15,0
CUST1109,41.0,Male,North,Primary,Self-Employed,222282.48199214027,170163.13150880768,Home,662.2641390502754,1,177,17.26,2018-06-05,0
CUST1110,28.0,Male,East,Secondary,Self-Employed,850809.0297127711,236643.64154191673,Education,508.49752888030935,2,69,13.9,2018-12-02,0
CUST1111,68.0,Male,South,Primary,Unemployed,314044.38724396564,544207.7674679873,Home,815.3529153320773,3,98,15.7,2020-11-15,0
CUST1112,34.0,Female,South,Secondary,Unemployed,454201.9853228319,525760.368426685,Car,685.4080366302144,2,23,39.83,2023-05-12,0
CUST1113,25.0,Male,West,Graduate,Self-Employed,,169948.85285438466,Business,509.38269018778226,2,123,5.53,2018-10-23,0
CUST1114,52.0,Male,West,Secondary,Salaried,330858.14212060504,23871.383778089374,Home,697.2993052546198,1,51,22.65,2022-04-10,0
CUST1115,52.0,Male,West,Secondary,Self-Employed,430388.12754798523,158974.8406019645,Car,665.7627476453929,0,50,25.06,2021-10-10,0
CUST1116,50.0,Male,South,Graduate,Salaried,438037.12853315525,252973.92552615193,Car,587.7564017195531,0,33,26.68,2020-06-04,0
CUST1117,22.0,Male,East,Graduate,Self-Employed,666632.8388939649,223978.32981192754,Business,701.6512058541981,1,104,8.26,2018-03-10,0
CUST1118,59.0,Other,North,Graduate,,630612.3442501997,283411.71867070533,Car,614.0492301367278,2,69,14.2,2021-09-12,0
CUST1119,56.0,Female,North,Graduate,Salaried,387678.53658703825,61831.360418152944,Car,693.5122840182713,1,155,13.85,2018-05-31,1
CUST1120,58.0,Other,North,Primary,Self-Employed,459635.67183242535,279992.7719780784,Business,630.894322862758,0,132,19.03,2020-05-06,0
CUST1121,45.0,Male,South,Graduate,Salaried,353957.6644750724,70422.46494124443,Car,616.609461776401,3,55,9.35,2019-07-31,0
CUST1122,24.0,Male,South,Secondary,Salaried,94215613.81128117,367098.12085673446,Car,678.9126306375207,3,26,19.87,2019-10-24,0
CUST1123,26.0,Male,West,Post-Graduate,Salaried,516360.5364044607,123533.49861378157,Home,566.4534915280673,3,114,10.57,2021-09-05,0
CUST1124,25.0,Male,North,Secondary,Self-Employed,1376858.5601570818,329378.46161157126,Education,674.2223942072918,1,75,14.17,2020-01-27,0
CUST1125,29.0,,East,Post-Graduate,Unemployed,260346.44806770023,32262.269133939655,Business,726.0077644609092,1,37,32.22,2019-03-28,0
CUST1126,51.0,Male,South,Graduate,Unemployed,278224.0975499501,151003.05719696026,Other,,0,131,25.06,2019-07-24,0
CUST1127,50.0,Male,North,Secondary,Salaried,262383.7319566528,325224.23852792487,Other,756.19977497959,1,113,17.49,2022-08-19,0
CUST1128,,Male,South,Graduate,Self-Employed,683344.9533701821,84327.1841106636,Business,774.7331361098728,0,104,8.2,2021-02-09,0
CUST1129,40.0,Male,North,Post-Graduate,Self-Employed,579019.4060676262,416536.6248971948,Education,648.1700181639269,1,48,19.42,2019-09-27,0
CUST1130,41.0,Female,South,Graduate,Salaried,402269.4370671062,269090.47094452055,Business,608.2754973946633,3,11,20.08,2022-01-25,0
CUST1131,54.0,Male,South,Primary,Salaried,255043.28708704162,241417.2087718324,Car,737.0749453122478,2,132,5.76,2023-03-04,0
CUST1132,52.0,Male,North,Graduate,Salaried,467626.9188252678,129064.41271008067,Car,643.8174661308235,2,95,19.6,2023-06-11,0
CUST1133,61.0,Male,North,Secondary,Unemployed,173031.11686862045,184662.9952995215,Home,680.4383596182155,0,134,9.6,2018-12-28,1
CUST1134,57.0,Male,South,Primary,Self-Employed,482171.8863343724,247421.46117202018,Home,732.2806907584767,0,21,7.85,2018-07-22,0
CUST1135,39.0,Female,West,Secondary,Self-Employed,746323.6495270955,179883.64856217406,Business,821.4768439271029,1,69,9.38,2019-05-02,0
CUST1136,44.0,Female,South,Secondary,Salaried,208830.9846752343,319591.57416780427,Car,717.0160357082634,0,114,5.58,2022-02-12,0
CUST1137,52.0,Other,East,Graduate,Self-Employed,176396.403478341,162156.47255214932,Home,694.3572087715456,1,34,13.41,2018-01-04,0
CUST1138,18.0,Female,East,Secondary,Salaried,1141281.9829814872,76497.26828792815,Home,601.5222381206743,1,96,9.95,2021-02-26,0
CUST1139,52.0,Male,West,Graduate,Salaried,306491.1673915261,80178.56107530357,Business,,1,158,29.09,2020-11-15,0
CUST1140,54.0,,West,Primary,Self-Employed,874640.923146209,21455.169039625926,Education,708.6050002551674,1,167,13.74,2020-03-11,0
CUST1141,64.0,Male,South,Secondary,Salaried,403366.71941221325,109511.01145373844,Car,655.7000620884899,2,79,11.47,2020-09-03,0
CUST1142,31.0,Male,East,Secondary,Self-Employed,401445.5191293794,365493.56702204805,Car,,3,160,7.41,2018-01-27,0
CUST1143,20.0,Female,West,Secondary,,575530.5670865178,11828287.535393823,Car,651.5196165341994,1,157,13.28,2020-12-01,0
CUST1144,18.0,,South,Primary,Self-Employed,260302.75788516522,76558.18639622116,Home,,0,109,32.35,2020-08-22,0
CUST1145,22.0,Female,South,Secondary,Salaried,479020.3146791429,818814.2207201157,Car,577.8695095470904,3,35,35.65,2022-05-26,0
CUST1146,43.0,Male,North,Graduate,Salaried,351901.41738422035,23092640.518341906,Business,765.261596330375,1,101,13.7,2018-03-05,0
CUST1147,31.0,Male,West,Secondary,Salaried,200326.52394031457,642164.6670088718,Car,752.4271378113818,0,55,15.88,2020-11-14,0
CUST1148,56.0,Male,West,Secondary,Salaried,541711.7134085811,326695.476216639,Car,668.2758153921679,0,62,23.37,2018-03-13,0
CUST1149,44.0,Female,North,Secondary,Unemployed,377760.3639923009,340423.6143836971,Home,651.6745361990888,1,38,9.85,2022-02-14,0
CUST1150,26.0,Male,South,Graduate,Salaried,402634.75020571303,42219.72210039591,Car,678.3775606650597,2,25,19.78,2023-03-12,0
CUST1151,32.0,Male,South,Post-Graduate,Self-Employed,,82112.49589750936,Home,690.2593277910578,0,41,53.7,2020-06-18,0
CUST1152,32.0,Male,North,Secondary,Unemployed,1149502.985798298,22213.478441383355,Car,658.9932312740208,3,68,24.11,2018-09-25,0
CUST1153,43.0,Male,West,Secondary,Salaried,748651.2339752109,334807.6450367415,Car,749.9359541988027,1,151,23.73,2023-01-24,0
CUST1154,59.0,Male,North,Primary,Salaried,,125565.70898396375,Business,580.3124280294004,3,128,32.2,2018-04-05,0
CUST1155,30.0,Female,North,Post-Graduate,Self-Employed,368329.49320914026,406208.26565105026,Car,630.1644681045684,1,105,25.84,2019-01-30,0
CUST1156,68.0,Male,South,Primary,Unemployed,156762.98066052847,123476.23838091292,Home,,0,123,14.49,2020-05-18,0
CUST1157,49.0,Male,East,Secondary,Unemployed,,447775.97130266886,Car,702.6993579735209,2,89,9.12,2018-12-30,1
CUST1158,,Male,North,Secondary,Salaried,426488.8468648643,55016.245024252836,Education,632.4321124714136,0,82,15.38,2021-08-31,0
CUST1159,66.0,Male,East,Secondary,Self-Employed,282298.44965398236,67600.47578714619,Home,708.0327926687921,1,108,10.13,2018-04-27,0
CUST1160,69.0,Female,South,Secondary,Salaried,568116.0241367641,124211.10423346733,Education,624.4927688439501,0,76,14.28,2018-06-13,0
CUST1161,49.0,Male,North,Graduate,Unemployed,891153.9481151319,151268.06880500232,Other,658.2918918454542,0,107,10.64,2020-05-26,0
CUST1162,21.0,Male,North,Primary,Unemployed,436336.78479810216,127197.30729535557,Home,753.0603261879718,2,81,13.53,2020-02-29,0
CUST1163,47.0,Male,South,Graduate,Salaried,952785.5211138629,380607.24159697606,Education,745.3158503945626,1,114,7.83,2019-07-31,0
CUST1164,54.0,Other,North,Primary,,847291.4092040887,45494.72456263485,Business,700.1765730434747,1,23,11.63,2018-11-02,0
CUST1165,40.0,Female,West,Primary,Salaried,231925.45574172196,128164.25225335835,Car,606.4195673922713,3,134,20.14,2020-02-11,0
CUST1166,56.0,Male,West,Post-Graduate,Salaried,295293.760043919,473869.6382179056,Education,,1,138,22.85,2022-10-30,0
CUST1167,62.0,Male,West,Secondary,Self-Employed,785850.852226013,37283.15172188231,Home,,1,161,20.5,2018-07-19,0
CUST1168,32.0,Male,North,Graduate,Salaried,86892.97445900577,733313.1055815155,Home,781.8794971645686,0,173,13.63,2022-10-22,0
CUST1169,60.0,Female,West,Graduate,Salaried,404467.46681528294,1092897.3913387998,Education,555.2341396450106,2,137,17.5,2018-06-29,0
CUST1170,46.0,Male,South,Primary,Salaried,187493.84159474965,43184.62016666938,Education,618.9499167170098,3,173,43.47,2018-12-24,1
CUST1171,53.0,Male,South,Post-Graduate,Unemployed,332391.15069125104,106071.05046955678,Other,759.0022374485523,1,66,11.47,2020-01-10,0
CUST1172,30.0,Male,North,Secondary,Self-Employed,369796.43094700034,136463.32984140664,Home,775.2116954455797,4,162,36.69,2021-06-29,0
CUST1173,49.0,Male,North,Graduate,Salaried,356843.7797505774,394464.4841785566,Car,675.120038390554,0,107,7.99,2021-08-15,0
CUST1174,24.0,Male,East,Secondary,Salaried,317630.24978431355,246539.8148253106,Home,787.688051885627,0,104,7.0,2023-03-12,0
CUST1175,68.0,Female,South,Graduate,,229054.17124641812,278463.0811715402,Home,628.6640191904999,1,159,15.28,2019-03-06,0
CUST1176,39.0,Male,North,Primary,,1750035.7251998011,374198.5189732685,Car,574.3532417155467,1,56,16.14,2020-10-24,0
CUST1177,45.0,Male,East,Graduate,Salaried,1356579.7528997483,51384.8532741752,Car,735.316119297539,3,53,9.34,2019-10-15,0
CUST1178,19.0,Male,North,Graduate,Salaried,220303.2990294933,467754.1216923665,Home,770.6293436728536,0,104,13.95,2019-11-09,0
CUST1179,59.0,Other,South,Post-Graduate,Salaried,1143117.8585259088,325720.7910059401,Home,769.462043438749,2,130,20.11,2018-09-11,0
CUST1180,62.0,Male,South,Post-Graduate,Salaried,348126.32846584736,235297.8218539312,Car,619.5588775651195,0,122,10.1,2020-07-29,0
CUST1181,23.0,,West,Graduate,Salaried,478070.0189949614,571217.9389151286,Other,693.95659039733,0,58,27.33,2022-08-16,0
CUST1182,,,West,Graduate,Unemployed,425932.27087785467,321248.62642444094,Business,738.787263287203,3,123,28.86,2022-05-22,0
CUST1183,45.0,Male,South,Secondary,Salaried,297792.0833946663,76317.69137992349,Home,701.0684399262186,2,137,30.65,2022-05-10,0
CUST1184,61.0,Male,South,Secondary,Self-Employed,798357.2086507137,160418.0795067435,Business,,4,141,10.44,2021-01-24,0
CUST1185,,Male,South,Secondary,Salaried,477124.10696524027,190325.83263691916,Education,,2,166,11.15,2018-06-16,0
CUST1186,37.0,Male,West,Secondary,Self-Employed,332391.6249900188,34200.16771685961,Business,675.0568932774944,1,102,15.08,2023-01-31,0
CUST1187,47.0,Female,South,Secondary,Self-Employed,202247.26940052654,793267.450240154,Home,696.5333323053848,2,40,14.35,2021-09-16,0
CUST1188,28.0,Male,North,Graduate,Salaried,258808.32059506982,54407.01765404337,Car,738.2787897465341,2,152,13.97,2023-04-06,0
CUST1189,45.0,Male,North,Secondary,Salaried,165242.92297736986,318886.49187056266,Business,,2,85,24.0,2020-08-22,0
CUST1190,42.0,Male,South,Graduate,Self-Employed,445670.0366472403,196421.88889679147,Home,744.9203900753387,1,89,22.33,2023-03-27,0
CUST1191,56.0,Other,South,Secondary,Salaried,215776.97813533552,26491.619936563606,Other,792.3237295638463,1,87,10.62,2020-05-03,0
CUST1192,50.0,Female,West,Secondary,Salaried,377250.11915774323,666726.4581462437,Business,643.735019331883,2,67,9.29,2020-12-21,0
CUST1193,18.0,,North,Graduate,Salaried,1006572.0560060627,497360.2423917806,Other,668.4738434203067,1,71,8.85,2018-06-23,0
CUST1194,44.0,Other,South,Graduate,Unemployed,908526.8710424538,205719.85923924757,Home,747.7431714243307,4,162,10.6,2021-06-30,0
CUST1195,69.0,Male,West,Graduate,Salaried,433927.98387354205,84998.0293040231,Home,814.9269861895954,2,7,25.1,2022-01-24,0
CUST1196,30.0,Male,West,Graduate,Self-Employed,419890.46738800954,52419.817020959366,Home,724.5171499766784,2,46,17.67,2019-09-16,0
CUST1197,58.0,Female,South,Secondary,Salaried,1366720.6328152416,132900.4876391554,Other,624.963461097605,1,28,26.13,2021-05-23,0
CUST1198,20.0,Female,South,Graduate,Self-Employed,604679.3957753738,93736.52494832399,Home,693.8720588806182,1,48,7.03,2021-06-16,0
CUST1199,56.0,Male,South,Primary,Salaried,363420.6014137306,196654.983474569,Car,,1,133,18.85,2019-02-19,0
CUST1200,23.0,Male,West,Secondary,Self-Employed,,868376.4801583565,Car,623.1202002838988,1,119,18.73,2020-01-09,0
CUST1201,25.0,,North,Secondary,Salaried,560353.9580006317,233889.17208738305,Car,604.5133857662485,3,40,29.97,2022-11-01,0
CUST1202,44.0,Female,West,Primary,Self-Employed,727663.6953810604,571662.0862222922,Home,,0,42,13.4,2022-11-04,0
CUST1203,26.0,Male,East,Secondary,Self-Employed,302854.8979971391,283084.0616325594,Car,726.1743483907014,2,176,12.94,2019-11-06,0
CUST1204,,Male,South,Post-Graduate,Salaried,526876.6045183596,181206.67528173313,Business,584.1550027910564,0,86,34.93,2018-05-06,0
CUST1205,50.0,Male,North,Post-Graduate,Salaried,355704.64729156357,502079.68213309254,Home,631.4844848629899,0,179,15.1,2020-07-29,0
CUST1206,68.0,Male,South,Secondary,Salaried,396162.8172789926,179365.73744688462,Business,699.1561919603138,0,33,17.97,2018-09-10,0
CUST1207,59.0,Male,South,Primary,Salaried,99439.70558624103,527430.8958403926,Education,756.3363127554171,0,45,20.87,2023-02-12,0
CUST1208,61.0,Female,North,Secondary,Self-Employed,387290.8181040345,106178.39520111887,Education,700.3147520166805,3,92,7.14,2023-05-28,0
CUST1209,41.0,Male,East,Secondary,Salaried,791449.6805161929,54474.67852274671,Education,706.2279348752884,3,52,16.79,2022-10-01,0
CUST1210,32.0,Male,West,Post-Graduate,Salaried,302900.14225542394,503298.1528460623,Home,750.3445203334833,2,118,8.82,2018-07-16,0
CUST1211,49.0,Male,South,Primary,Self-Employed,456578.45257336873,241328.3577050794,Car,,3,26,15.74,2022-07-16,0
CUST1212,49.0,Female,East,Graduate,Salaried,281089.82973024785,569764.4602445582,Business,783.9858320805831,1,103,14.19,2019-02-17,0
CUST1213,41.0,Male,North,Primary,Salaried,549225.8420604886,714459.4465956013,Home,537.1046882752415,1,21,12.77,2022-01-19,0
CUST1214,,Male,South,Post-Graduate,Salaried,388514.6205745698,33779.99126178313,Car,686.8640538727514,2,90,22.5,2020-02-15,0
CUST1215,69.0,Female,North,Secondary,Unemployed,251816.28569123312,193771.91645048725,Home,743.8761105092661,1,137,17.27,2020-12-13,0
CUST1216,66.0,Female,East,Graduate,Self-Employed,984147.3203186386,137486.72734339617,Education,798.9850711714869,0,65,9.68,2022-07-29,0
CUST1217,66.0,Female,West,Secondary,Self-Employed,,265780.23394138226,Car,,1,93,9.51,2021-09-24,0
CUST1218,69.0,Female,East,Graduate,,307753.9692608873,414474.1492676581,Car,619.8569591497684,1,138,25.03,2021-10-14,0
CUST1219,29.0,Male,North,Secondary,Self-Employed,596403.6522323499,102331.03688876505,Home,629.1090992094162,0,85,16.14,2021-03-20,0
CUST1220,,Female,South,Primary,Salaried,610752.5728339152,223432.62454707868,Other,631.0677767349409,2,99,8.07,2021-01-28,0
CUST1221,19.0,,South,Post-Graduate,Salaried,,328374.93285391346,Home,701.5263216875426,3,149,13.35,2018-08-22,0
CUST1222,20.0,,South,Post-Graduate,Salaried,160082.80032719905,56092.07013520649,Education,,2,63,15.2,2022-04-17,0
CUST1223,,Female,West,Graduate,Salaried,809331.5383360971,12072077.39139104,Car,466.8736484448816,5,171,8.87,2020-12-21,0
CUST1224,54.0,Female,West,Graduate,Salaried,314324.3275913921,252920.64514923454,Business,597.5197690250094,3,58,11.96,2023-05-19,0
CUST1225,66.0,Male,East,Graduate,Salaried,356932.95426141686,766630.8866510591,Home,648.902561493661,2,130,26.02,2018-07-15,0
CUST1226,34.0,Male,South,Primary,Salaried,2153767.196754112,123700.48491837793,Business,584.626225705492,5,169,57.1,2019-06-26,0
CUST1227,66.0,Male,North,Secondary,Salaried,530260.6878297229,48613.1930684398,Car,595.0529386336439,1,52,19.13,2022-11-14,0
CUST1228,19.0,Other,North,Secondary,Self-Employed,350882.4390034201,196558.71345591755,Car,823.5679441343486,1,72,8.35,2021-02-03,0
CUST1229,19.0,Female,South,Graduate,Salaried,117809.40389543035,42429.42395393312,Education,679.3964674084922,0,111,14.75,2018-10-22,0
CUST1230,45.0,Male,South,Secondary,Self-Employed,,892724.6477214241,Business,652.9719703435055,1,82,17.48,2019-10-07,0
CUST1231,40.0,Male,East,Primary,Salaried,197377.65391358428,29863.274184933678,Education,726.7140399407759,2,81,24.37,2022-01-14,0
CUST1232,54.0,Male,East,Graduate,Self-Employed,242301.15119321804,370102.2779044401,Business,760.2248595855269,0,31,24.66,2022-04-07,0
CUST1233,49.0,Female,North,Graduate,Salaried,362648.24468966405,206164.0183058593,Home,836.8430965118561,3,92,32.53,2018-06-05,0
CUST1234,50.0,Female,South,Secondary,Salaried,1034932.8206807359,134962.10311243043,Other,799.3761112621075,2,159,16.43,2019-02-10,0
CUST1235,18.0,Male,North,Primary,Salaried,703585.0135878995,37027.46657038022,Home,710.4366180737503,0,76,16.59,2020-06-14,0
CUST1236,36.0,Male,North,Secondary,Self-Employed,402438.4698012153,263325.69480967254,Education,572.7034469759756,1,51,6.4,2019-12-27,0
CUST1237,19.0,Female,West,Secondary,Self-Employed,532306.7703787034,240001.95348283893,Car,609.8262333015107,0,107,9.91,2020-01-08,0
CUST1238,,Female,North,Secondary,Salaried,308589.92911632103,102432.89705437639,Car,651.8699087327631,3,25,8.32,2020-03-07,0
CUST1239,43.0,Male,South,Graduate,Salaried,481081.6156207282,622602.9991728315,Home,715.4594243548579,1,119,10.8,2022-09-03,0
CUST1240,49.0,Male,North,Graduate,Self-Employed,,110640.92191675778,Car,686.6021564894902,2,61,9.24,2019-07-08,0
CUST1241,23.0,Male,West,Graduate,Self-Employed,,169334.4679680677,Home,576.8881282995086,0,109,9.56,2022-05-15,0
CUST1242,,Male,South,Secondary,Salaried,790409.8389980408,216185.41877543353,Car,564.3774280630638,2,99,28.35,2019-01-10,0
CUST1243,21.0,Male,North,Graduate,Salaried,595041.4996005681,46404.5478178579,Home,698.1305637508618,3,174,6.29,2022-06-01,0
CUST1244,28.0,Male,South,Secondary,Salaried,355966.34379821585,692657.1575004221,Car,688.4028385244594,2,114,14.89,2019-03-31,0
CUST1245,34.0,Female,East,Secondary,Self-Employed,690446.2292699207,137315.43710726016,Home,665.3086192671943,0,31,25.33,2018-07-21,0
CUST1246,,Male,West,Graduate,Salaried,418661.88674982515,41057.23485617577,Home,713.8048237828065,0,132,14.14,2022-10-22,0
CUST1247,41.0,Female,North,Secondary,Unemployed,231156.76108745948,142466.3634330432,Home,767.2768722626216,1,165,31.93,2022-01-15,0
CUST1248,22.0,Male,West,Primary,Salaried,347328.85700870946,249199.3069632605,Car,701.7048255666076,2,80,12.19,2021-04-25,0
CUST1249,69.0,Male,West,Graduate,Salaried,,200208.0608250551,Business,614.0844751641682,0,39,39.46,2022-06-20,0
CUST1250,51.0,Male,West,Secondary,Salaried,763852.1054828448,316485.7260918364,Other,814.0653744968963,1,102,7.51,2020-05-03,0
CUST1251,23.0,Male,East,Graduate,Unemployed,396282.68901411805,34270.647667214056,Home,667.6584062163663,3,148,31.96,2019-12-25,0
CUST1252,39.0,Female,East,Primary,Self-Employed,214160.44867894842,103707.60987222074,Education,683.4998343049268,0,40,10.52,2021-10-23,0
CUST1253,28.0,Other,South,Graduate,Salaried,457734.68734739616,447633.24125430983,Education,634.2439373171592,1,70,33.87,2018-12-06,0
CUST1254,65.0,Male,East,Secondary,Self-Employed,473578.8123118312,40816.51471667425,Car,604.7910515935703,2,60,13.01,2018-09-19,0
CUST1255,33.0,Male,South,Primary,Salaried,494598.9827434756,503594.6442043164,Education,610.490395249979,1,149,28.57,2023-02-08,0
CUST1256,50.0,Female,East,Graduate,Salaried,,44099.11772242962,Home,595.1044027052009,2,152,31.09,2023-05-02,0
CUST1257,26.0,Male,South,Secondary,Salaried,815334.668436884,469626.8688111778,Car,469.3041243843259,1,98,12.32,2022-06-01,0
CUST1258,23.0,Male,East,Secondary,Salaried,309735.3420722402,131879.93467443075,Car,,0,110,27.41,2019-06-27,0
CUST1259,33.0,Female,West,Primary,Salaried,305686.0656836597,256822.22685098147,Home,220.0,0,88,16.22,2019-07-05,0
CUST1260,46.0,Male,North,Primary,Unemployed,237015.48924047037,61480.32942658481,Education,611.0981296601311,2,140,7.91,2021-08-22,0
CUST1261,20.0,Male,West,Secondary,,672857.8730629679,37114.87532920174,Car,850.0,0,150,21.2,2023-02-13,0
CUST1262,,Male,South,Primary,Unemployed,1055254.011390531,80816.86008377095,Home,777.0464465096425,0,22,9.89,2022-10-16,0
CUST1263,53.0,,West,Post-Graduate,Salaried,366205.8343566312,54199.55727755259,Car,678.7243315870495,0,150,11.86,2019-09-30,0
CUST1264,36.0,Male,South,Primary,Self-Employed,,113639.14567643398,Business,602.2242724802102,1,129,10.52,2018-06-14,0
CUST1265,,Male,South,Secondary,Salaried,,200583.88480922047,Business,568.2031483104263,0,6,19.87,2020-01-28,0
CUST1266,20.0,,West,Primary,,599190.4133224094,242144.24721888968,Education,672.0421427367627,3,80,10.05,2019-09-13,0
CUST1267,36.0,Male,North,Secondary,Salaried,574779.3016485752,410004.9713288514,Car,684.7684452794159,1,142,8.91,2021-01-16,0
CUST1268,37.0,Female,West,Post-Graduate,Salaried,216522.5756300291,286952.80724356254,Car,665.692902011149,0,146,9.76,2021-05-08,0
CUST1269,49.0,Male,South,Secondary,,664796.8881079184,254607.45391013936,Car,754.852618420485,0,30,11.53,2021-07-18,1
CUST1270,24.0,Other,South,Post-Graduate,Salaried,88965742.22881153,152664.42455538767,Home,784.7957467368154,2,51,21.08,2018-02-20,0
CUST1271,69.0,Male,South,Secondary,Self-Employed,224041.7928010753,180522.48511381962,Car,713.0871724087466,2,34,25.91,2019-05-04,0
CUST1272,58.0,Male,South,Graduate,Salaried,,153831.16799151257,Car,716.8526181278186,3,60,25.72,2018-07-17,0
CUST1273,50.0,Male,South,Graduate,Salaried,311303.7385801375,481552.9054075601,Car,657.9111316465393,0,123,16.16,2020-11-12,0
CUST1274,57.0,Male,North,Graduate,Salaried,,85341.3379649437,Other,679.6557347453362,0,174,15.95,2019-10-27,0
CUST1275,56.0,,North,Graduate,Unemployed,186355.42554325442,21434.339688353513,Business,150.0,4,136,15.0,2021-05-31,0
CUST1276,35.0,Other,North,Graduate,Self-Employed,786454.2131905168,283400.0970219642,Home,657.8283286063709,3,143,20.53,2023-05-20,0
CUST1277,57.0,Male,West,Secondary,Salaried,870316.1163056585,76556.50670316779,Home,726.2593019559614,0,156,28.78,2021-05-29,0
CUST1278,18.0,Male,West,Secondary,Salaried,137529.6096088256,572080.5387704199,Home,606.0676999333548,2,169,15.25,2019-10-25,0
CUST1279,28.0,Female,South,Post-Graduate,Salaried,795777.3251360323,509831.00551946607,Education,628.7458400290121,3,134,21.46,2018-09-23,1
CUST1280,45.0,Female,East,Secondary,Unemployed,272034.13183879055,39957.67910020764,Education,606.716083255935,1,144,8.84,2018-03-14,0
CUST1281,42.0,Male,South,Secondary,Self-Employed,739837.112116867,48121.0140426016,Other,633.1964520217174,1,25,25.19,2023-03-20,0
CUST1282,67.0,Male,East,Graduate,Salaried,424612.4308347673,190884.1735185988,Car,659.8901042296998,2,72,18.32,2018-03-18,0
CUST1283,40.0,Male,West,Secondary,Salaried,,254904.3378011864,Business,752.0363795681127,2,130,9.81,2019-06-28,0
CUST1284,48.0,Male,West,Post-Graduate,Salaried,395909.6906630809,100364.30026505419,Car,682.9002527369895,0,47,28.07,2020-05-30,0
CUST1285,47.0,Male,South,Graduate,,915547.496862468,335398.463673213,Business,590.098458775044,0,104,8.84,2019-03-11,0
CUST1286,59.0,Male,East,Graduate,Salaried,210290.92171197114,245915.2194037396,Education,581.8627672931841,0,127,5.27,2023-05-15,0
CUST1287,52.0,Male,North,Graduate,Self-Employed,637114.2043897611,118195.51097597685,Education,650.8801729757685,2,97,25.11,2020-12-24,0
CUST1288,24.0,Female,West,Primary,Salaried,856661.4673415195,26424.723491265777,Car,738.4080720984529,1,144,19.94,2023-06-08,0
CUST1289,,Male,North,Secondary,,679970.061056024,366723.91676553735,Education,778.2083861356248,0,133,8.98,2018-12-23,0
CUST1290,43.0,Male,East,Secondary,Self-Employed,1784804.3308110167,80439.45223210266,Car,568.6464502144665,1,165,19.64,2020-07-24,0
CUST1291,65.0,Male,East,Secondary,Self-Employed,322104.7049638439,469656.36174398137,Home,706.0646725129042,2,120,29.52,2018-01-18,0
CUST1292,69.0,Male,East,Graduate,Self-Employed,785741.3087858381,156306.93726928934,Home,651.8689276966852,0,119,18.74,2019-11-07,0
CUST1293,66.0,Male,North,Post-Graduate,Self-Employed,415129.42530428316,235141.5490511694,Car,657.3045450553539,3,146,55.66,2022-12-28,0
CUST1294,19.0,Male,West,Secondary,Salaried,927310.4127317537,535791.1441051427,Car,605.503068476333,3,123,10.75,2022-05-09,0
CUST1295,18.0,Male,North,Secondary,Salaried,440377.06400883466,518083.04405938904,Home,664.5955726782963,4,97,5.38,2019-07-29,0
CUST1296,65.0,Male,East,Post-Graduate,Salaried,350555.5745771519,136112.59935228832,Home,602.3574378079127,0,146,8.12,2022-11-28,1
CUST1297,29.0,Male,North,Secondary,Unemployed,968635.1737704745,78579.21418712827,Home,661.3904353560953,0,13,5.22,2020-01-21,0
CUST1298,22.0,Male,South,Secondary,Salaried,,393076.08049272746,Car,760.3780489809178,2,77,47.92,2021-12-30,1
CUST1299,54.0,Female,South,Secondary,Self-Employed,189541.74029517846,161884.35945520498,Home,724.1866263992557,2,30,16.4,2020-09-22,0
CUST1300,,Male,South,Post-Graduate,Self-Employed,324451.6709368535,73311.2985095337,Home,813.9626127482285,0,110,43.36,2022-01-04,0
CUST1301,26.0,Female,North,Graduate,Salaried,641407.1848182714,606961.8952665074,Home,716.8450060791398,1,149,13.77,2020-10-29,0
CUST1302,58.0,Male,North,Graduate,Salaried,1019908.2711304857,75194.14939051028,Home,692.2162648647766,1,72,10.46,2022-02-02,0
CUST1303,52.0,,South,Graduate,Salaried,472918.1580751769,26536.503916282007,Business,718.702692525867,3,114,6.92,2019-09-24,0
CUST1304,36.0,Male,East,Secondary,Salaried,975707.609752411,25122.10891293696,Home,,1,135,13.49,2021-10-03,0
CUST1305,65.0,Male,West,Secondary,Salaried,195848.1801740675,263423.92697469017,Education,533.9780155867479,1,29,25.08,2022-06-14,0
CUST1306,33.0,Female,North,Graduate,Salaried,,290937.12162117125,Car,,2,25,14.7,2019-01-07,0
CUST1307,20.0,Female,South,Secondary,,,113143.63490911345,Other,554.3269640684052,0,144,7.4,2020-08-27,0
CUST1308,37.0,Female,North,Graduate,Unemployed,413025.38854010944,10981167.348172864,Home,758.5120738708307,2,58,22.8,2023-01-22,0
CUST1309,,Male,North,Post-Graduate,Salaried,465308.83851205994,123687.23560882712,Home,732.5569620339271,1,5,25.01,2021-04-13,0
CUST1310,50.0,Male,East,Graduate,Salaried,669674.1799043011,304982.46614751004,Home,620.5335198002692,1,132,12.62,2022-03-19,0
CUST1311,41.0,Male,East,Graduate,Salaried,338783.28244086704,34973.010795926115,Home,649.4737235814416,2,5,11.85,2021-02-27,0
CUST1312,69.0,Male,North,Graduate,Self-Employed,480901.2430829604,681678.8791235116,Education,679.1922975713106,1,177,7.0,2022-05-09,0
CUST1313,28.0,Male,North,Graduate,,430596.29767111514,82924.67544030509,Home,615.4480077805764,1,178,22.51,2021-08-09,0
CUST1314,66.0,Male,North,Secondary,Salaried,253841.683322247,2026544.5589452554,Home,717.836413254428,0,139,13.05,2022-09-16,0
CUST1315,25.0,Male,West,Primary,Salaried,413246.6819744672,67041.45847637538,Business,724.0068847107535,0,14,4.31,2023-05-05,0
CUST1316,53.0,Male,West,Secondary,Self-Employed,405876.5312298787,389105.6008990976,Car,578.9926991897283,1,147,7.83,2018-12-19,0
CUST1317,55.0,Female,North,Graduate,,400693.3341600818,83211.50386788131,Home,622.382369501914,3,44,21.78,2018-08-12,0
CUST1318,57.0,Other,North,Secondary,Salaried,450924.71429873165,41075.61734241396,Home,677.4235207818881,0,143,13.86,2022-03-28,0
CUST1319,37.0,Female,West,Graduate,Self-Employed,462963.7907876991,539727.0696737524,Home,,2,178,9.32,2020-08-11,0
CUST1320,52.0,Male,West,Secondary,Salaried,341336.09699153865,509308.2059052764,Other,725.659949695362,2,49,16.89,2022-09-27,0
CUST1321,,Male,South,Graduate,Salaried,949441.1623983618,149198.51338593854,Business,516.8357188931809,3,91,10.8,2022-11-18,0
CUST1322,42.0,Male,North,Secondary,Self-Employed,219325.3718618183,322998.00355336943,Business,659.560407559892,2,145,11.92,2022-03-13,0
CUST1323,52.0,Female,North,Graduate,Self-Employed,287051.79100304755,223583.588064306,Other,713.087153190241,1,31,14.37,2019-01-03,0
CUST1324,42.0,Male,South,Graduate,Salaried,2345427.332336872,499256.04758060933,Car,624.0028127782932,0,54,38.2,2022-08-17,0
CUST1325,46.0,Male,South,Secondary,Unemployed,237329.60373586707,114604.53777316134,Home,618.5811351221055,1,65,38.11,2022-06-02,0
CUST1326,35.0,Female,North,Secondary,Salaried,196368.2879418468,205412.3565449425,Car,627.7131721908188,2,17,6.14,2022-08-03,0
CUST1327,63.0,Male,South,Graduate,Self-Employed,687409.9011079111,186077.9226820963,Education,658.4416012436218,0,144,15.92,2022-03-04,0
CUST1328,35.0,Male,North,Secondary,Salaried,127226.98934110312,129202.50150905788,Business,611.4634605526505,4,161,7.96,2021-01-18,0
CUST1329,19.0,Male,East,Secondary,Self-Employed,384168.1606290849,575147.7600461334,Car,726.1951258809171,2,89,9.66,2019-10-18,0
CUST1330,52.0,Male,South,Post-Graduate,Unemployed,1603172.3693637971,65343.87850715127,Car,619.7508971621608,2,88,6.49,2023-05-27,0
CUST1331,33.0,Male,North,Graduate,Salaried,175087.03054913602,60485.25634110462,Other,220.0,3,24,10.66,2020-12-31,1
CUST1332,58.0,Male,South,Post-Graduate,Unemployed,134702.14796465109,235042.31457909668,Home,652.0915669979751,1,35,9.06,2019-03-09,0
CUST1333,53.0,Male,South,Secondary,Self-Employed,179960.25120098944,287866.69366561715,Business,783.5241587833308,3,12,27.46,2022-09-09,0
CUST1334,50.0,Male,West,Secondary,Self-Employed,758437.5501366137,74110.03434678339,Home,716.7695907943548,0,28,10.79,2021-10-03,0
CUST1335,21.0,Female,South,Graduate,Salaried,,143868.28721195084,Car,721.2204684115516,5,171,6.22,2021-07-10,0
CUST1336,50.0,Male,North,Graduate,,325281.656639229,752316.9160917328,Home,,1,37,16.42,2021-07-18,0
CUST1337,31.0,Male,East,Graduate,Self-Employed,666587.9996714254,90795.52735264805,Education,613.7113338826914,2,46,15.05,2019-05-24,1
CUST1338,,Male,North,Secondary,Salaried,,295926.8382108616,Car,,0,147,14.41,2019-05-23,0
CUST1339,65.0,,West,Secondary,Unemployed,1292912.325811332,356912.1010629857,Car,623.300284826263,0,164,22.31,2019-09-09,0
CUST1340,37.0,Male,South,Primary,Salaried,381626.9467713712,168610.10277350212,Business,756.4092001319707,1,143,30.45,2019-02-24,0
CUST1341,,,South,Secondary,Salaried,111203.48157075323,713251.1492142428,Education,700.6735711897944,0,98,14.31,2020-12-31,0
CUST1342,24.0,Female,North,Primary,Salaried,270349.9869540007,353574.2271353312,Education,563.288600811324,1,41,18.78,2018-03-15,0
CUST1343,20.0,Female,South,Primary,,342462.5141779093,173087.53391875263,Home,781.6857154869285,2,151,14.49,2022-08-06,0
CUST1344,34.0,Male,West,Post-Graduate,Self-Employed,378751.92642104515,230606.30545162328,Business,656.7633998222118,0,38,21.18,2022-03-07,0
CUST1345,50.0,Female,West,Secondary,Salaried,395254.1913809085,314912.295377891,Home,725.7364610164155,1,57,7.89,2019-07-28,0
CUST1346,65.0,Male,North,Graduate,Unemployed,865737.270533034,244238.58543815577,Home,753.6636558032493,2,144,22.39,2018-05-26,0
CUST1347,,Male,North,Graduate,Salaried,950417.8947007626,547367.1360592274,Home,500.65519215802374,1,100,18.94,2018-02-15,0
CUST1348,68.0,Male,West,Graduate,Salaried,399111.3811406494,130359.35405103928,Car,711.8218395095962,4,109,10.18,2022-10-31,1
CUST1349,39.0,Male,West,Secondary,Salaried,855200.245389514,109127.93219183647,Business,662.319675447011,3,52,49.61,2021-02-02,0
CUST1350,39.0,Female,North,Graduate,Salaried,548310.3950915235,80148.3830901528,Home,,3,44,8.33,2021-02-06,0
CUST1351,63.0,Male,South,Graduate,Unemployed,459872.05281334533,29628.812209733966,Car,,0,156,19.39,2021-09-02,0
CUST1352,47.0,Male,South,Graduate,Self-Employed,762171.2098443097,30991.61986608338,Business,648.1774020855548,1,92,10.19,2018-05-01,0
CUST1353,55.0,Female,West,Graduate,,,530161.3702644445,Education,739.1955963736979,1,47,21.96,2022-03-03,0
CUST1354,55.0,Female,North,Post-Graduate,Salaried,1520708.2013550682,303606.3577443738,Business,667.6633434991581,3,21,44.69,2020-12-02,0
CUST1355,62.0,Male,North,Graduate,Salaried,186643.05965714398,290094.20411815617,Home,690.3684920037372,3,106,24.23,2023-05-18,0
CUST1356,68.0,Male,East,Secondary,Salaried,324778.10053807485,258396.1579389144,Education,655.0710146012125,2,166,15.52,2018-04-09,0
CUST1357,25.0,Male,North,Graduate,Salaried,410072.25785689376,492981.946418147,Home,756.1532992014075,6,115,26.16,2019-12-07,0
CUST1358,44.0,Female,South,Primary,Salaried,575889.8071094233,183609.97944687464,Other,716.4721809629939,1,74,12.24,2018-11-07,0
CUST1359,44.0,Male,South,Graduate,Self-Employed,946736.6949402955,530846.5130613388,Car,691.39988372488,0,64,21.0,2021-05-22,0
CUST1360,51.0,Other,South,Primary,Salaried,435984.01536765194,131355.0829481414,Education,599.980689916262,0,81,17.18,2022-01-26,1
CUST1361,38.0,Male,South,Secondary,Self-Employed,188463.98569515132,673324.2634407253,Home,688.3887590591731,0,39,8.95,2022-10-31,0
CUST1362,47.0,Male,South,Graduate,Salaried,733445.3279069116,319876.51550665917,Home,,2,166,38.64,2019-02-27,0
CUST1363,50.0,Male,North,Graduate,Salaried,695909.7488285566,94324.41729522403,Home,735.668710054952,4,20,30.63,2021-11-13,0
CUST1364,45.0,Male,South,Secondary,,137982.86701579165,227576.9572798293,Car,628.246005145726,1,150,10.72,2022-09-17,0
CUST1365,64.0,Male,West,Secondary,Salaried,441404.7437480891,210372.86640341918,Home,809.6721923149378,0,42,27.46,2021-02-09,0
CUST1366,50.0,Female,East,Graduate,Self-Employed,170401.87581007017,57095.659755895475,Education,625.16244649799,2,175,9.13,2023-04-19,0
CUST1367,22.0,Male,North,Secondary,Self-Employed,296917.4228249452,243658.55023987163,Home,730.0012828497712,0,36,20.73,2023-02-26,0
CUST1368,65.0,Male,North,Graduate,Salaried,257381.48580103155,114505.88290091058,Business,676.7660118474115,0,11,16.84,2018-09-29,0
CUST1369,36.0,Female,North,Primary,Unemployed,718958.4302337507,33442.18547411972,Home,692.7490360418558,1,50,38.06,2020-04-04,0
CUST1370,21.0,Male,South,Graduate,Salaried,474538.53450970404,762302.5665467286,Home,695.318080271184,1,22,19.41,2021-01-30,0
CUST1371,52.0,,South,Graduate,,,276449.9386921363,Business,662.6702101511883,1,75,7.59,2018-07-29,0
CUST1372,66.0,Male,East,Secondary,Self-Employed,750158.335907589,543728.0125583857,Education,,1,44,27.38,2020-01-09,0
CUST1373,34.0,Male,North,Secondary,Salaried,187159.50602230133,301796.1582775319,Car,587.8216140805786,3,92,13.19,2020-03-03,0
CUST1374,61.0,Male,North,Secondary,Self-Employed,539322.1079549756,130396.29823002935,Home,601.2486678852624,1,82,12.89,2020-11-11,0
CUST1375,45.0,Male,South,Graduate,Self-Employed,271466.38496986555,199712.7130931354,Education,703.3774589494752,1,9,16.69,2020-01-30,0
CUST1376,47.0,Female,East,Graduate,Unemployed,355255.93433112686,301557.616154076,Car,,2,90,12.34,2018-06-08,0
CUST1377,,Male,North,Graduate,Salaried,598727.8593024379,826300.9838065954,Home,616.2993078081568,1,26,40.34,2023-03-30,0
CUST1378,63.0,Male,East,Secondary,Salaried,604930.9749036302,93146.67315599063,Education,850.0,1,78,24.6,2020-01-11,0
CUST1379,23.0,Male,North,Secondary,Self-Employed,986759.3254319866,539814.506878133,Car,,1,94,9.28,2023-05-08,0
CUST1380,52.0,Male,West,Primary,Salaried,,664511.5542404245,Home,720.6576866252396,0,83,11.43,2018-12-09,0
CUST1381,58.0,Female,West,Secondary,Salaried,,297480.6383071804,Other,,2,170,8.54,2021-11-24,0
CUST1382,54.0,Male,North,Graduate,Salaried,340223.3547197285,689380.1061992511,Business,623.130835125578,0,123,26.68,2022-01-17,0
CUST1383,,Male,North,Graduate,Salaried,493458.44496249896,22829217.046644397,Home,,2,133,15.9,2019-11-30,0
CUST1384,46.0,Other,South,Graduate,Salaried,575901.3333887705,784487.9768964463,Car,656.1764921734334,1,82,10.09,2021-03-12,0
CUST1385,66.0,Male,North,Secondary,Self-Employed,417071.9765523288,323323.08848888293,Home,,2,40,36.09,2023-02-17,1
CUST1386,63.0,Female,East,Post-Graduate,Self-Employed,,30728.380324889244,Business,729.9154291675401,0,99,21.17,2023-03-09,0
CUST1387,48.0,Male,West,Graduate,Salaried,539761.4371114182,613447.3300183689,Education,551.8764449253443,2,32,18.04,2019-02-01,0
CUST1388,52.0,Male,East,Post-Graduate,Salaried,,185641.30753321337,Home,830.3073017526847,3,102,17.62,2019-06-20,0
CUST1389,50.0,Male,West,Graduate,Salaried,294164.9414047444,174197.9625489779,Home,697.3617301679874,2,39,8.34,2018-05-21,0
CUST1390,69.0,Female,South,Secondary,,204713.71673249707,228946.61305820363,Home,,0,66,21.75,2020-08-18,0
CUST1391,38.0,Other,North,Primary,Salaried,1072526.3414791096,60448.78222064129,Car,691.0232356744202,1,91,13.34,2018-08-28,0
CUST1392,49.0,Male,East,Graduate,Self-Employed,594138.2447506837,178326.50395259517,Education,,0,178,25.41,2018-10-19,0
CUST1393,40.0,Male,South,Primary,Salaried,385598.28012312425,464652.4022924599,Home,611.9221932279722,2,112,22.64,2020-03-27,0
CUST1394,,Male,East,Secondary,Self-Employed,223637.1765563209,23900.891008821098,Home,,3,129,15.95,2018-03-23,0
CUST1395,20.0,Male,North,Graduate,Salaried,,99678.71516397383,Home,662.0459826726584,1,83,15.4,2019-07-14,0
CUST1396,35.0,Male,North,Graduate,Self-Employed,966613.7255068002,20614.400969966435,Home,827.1900983527925,1,129,37.69,2023-03-04,0
CUST1397,42.0,Other,West,Graduate,Salaried,480507.0428017822,154340.0211622541,Car,686.4865737050875,1,65,8.43,2020-05-19,0
CUST1398,,Male,North,Secondary,Self-Employed,317949.4731903601,345778.4627541997,Car,728.5722864150945,4,30,12.35,2018-06-20,0
CUST1399,48.0,Male,West,Secondary,Salaried,600677.5449901628,420828.95905420836,Education,745.6959997282033,1,167,29.03,2022-12-03,0
CUST1400,20.0,Male,West,Graduate,Self-Employed,271403.2734156607,745969.5654331677,Other,669.8670570008569,1,61,34.56,2020-09-03,0
CUST1401,57.0,Male,East,Post-Graduate,Self-Employed,1088711.9064137791,254445.3866081031,Other,598.7285987091063,0,136,15.35,2019-08-03,0
CUST1402,,Male,East,Graduate,Salaried,996177.0889751734,93467.58396394964,Car,568.0880821608687,1,46,11.59,2019-06-10,0
CUST1403,41.0,Male,South,Post-Graduate,Self-Employed,334387.42582185584,664742.633786103,Education,652.8783471433219,1,177,11.71,2019-06-26,0
CUST1404,67.0,Female,West,Graduate,Salaried,303397.11949915683,393264.80324395275,Other,760.0755419367363,2,171,8.03,2018-04-20,0
CUST1405,49.0,Male,North,Graduate,Salaried,91961.02093708212,233580.56688593258,Home,745.477450503474,0,26,44.74,2021-05-20,0
CUST1406,64.0,Male,South,Secondary,Salaried,181870.74784154148,317386.1941091263,Home,697.9466439618276,1,143,15.27,2022-12-05,0
CUST1407,39.0,Male,East,Graduate,Salaried,198058.58208364306,665298.2980443129,Home,707.2215031591096,1,169,20.75,2022-01-01,0
CUST1408,40.0,Female,South,Graduate,Self-Employed,479794.9982092865,331540.9725109629,Car,670.4222947687988,0,94,20.85,2018-11-18,0
CUST1409,19.0,Female,South,Graduate,Self-Employed,363763.7063099712,134864.65894242743,Business,646.2962604348402,1,62,34.53,2020-06-18,0
CUST1410,44.0,Male,South,Secondary,Salaried,197362.75444398657,332092.8334666463,Car,628.3271494802285,2,11,13.33,2019-12-15,1
CUST1411,,Female,South,Graduate,,373734.74041081476,30277.94733902125,Car,576.9984828988707,2,140,13.81,2018-03-25,0
CUST1412,19.0,Male,West,Secondary,Self-Employed,,142109.34769345273,Car,805.7988071637583,2,55,24.91,2020-08-13,0
CUST1413,,Male,North,Graduate,Unemployed,607254.7141516237,150354.9830504027,Home,691.9784677115128,1,155,6.7,2019-01-11,0
CUST1414,34.0,Male,West,Secondary,Salaried,141520.21265532984,65631.86482385537,Home,649.0274321040031,3,94,34.65,2020-12-12,0
CUST1415,57.0,Male,East,Graduate,Unemployed,409643.23924943403,25839.030913819766,Home,807.4816575054737,3,112,39.22,2023-03-06,0
CUST1416,50.0,Male,West,Secondary,Salaried,192913.1822570869,55789.029552958425,Home,,1,13,18.59,2022-02-28,0
CUST1417,26.0,Female,South,Primary,Salaried,759972.2650825355,285778.58742709795,Business,,0,178,10.29,2021-07-03,0
CUST1418,60.0,Female,East,Secondary,Self-Employed,708204.2712748386,425236.995420913,Business,,1,42,25.19,2019-08-09,0
CUST1419,65.0,Male,North,Graduate,Salaried,258120.97883304636,1129987.9462841756,Business,687.3661540945599,0,115,14.95,2021-05-28,0
CUST1420,56.0,Male,West,Secondary,Salaried,279392.4989803716,126300.9742995105,Education,725.5669145746367,1,17,17.66,2022-08-06,0
CUST1421,46.0,Male,North,Secondary,Salaried,335453.88342984184,248684.9976370044,Business,796.352959327344,0,11,18.34,2018-04-10,0
CUST1422,59.0,Male,West,Graduate,Self-Employed,114499.29710781308,711731.0661640604,Education,684.3416224569709,2,143,11.83,2018-05-09,0
CUST1423,43.0,Male,West,Secondary,Self-Employed,541219.877983799,65692.94893552075,Education,611.1651600075706,1,71,19.56,2020-07-06,0
CUST1424,52.0,Male,North,Post-Graduate,Salaried,375604.9751853571,336148.0527799623,Education,627.2634293462826,2,45,7.91,2018-08-07,0
CUST1425,67.0,Male,North,Post-Graduate,Salaried,791832.4136984056,371602.5671829526,Car,762.4202014572218,2,161,5.49,2019-04-22,0
CUST1426,42.0,Female,East,Graduate,Salaried,,43296.38198318305,Car,723.472463520826,0,169,19.73,2022-12-12,0
CUST1427,41.0,Male,North,Secondary,Salaried,305140.0806737927,513769.27381309145,Education,667.8962921256664,1,20,27.71,2022-01-21,0
CUST1428,30.0,Male,West,Graduate,Salaried,179169.01284456757,439302.14230590675,Home,,2,48,12.72,2018-01-22,0
CUST1429,24.0,Female,North,Primary,Self-Employed,242177.36790400237,28493.407510756057,Car,667.8994123005443,0,54,12.37,2022-09-10,0
CUST1430,53.0,,North,Secondary,,217686.40617763737,43875.76369289055,Car,766.732732092202,1,138,22.73,2019-07-14,0
CUST1431,62.0,Male,West,Secondary,Salaried,804184.6671584381,32593.664350633153,Home,624.7732937721443,2,22,16.28,2019-09-21,0
CUST1432,37.0,Male,East,Post-Graduate,Salaried,290989.62446227396,121895.66155233869,Other,,1,151,12.39,2020-10-15,0
CUST1433,18.0,Male,West,Primary,Salaried,476634.58678243286,197974.97504729158,Home,807.1766141505387,1,55,19.16,2021-09-14,0
CUST1434,25.0,Female,South,Graduate,Unemployed,352054.7413482588,210007.56692053383,Home,681.7538130427762,0,7,16.5,2023-03-27,0
CUST1435,63.0,Male,East,Graduate,Salaried,206554.76052990588,97879.90559933422,Home,674.4469868600565,0,93,8.81,2022-09-11,0
CUST1436,,Male,South,Secondary,Salaried,399919.97600862494,626462.0225130861,Business,726.9694483802417,0,58,15.57,2022-02-12,0
CUST1437,,Female,East,Primary,Salaried,60572456.043113485,134820.44451655942,Car,610.7762749025792,3,53,18.02,2022-12-14,0
CUST1438,29.0,Female,East,Post-Graduate,Salaried,214345.4756439493,31655.04601096362,Education,732.5347200543534,1,32,12.59,2023-03-13,0
CUST1439,68.0,Female,South,Graduate,Salaried,718892.9041087484,109249.86041038523,Business,653.2090932468459,2,42,26.12,2018-12-05,0
CUST1440,40.0,Male,South,Graduate,Salaried,265711.7748535089,209346.46202140907,Home,,0,32,20.94,2023-03-11,0
CUST1441,32.0,Male,North,Secondary,Salaried,331111.2313743067,151155.853658449,Home,572.6386128830873,3,36,14.32,2023-02-26,0
CUST1442,45.0,Other,East,Secondary,Salaried,608291.7353865103,99997.0929597349,Home,711.5466331576291,0,45,17.58,2018-06-28,0
CUST1443,51.0,Female,North,Secondary,Salaried,,55196.050483356354,Education,663.8137200166575,1,40,13.62,2019-02-25,0
CUST1444,19.0,Male,East,Primary,Salaried,452500.84775022353,447541.8753181825,Education,630.6749691313668,0,107,14.7,2022-02-14,0
CUST1445,49.0,Male,North,Primary,Unemployed,366291.77810791053,1409611.7704428027,Home,733.9941205448918,2,40,14.97,2020-10-03,0
CUST1446,40.0,Male,East,Graduate,Salaried,478121.80635529495,119948.60429916171,Home,669.6174654002514,0,111,6.79,2018-02-18,0
CUST1447,39.0,Female,East,Secondary,Salaried,106038.39629317002,140163.45308193655,Home,,1,130,16.67,2023-01-25,0
CUST1448,68.0,Male,North,Secondary,Salaried,147589.6269961653,260608.22683482137,Education,768.5998344550412,5,91,19.28,2023-04-14,0
CUST1449,42.0,Male,North,Graduate,,,336853.73699673166,Home,,0,70,56.3,2020-02-06,0
CUST1450,39.0,Male,North,Graduate,Self-Employed,824315.6808806787,144407.24379386514,Home,604.3740205467002,1,142,20.49,2018-01-30,0
CUST1451,39.0,,East,Primary,Salaried,256198.54208173256,608284.1839914507,Car,642.0777621492657,1,74,11.86,2018-03-26,0
CUST1452,66.0,Female,West,Graduate,Self-Employed,382155.5442824645,225247.4046350726,Education,712.1503942726322,1,83,7.24,2020-02-28,0
CUST1453,69.0,Male,North,Primary,Salaried,527989.4343256899,169636.62055176005,Education,735.5713831101536,2,97,9.7,2022-03-06,1
CUST1454,59.0,Female,East,Primary,Salaried,670601.6416180397,280090.1516541904,Car,652.6330606846268,2,96,12.81,2022-04-19,0
CUST1455,23.0,Other,South,Primary,Self-Employed,131057.7883030506,783360.7301043144,Education,693.8497435669499,1,26,12.93,2018-11-25,0
CUST1456,32.0,Male,South,Graduate,Salaried,259984.12535662376,415640.937875357,Car,693.411097447578,2,24,14.6,2019-09-02,0
CUST1457,60.0,Male,West,Primary,Salaried,362381.3437437606,30208.918063637357,Other,703.1629429538558,1,37,13.45,2019-03-10,0
CUST1458,54.0,Male,South,Primary,Salaried,674606.015254187,120982.78783290087,Home,597.4736840463768,4,147,14.65,2019-08-11,0
CUST1459,50.0,Female,South,Secondary,Self-Employed,1980892.9586699654,178976.62708612703,Education,580.9477508629365,2,139,13.31,2022-09-07,0
CUST1460,25.0,Male,North,Graduate,Salaried,385847.1416447531,114408.1036143196,Car,521.8534090507021,0,94,16.6,2023-02-20,0
CUST1461,61.0,Male,North,Secondary,,190196.59424161536,321149.5506537182,Home,687.3892766772938,3,54,10.47,2021-06-26,0
CUST1462,61.0,,North,Secondary,Salaried,563183.5336777949,457562.00391194917,Education,584.5066840996708,3,14,8.76,2023-02-19,0
CUST1463,22.0,Male,North,Primary,Self-Employed,977347.4269763199,348581.9011767897,Home,829.5707945000565,1,83,14.6,2021-03-03,0
CUST1464,,Female,East,Secondary,,472035.0274850876,1155156.8262527075,Car,725.7881238126384,1,41,20.43,2019-11-21,0
CUST1465,21.0,Male,South,Graduate,Self-Employed,256789.22030397062,99551.69436675323,Car,597.2693142622122,1,63,9.4,2021-10-20,0
CUST1466,23.0,Male,South,Graduate,Salaried,786066.2574651585,539839.3763515886,Home,759.4591520643628,0,92,12.34,2022-10-30,0
CUST1467,62.0,Male,North,Secondary,Unemployed,658768.4401602555,383774.6681404435,Car,759.6248811986084,0,108,15.29,2022-05-18,0
CUST1468,49.0,Female,North,Secondary,Salaried,239031.708457202,132424.30478917685,Car,765.3106908447744,2,67,15.1,2022-12-09,0
CUST1469,69.0,Male,East,Primary,,556184.5099003143,351181.8222703332,Education,623.4349813146637,3,25,23.96,2019-03-01,0
CUST1470,47.0,Female,West,Secondary,,804808.2591154325,47474.91059721113,Business,730.1238034424522,0,108,26.31,2021-12-09,0
CUST1471,64.0,,North,Primary,Salaried,899086.0492792516,409369.720204097,Home,766.4967100206532,2,83,18.38,2020-02-09,0
CUST1472,52.0,Male,West,Graduate,Salaried,425121.63833940716,209998.41211952403,Car,789.960000483004,0,41,30.11,2022-08-07,0
CUST1473,57.0,Other,South,Post-Graduate,Unemployed,356879.0944146738,106430.27943966238,Business,573.3380015523545,0,49,13.67,2019-05-27,0
CUST1474,69.0,Male,South,Post-Graduate,Unemployed,923904.779892092,286616.6131333668,Home,664.7656125163309,1,146,25.03,2021-11-09,0
CUST1475,33.0,Male,South,Graduate,Salaried,214036.89768096732,276540.3498556597,Car,620.9193570841503,3,47,12.1,2021-11-12,0
CUST1476,30.0,Male,North,Graduate,Unemployed,,78768.04847994493,Business,810.4886985564481,0,120,19.07,2023-01-13,0
CUST1477,67.0,Female,North,Graduate,Salaried,194460.43913350854,27717.249357100893,Education,714.3740133698126,1,89,22.69,2020-10-08,0
CUST1478,59.0,Male,East,Secondary,Salaried,838379.1834628909,162123.6538505359,Home,742.3873463067572,1,88,16.91,2022-01-12,0
CUST1479,47.0,Male,South,Graduate,Self-Employed,378954.97996364767,230708.88164040525,Car,713.344874899113,4,165,10.15,2019-07-18,0
CUST1480,36.0,Male,West,Secondary,Self-Employed,947090.5083764306,543091.7357259527,Car,,0,7,7.13,2018-10-30,0
CUST1481,34.0,,South,Secondary,,594126.5684308782,678526.1882401448,Other,619.5698315327938,0,108,21.72,2018-04-09,0
CUST1482,36.0,Male,North,Graduate,Salaried,212366.29343817855,208120.93022319133,Home,648.7443404007181,0,91,14.35,2023-06-20,0
CUST1483,45.0,Female,East,Secondary,Self-Employed,1040047.1839242572,370406.3038721144,Other,685.0060755150913,1,176,14.86,2021-08-22,0
CUST1484,43.0,Female,North,Secondary,Salaried,1122138.9063542308,164643.77800430192,Car,634.5990002553208,2,115,34.82,2019-07-11,0
CUST1485,54.0,Male,South,Post-Graduate,Salaried,,362686.128839891,Home,621.6779747166778,1,91,10.25,2018-02-11,0
CUST1486,43.0,Other,East,Primary,Salaried,280140.70701408654,77290.8853304126,Car,665.6025908937721,1,95,23.81,2020-09-17,0
CUST1487,40.0,Male,West,Secondary,Unemployed,368203.71132905915,135931.73614868982,Education,,2,39,11.37,2019-04-13,0
CUST1488,26.0,Other,East,Post-Graduate,Self-Employed,482751.0283323087,271436.2718178537,Home,683.4871963124205,1,157,15.05,2019-03-16,0
CUST1489,29.0,Male,East,Graduate,Self-Employed,,24581.211168552905,Home,,0,100,9.55,2018-11-23,0
CUST1490,18.0,Male,East,Graduate,Salaried,1221277.430973816,340448.73332801304,Business,632.0598938356995,1,90,11.33,2019-07-23,0
CUST1491,18.0,Male,West,Secondary,Salaried,482432.3019296164,471265.13631201774,Other,615.0663087780324,1,140,20.22,2018-02-02,0
CUST1492,64.0,Female,North,Secondary,Salaried,87377.33226205551,147349.02030140418,Home,680.4267144031949,1,120,31.41,2019-02-16,0
CUST1493,51.0,Male,North,Graduate,Salaried,542321.0713807292,168525.73035940388,Home,,2,150,20.32,2022-07-08,0
CUST1494,49.0,Male,North,Graduate,Salaried,359010.01424334163,496426.20268087444,Business,725.5610087761924,1,96,19.16,2020-03-22,0
CUST1495,65.0,Male,North,Graduate,Self-Employed,422964.72678188543,393642.15197758866,Education,573.1162870437769,1,160,58.82,2021-02-11,0
CUST1496,42.0,Male,East,Primary,Salaried,354629.329436458,104971.83653041588,Home,740.1825532707635,0,144,21.76,2019-05-23,0
CUST1497,57.0,Male,East,Primary,Salaried,718002.155391597,117881.71456015925,Other,725.0666322367375,2,6,10.31,2018-02-25,0
CUST1498,62.0,Female,South,Post-Graduate,Salaried,866149.3802048852,303983.7223589177,Home,,0,169,7.09,2022-04-29,0
CUST1499,,Female,North,Secondary,Salaried,,227068.87186377987,Education,755.8528631212328,3,128,19.88,2022-10-14,0
CUST1500,33.0,Male,East,Graduate,Salaried,,64252.79180516821,Car,629.0642323351899,1,8,8.14,2021-10-07,1
CUST1501,56.0,Female,South,Primary,Unemployed,431575.470602475,112740.52643062995,Car,659.0138063128127,1,173,9.97,2021-09-14,0
CUST1502,22.0,Male,East,Graduate,Self-Employed,447646.78314685414,595604.4689405418,Home,805.3324459875033,3,177,19.14,2019-06-30,0
CUST1503,39.0,Female,South,Post-Graduate,Self-Employed,273359.2043299984,311327.83489535877,Education,801.1728267034931,1,113,27.66,2021-07-17,0
CUST1504,46.0,Female,South,Graduate,Salaried,626157.4832576414,1086716.2947207273,Other,674.6388007777854,0,115,14.26,2018-07-15,0
CUST1505,20.0,Male,North,Primary,Salaried,,384192.65090098925,Car,722.2177997267945,1,38,9.0,2019-02-17,0
CUST1506,29.0,Female,North,Graduate,Salaried,1114888.261402717,731717.885115012,Car,990.0,1,91,15.28,2019-09-29,0
CUST1507,43.0,Male,West,Graduate,Self-Employed,939600.3160873099,80896.70386480435,Home,803.0351242507473,1,17,14.35,2021-01-07,0
CUST1508,33.0,Male,West,Secondary,Self-Employed,293195.54352618626,389038.21936929657,Business,704.1696272956654,0,11,17.44,2022-11-26,0
CUST1509,68.0,Female,East,Graduate,Salaried,723733.8727397658,25106.17282215633,Other,595.1399170831578,1,36,9.01,2022-08-08,0
CUST1510,54.0,Male,North,Graduate,Salaried,250052.94893112045,297742.0942055238,Business,646.6795850051728,2,27,10.82,2021-01-11,0
CUST1511,39.0,Male,South,Graduate,Salaried,671694.7401458212,178381.24907533827,Car,850.0,1,51,27.43,2020-01-12,0
CUST1512,46.0,Male,East,Graduate,Self-Employed,324496.9710070653,126452.69821776662,Other,591.896511984244,1,169,24.06,2018-05-17,0
CUST1513,31.0,Female,East,Primary,Unemployed,239437.58728256138,515858.99600502965,Home,,1,33,29.43,2019-06-23,0
CUST1514,45.0,Male,North,Secondary,Salaried,523361.2366206653,501495.96289153286,Car,841.9473408176716,3,169,6.52,2019-11-20,0
CUST1515,22.0,Male,North,Secondary,Salaried,88899.31561536509,25638.537064270524,Car,624.0179730750883,2,27,10.56,2019-12-20,0
CUST1516,64.0,Female,East,Post-Graduate,Salaried,154726.55170601638,255085.10686415774,Car,489.1170349071563,2,42,26.99,2020-07-21,0
CUST1517,66.0,Female,South,Graduate,Salaried,397720.53717746853,134650.1130547614,Business,501.9901914992194,1,131,22.11,2023-05-02,1
CUST1518,47.0,Male,North,Graduate,Salaried,,154318.49692066343,Education,624.4050225365315,4,48,20.16,2018-11-02,1
CUST1519,63.0,Male,North,Secondary,Salaried,354480.5430750187,466008.45608387166,Home,556.5945673327049,1,9,13.72,2021-08-27,0
CUST1520,69.0,Male,South,Secondary,Self-Employed,171499.94429360356,112707.87329283128,Home,752.6017136083751,4,44,12.06,2019-01-23,0
CUST1521,22.0,Male,West,Graduate,Self-Employed,270834.95568374847,736390.176245193,Home,698.7700874766907,2,143,16.71,2019-12-26,0
CUST1522,29.0,Male,West,Secondary,Salaried,559459.0402852112,69501.12129858544,Car,530.631389840114,2,82,13.14,2023-03-05,0
CUST1523,,Female,South,Secondary,Self-Employed,627230.3034978067,291712.25453218515,Home,568.3254375418948,3,110,21.41,2020-07-03,0
CUST1524,43.0,Male,South,Graduate,Salaried,438127.88842369756,298765.5120437217,Home,766.8098345160788,2,134,16.75,2019-07-03,0
CUST1525,43.0,,North,Primary,Salaried,885670.5038686368,92653.31151268675,Education,693.5211338989182,1,167,10.12,2019-05-21,0
CUST1526,65.0,Male,South,Secondary,Salaried,561539.958275436,118168.29703735915,Business,780.354194107339,1,177,22.59,2019-01-23,0
CUST1527,38.0,Female,South,Secondary,Salaried,282526.2110168291,470147.32327953196,Other,,1,53,30.79,2018-10-20,0
CUST1528,56.0,Male,East,Primary,Salaried,119535425.07318696,378666.6708520504,Other,599.4635507218718,1,127,31.83,2018-06-28,0
CUST1529,53.0,Other,South,Post-Graduate,,190666.34710606656,119782.26097417179,Business,,3,39,23.03,2019-11-03,1
CUST1530,50.0,Male,North,Secondary,Salaried,414619.539223948,210869.1005707431,Home,719.3995746267697,1,110,23.19,2021-12-23,0
CUST1531,47.0,Male,North,Primary,Unemployed,862215.3733679414,35916.13812402077,Business,542.6795332015928,2,76,9.2,2023-03-19,0
CUST1532,,Male,South,Secondary,Salaried,667419.49205347,78534.02540442688,Car,584.6615169540024,5,164,11.76,2022-03-28,1
CUST1533,40.0,Male,North,Graduate,Salaried,1026028.0007825064,186295.74179381246,Education,850.0,0,113,15.12,2022-09-01,0
CUST1534,27.0,Male,North,Secondary,Salaried,368895.5622098031,42473.992980622614,Car,,2,129,22.12,2021-08-28,0
CUST1535,22.0,Male,West,Graduate,Self-Employed,992180.0548566352,483407.1568987582,Business,708.8064781433171,0,75,12.18,2018-03-21,0
CUST1536,53.0,Male,South,Primary,Salaried,393965.04423608544,336467.55748620734,Car,666.6544476268479,0,43,14.1,2020-11-03,0
CUST1537,51.0,Female,South,Primary,Self-Employed,1069766.5975812168,738970.8240164284,Home,692.860676631437,2,95,21.75,2020-12-13,0
CUST1538,69.0,Male,West,Secondary,Salaried,436649.43833434273,315607.38885460526,Car,671.2851352325623,0,41,17.61,2019-03-23,0
CUST1539,48.0,Female,West,Graduate,Salaried,676264.008758344,725030.6824273041,Home,747.5631105060228,1,85,19.43,2020-02-05,1
CUST1540,27.0,Male,South,Graduate,Salaried,,222146.55395940028,Other,,0,136,11.14,2020-12-24,0
CUST1541,36.0,Male,West,Primary,Salaried,393935.8756398109,249209.35223243854,Car,688.2547197301996,2,27,14.01,2021-10-27,0
CUST1542,49.0,Male,South,Graduate,Salaried,504353.85427937796,962750.8399457573,Car,616.6868869477885,1,146,13.0,2019-05-18,0
CUST1543,18.0,Male,South,Post-Graduate,Salaried,958685.2131815046,276895.7757741544,Other,640.1847811335831,1,9,16.44,2019-07-24,0
CUST1544,22.0,Male,South,Secondary,Salaried,408479.946557197,27817.608042806296,Education,569.6856212236983,0,114,13.24,2018-04-06,0
CUST1545,62.0,Male,East,Graduate,Salaried,200278.59084537663,341660.0227570586,Home,656.5899488768331,2,156,12.37,2022-04-06,0
CUST1546,21.0,Male,East,Primary,Salaried,1600464.1401731384,609706.0498042607,Home,,0,22,17.51,2021-07-07,0
CUST1547,33.0,Male,South,Post-Graduate,Unemployed,333747.94167034666,416894.9500120335,Car,,2,31,46.92,2019-08-08,0
CUST1548,41.0,Male,North,Graduate,Salaried,486627.2120318466,239167.32801409872,Business,700.7198760060485,1,28,22.02,2018-09-05,0
CUST1549,33.0,Female,East,Post-Graduate,Self-Employed,885231.0839114531,298155.1215526563,Business,,1,33,6.75,2018-05-07,0
CUST1550,19.0,Female,North,Graduate,Self-Employed,307092.3076505115,1176133.8531571007,Other,594.5939944726518,1,143,19.6,2019-05-14,0
CUST1551,,Female,South,Secondary,Salaried,241658.11348505077,43759.62851726868,Home,599.3463289240821,1,150,12.71,2018-02-15,0
CUST1552,45.0,Female,East,Post-Graduate,Salaried,515164.9285893262,295087.07013253216,Home,786.7290957966047,1,127,10.27,2020-09-08,0
CUST1553,49.0,Male,East,Secondary,Salaried,150867.03444068748,103308.5642347363,Home,584.1888675933717,1,132,23.38,2018-09-25,0
CUST1554,,Male,East,Secondary,Self-Employed,372225.954667339,275475.595172881,Business,823.5851353313305,1,116,17.09,2022-07-22,0
CUST1555,37.0,Female,West,Graduate,Self-Employed,512483.19468024,253883.40858738663,Home,615.3272018435528,1,121,57.01,2022-04-15,0
CUST1556,41.0,Male,South,Graduate,Self-Employed,376257.43735446024,61648.52074290832,Home,615.8164192743832,2,136,15.53,2018-04-04,0
CUST1557,29.0,Male,East,Post-Graduate,Unemployed,,77903.15500626992,Car,738.9966891999619,0,37,14.69,2020-01-06,0
CUST1558,,Male,East,Secondary,Self-Employed,1151420.29072363,262970.4027339216,Car,718.4574070088411,3,46,29.92,2021-09-01,0
CUST1559,52.0,Male,North,Graduate,Salaried,470769.0402689848,54307.39772120689,Education,,2,164,16.63,2019-09-04,0
CUST1560,50.0,Male,North,Graduate,Salaried,1044126.5647256825,97032.72466668894,Car,547.608709343885,3,129,9.69,2018-03-12,0
CUST1561,50.0,Female,North,Primary,Self-Employed,378502.6109141524,470824.77040315943,Car,717.3544799463558,1,8,10.59,2019-08-16,0
CUST1562,68.0,Male,South,Secondary,Salaried,260926.1799830884,119036.48147369671,Car,220.0,1,24,13.95,2019-03-25,0
CUST1563,60.0,Male,East,Secondary,Salaried,519960.7215131885,187387.03838990605,Business,604.6290361896229,0,72,22.85,2023-04-18,0
CUST1564,54.0,Other,West,Secondary,Self-Employed,388686.24312534987,728149.8075355142,Car,811.7031025100755,0,62,31.06,2021-10-22,0
CUST1565,,Male,North,Post-Graduate,Salaried,218238.35700117415,84417.27985489117,Home,696.4744859218164,2,179,24.56,2023-01-10,1
CUST1566,,Male,North,Graduate,Unemployed,1068611.3451371086,143420.85584426546,Home,675.6005624839197,1,84,21.85,2019-09-12,0
CUST1567,18.0,Male,West,Graduate,Self-Employed,304564.4086010194,253141.72800914178,Home,,0,138,28.46,2019-09-06,0
CUST1568,50.0,Female,North,Post-Graduate,Salaried,146655.29338578816,371970.35298233817,Business,,2,99,22.43,2021-12-04,0
CUST1569,57.0,Female,South,Secondary,Unemployed,981561.1882989552,599814.2925124096,Home,592.5975782205281,1,172,10.47,2018-04-01,0
CUST1570,27.0,Male,South,Graduate,Salaried,326903.791342846,637671.0305043858,Other,656.7165190190333,1,155,14.73,2022-03-13,0
CUST1571,60.0,Female,South,Secondary,Salaried,307215.7856241132,394742.6980950429,Home,702.1481176556,0,8,12.71,2020-05-26,0
CUST1572,61.0,Male,North,Graduate,Salaried,153394.36723497376,84799.84140472955,Business,769.2244059031436,2,169,30.91,2019-06-12,0
CUST1573,46.0,Female,North,Secondary,Salaried,,26280.567043185813,Business,618.0555139560662,1,174,10.2,2021-02-07,0
CUST1574,30.0,Female,North,Post-Graduate,Salaried,204089.03989493044,141035.34664982662,Car,602.0696076234714,1,48,10.3,2020-02-14,0
CUST1575,29.0,Female,South,Secondary,Salaried,458203.95860019495,58156.37574669428,Education,715.0998456727455,2,129,17.9,2019-11-03,0
CUST1576,48.0,Male,South,Secondary,Salaried,764954.9280752429,329802.99137673655,Home,670.4871392744132,3,46,43.14,2020-02-04,0
CUST1577,63.0,Other,North,Graduate,Salaried,569793.9936307765,290535.1144225278,Car,545.510792136037,1,33,23.75,2021-01-17,0
CUST1578,19.0,Female,East,Secondary,Self-Employed,426858.31100673514,31241.925698701718,Home,615.7137168632015,1,151,27.68,2022-06-19,0
CUST1579,68.0,Male,West,Graduate,Self-Employed,159372.6556321453,472879.00646673114,Car,667.2762409276345,0,164,9.46,2021-07-19,0
CUST1580,67.0,Female,North,Secondary,Salaried,272165.3591308125,91501.95745834144,Business,669.2057543202011,2,48,22.97,2021-06-24,0
CUST1581,52.0,,South,Graduate,Salaried,495181.7781998855,161508.4302471801,Home,686.2900790983263,2,59,9.43,2018-12-27,0
CUST1582,40.0,Female,East,Secondary,Salaried,275872.90734399017,295605.18449517654,Business,588.9776307967327,0,84,23.7,2019-01-13,0
CUST1583,34.0,Male,North,Primary,Salaried,499826.1795180303,160274.94136926837,Car,670.8289678136697,1,137,7.5,2021-05-14,0
CUST1584,43.0,Female,South,Secondary,Self-Employed,666000.7297809276,165530.19784023147,Car,746.2954863884519,2,117,13.88,2018-12-11,0
CUST1585,25.0,Male,East,Secondary,Self-Employed,788195.7340658633,36970.15702967887,Other,477.86559894979905,0,178,5.89,2023-01-28,0
CUST1586,46.0,Male,West,Secondary,Salaried,211989.57656780037,148308.60951610404,Education,660.2327005852535,2,177,10.57,2020-03-08,0
CUST1587,43.0,,West,Secondary,Salaried,1652810.3393539037,381880.67783214286,Education,563.6620483599658,3,25,8.07,2022-11-19,0
CUST1588,27.0,Male,South,Secondary,Salaried,701157.3505990214,636795.183124638,Education,677.7437817867063,0,82,22.77,2019-03-31,0
CUST1589,43.0,Male,East,Primary,Self-Employed,,153394.4323770363,Other,574.6650575526207,2,154,17.24,2020-06-26,0
CUST1590,51.0,Male,South,Graduate,Salaried,850620.9999097156,157732.2065305213,Home,689.3852174432141,1,34,13.02,2018-03-08,0
CUST1591,68.0,Male,East,Graduate,Unemployed,1828935.502964774,323192.0983599192,Education,793.8645468613422,4,27,17.44,2020-09-13,0
CUST1592,58.0,Male,South,Secondary,Self-Employed,186608.46660176665,735178.0022979032,Car,611.4378614456923,1,9,10.85,2022-05-01,0
CUST1593,24.0,Male,North,Graduate,Salaried,386482.71127372596,97673.17966702589,Home,,2,67,19.32,2020-09-05,0
CUST1594,21.0,Female,East,Graduate,,106185.30466639706,165019.01002241345,Home,647.110405539704,0,63,15.82,2018-02-12,0
CUST1595,67.0,Male,South,Secondary,Unemployed,496625.2117966599,417376.03367029264,Home,702.3077507260624,1,86,51.44,2018-08-17,0
CUST1596,62.0,Female,South,Graduate,,550860.3155267951,255205.782205178,Car,608.6667610211737,0,56,37.22,2023-05-29,0
CUST1597,,Female,West,Secondary,Salaried,432139.0674146602,49298.211702884146,Business,653.3852191181322,3,69,26.32,2023-01-11,0
CUST1598,46.0,Male,North,Graduate,Salaried,298725.3467252482,267035.8074707596,Business,633.1356828247888,1,43,19.03,2022-01-07,0
CUST1599,53.0,Male,South,Primary,Self-Employed,129351.82419359355,71678.03626324466,Car,,1,7,20.29,2018-08-22,0
CUST1600,42.0,Female,North,Graduate,Self-Employed,553557.112476486,198447.66669972095,Home,703.1287925653944,2,174,30.58,2021-05-07,0
CUST1601,38.0,Male,East,Graduate,Self-Employed,1059450.2403299208,208279.11523448216,Home,150.0,0,75,18.99,2019-05-12,0
CUST1602,53.0,Male,East,Primary,Self-Employed,310329.1931942821,542278.7694055319,Car,,3,159,19.59,2020-04-27,0
CUST1603,27.0,Male,South,Secondary,Self-Employed,576099.6668376711,175203.96650923672,Education,702.8555668364082,0,160,12.33,2020-11-21,0
CUST1604,54.0,Female,East,Post-Graduate,Unemployed,172665.83430732944,101932.48827856008,Home,,2,19,11.66,2021-07-11,0
CUST1605,26.0,Male,South,Secondary,Salaried,582059.4319284158,85655.13749666509,Car,788.0957564875084,1,76,15.59,2018-04-23,0
CUST1606,41.0,Male,East,Graduate,Salaried,349399.28186882474,538368.5985111885,Other,635.0699666651108,2,74,4.45,2020-08-30,0
CUST1607,52.0,Other,South,Post-Graduate,Self-Employed,280001.21729896805,66887.05433001256,Education,689.2332470111373,2,8,16.21,2023-01-28,0
CUST1608,66.0,Female,South,Graduate,Self-Employed,280346.555562142,158724.23021696563,Business,677.6495213993421,1,98,14.57,2019-04-04,0
CUST1609,52.0,Male,West,Graduate,,349351.21811556304,71809.28139934008,Education,712.1618303278083,0,149,25.52,2021-07-23,0
CUST1610,65.0,Male,North,Graduate,Salaried,556520.89124507,391036.3857601675,Home,650.4449790559086,2,38,30.34,2021-03-15,0
CUST1611,,Female,North,Graduate,Self-Employed,201330.29141779462,180790.68958093313,Home,661.1595114982379,0,128,59.48,2021-10-12,1
CUST1612,35.0,Male,South,Secondary,Self-Employed,348617.5660449069,128135.9974516079,Business,628.8423234313639,1,138,21.97,2018-01-06,0
CUST1613,66.0,Male,West,Secondary,Salaried,431540.62491660524,132001.69222151898,Education,756.6807004961481,0,40,17.74,2021-09-25,0
CUST1614,56.0,Male,South,Secondary,Salaried,,497997.84908826614,Car,701.7679849738901,1,103,12.39,2020-09-18,0
CUST1615,49.0,Female,North,Post-Graduate,Salaried,1300161.598188223,221732.40660506,Home,702.2989233925906,0,171,9.73,2019-05-09,0
CUST1616,41.0,Male,South,Graduate,Salaried,265110.6889642655,336344.9261997765,Education,765.2865402049389,1,84,25.97,2021-02-05,0
CUST1617,40.0,Female,South,Primary,Salaried,,588350.0762171162,Home,766.322123640552,0,70,16.22,2023-05-03,0
CUST1618,49.0,Female,North,Graduate,Salaried,245982.39076751648,600038.8273972103,Home,753.1148622891325,1,140,20.34,2022-12-01,0
CUST1619,54.0,Male,East,Secondary,Salaried,1301578.1559458105,119563.68671484035,Home,764.2214857478449,1,147,16.6,2018-03-12,0
CUST1620,29.0,Male,West,Primary,,,781500.0137340833,Car,789.3867662823432,0,95,16.82,2020-07-27,0
CUST1621,66.0,Male,South,Graduate,,252216.92160910513,26297.628897117524,Home,612.3366601606552,2,84,18.35,2021-09-25,0
CUST1622,,Male,South,Secondary,Self-Employed,859184.4766123209,138236.21200450417,Home,659.0925355868553,1,63,20.31,2019-11-05,0
CUST1623,40.0,Male,South,Graduate,Salaried,499028.86391275853,585358.0463291171,Education,729.6263832953036,1,14,26.32,2021-01-28,0
CUST1624,42.0,Female,North,Secondary,Salaried,,100270.72352220607,Car,618.0129296348197,2,11,8.88,2021-09-12,0
CUST1625,52.0,Male,West,Graduate,Self-Employed,359803.6247333934,99735.21098263297,Car,654.572191684284,2,116,22.04,2020-11-22,0
CUST1626,58.0,Female,South,Graduate,Salaried,282194.099097421,110107.0249426569,Car,693.6092054801134,0,80,8.64,2018-05-23,0
CUST1627,47.0,,South,Primary,,541804.0368582782,256889.4896557401,Other,663.8905125703312,3,16,23.35,2021-06-21,0
CUST1628,,Male,East,Post-Graduate,Self-Employed,319000.40839543816,164211.4329732002,Home,,1,83,19.3,2020-01-06,0
CUST1629,,Male,South,Graduate,Salaried,1315928.9206506312,344328.16494758474,Home,599.8225794680565,0,50,15.83,2019-12-27,0
CUST1630,37.0,Male,East,Secondary,Unemployed,,583236.0668864688,Education,677.3571704621295,1,36,16.14,2022-07-14,0
CUST1631,65.0,Female,North,Secondary,Salaried,1112025.9209334832,300367.416071458,Home,689.3816846326591,0,164,17.61,2022-08-31,0
CUST1632,42.0,Male,West,Graduate,Salaried,413829.23452444363,77185.64925100713,Car,793.0503057288288,0,119,28.37,2023-02-28,0
CUST1633,39.0,Male,West,Secondary,Self-Employed,529374.5214580309,694581.5421333233,Car,661.1959391382248,0,118,27.15,2018-08-05,0
CUST1634,30.0,Male,East,Secondary,Salaried,729339.537157857,96798.76236330712,Other,634.4815360471144,0,130,25.6,2023-04-09,0
CUST1635,36.0,,West,Primary,Unemployed,303109.8084599825,60598.64469804584,Business,729.9060841616017,1,94,8.39,2023-06-21,0
CUST1636,66.0,Male,North,Secondary,Salaried,743072.5999363369,43568.6807055105,Other,457.76757433065666,0,65,21.94,2019-03-10,0
CUST1637,,Male,South,Graduate,,87157.6377966529,227175.1486896113,Home,657.7856081188766,2,65,4.96,2023-03-06,1
CUST1638,29.0,Other,East,Secondary,Salaried,,50192.5658180195,Business,644.0400576801209,2,106,5.67,2020-04-13,0
CUST1639,58.0,Male,South,Secondary,Self-Employed,254120.11186743266,57350.127806992634,Home,698.2645159764693,1,118,28.85,2022-10-19,0
CUST1640,36.0,Female,South,Secondary,Salaried,208542.1363433671,109179.62214865988,Education,,1,178,7.98,2020-12-13,0
CUST1641,29.0,Male,South,Secondary,Salaried,388880.39099309506,102700.6383132339,Education,788.5896839230945,2,96,15.04,2019-12-21,0
CUST1642,26.0,Male,North,Post-Graduate,Self-Employed,557629.4657456785,251736.51869464637,Home,697.2863380376642,0,133,33.19,2020-07-30,0
CUST1643,24.0,Male,South,Secondary,Salaried,674411.6762781355,444219.54462680576,Education,571.3821401989146,2,111,22.02,2022-06-04,0
CUST1644,45.0,Male,North,Post-Graduate,Self-Employed,511205.0467317804,378188.94873499876,Home,644.0069375561162,1,53,19.79,2020-06-25,0
CUST1645,31.0,Male,East,Secondary,,296731.7826588634,96117.02815994187,Home,651.6814912540232,0,29,16.0,2023-03-31,0
CUST1646,48.0,Male,North,Secondary,Self-Employed,552058.8117973728,90362.21748311573,Other,705.7050798061493,1,20,17.51,2023-05-23,0
CUST1647,,Male,North,Graduate,Self-Employed,476666.04859367333,863820.5019711689,Home,683.9372578112302,0,145,12.03,2020-09-21,0
CUST1648,36.0,Male,South,Secondary,Salaried,775787.3287864443,22067.58670619927,Home,631.819131051457,0,112,12.94,2021-03-20,0
CUST1649,64.0,Male,South,Graduate,Salaried,705147.3180647552,549484.338174791,Car,592.3846090658471,1,168,17.17,2018-02-24,0
CUST1650,33.0,Other,West,Post-Graduate,Self-Employed,450577.7144933764,75701.06444594408,Business,619.1996170249836,1,48,18.47,2022-03-21,0
CUST1651,22.0,Male,South,Primary,Salaried,258240.9121671459,755710.5982735374,Home,616.6257181504127,1,87,15.2,2022-01-11,0
CUST1652,,Male,South,Primary,Unemployed,299009.2853284236,124754.36373814088,Car,793.5103895475244,1,51,5.38,2020-11-24,0
CUST1653,,Male,West,Graduate,Salaried,318101.6879957492,165111.7150748589,Business,626.1238975585361,1,128,35.96,2020-05-10,0
CUST1654,42.0,Male,South,Secondary,Salaried,366165.31826463045,326998.6016010481,Home,684.209523900138,0,84,26.28,2020-10-03,0
CUST1655,69.0,Male,North,Secondary,Salaried,519608.1540300104,241482.24474016132,Home,747.7908985843316,1,80,14.85,2021-02-16,0
CUST1656,38.0,Male,South,Primary,Unemployed,,115659.16643029134,Business,693.6428800502856,0,24,26.69,2021-05-05,1
CUST1657,53.0,Male,West,Primary,Salaried,429050.01843006053,221764.3216007599,Car,603.9798151338337,1,150,13.75,2019-07-20,0
CUST1658,40.0,Male,South,Graduate,Self-Employed,446714.45785817894,347988.71085212193,Business,748.9559519459501,0,16,19.27,2020-02-10,0
CUST1659,33.0,Male,North,Primary,Self-Employed,482137.0954575836,30814.298131152915,Home,704.7930983792361,0,116,6.29,2022-12-03,0
CUST1660,56.0,Male,North,Secondary,Salaried,324635.019106479,22815.62241634743,Other,527.0158584901997,0,157,18.7,2023-02-22,0
CUST1661,62.0,Male,North,Graduate,Salaried,253917.48865576024,173153.1972485597,Other,767.2005005195996,1,64,14.29,2020-05-27,1
CUST1662,59.0,Male,South,Secondary,Self-Employed,154312.8418837406,55343.8384243881,Home,741.1365792172346,0,79,18.34,2020-04-03,0
CUST1663,56.0,Male,South,Primary,Salaried,,292917.3303344011,Home,703.6950340501174,0,114,38.67,2019-05-29,0
CUST1664,,Female,North,Graduate,Self-Employed,587650.2705539298,80216.30674571649,Other,,2,38,16.3,2022-06-06,0
CUST1665,48.0,Male,West,Primary,Salaried,290178.9664116092,161783.35287082562,Car,739.5327392458792,1,145,13.08,2020-05-11,0
CUST1666,,Male,East,Graduate,Salaried,383584.71597463056,75059.1130294129,Car,758.9559266141014,3,170,13.15,2019-02-26,0
CUST1667,52.0,Male,South,Graduate,Self-Employed,585287.6837600609,218785.88796399112,Education,752.5481113502972,1,144,8.1,2023-05-30,0
CUST1668,40.0,Female,West,Secondary,,604655.2245856569,50839.67314751951,Business,732.9930793520812,1,40,20.13,2019-06-01,0
CUST1669,46.0,Male,North,Graduate,Salaried,231487.29937684193,11364753.662060816,Business,,3,32,21.48,2022-09-06,0
CUST1670,60.0,Male,South,Secondary,Salaried,804708.688986647,33121.30060871698,Home,,0,43,16.99,2021-03-08,0
CUST1671,28.0,Male,East,Secondary,Salaried,870140.5711500372,791187.0045703134,Home,739.5588337990007,3,81,26.05,2019-12-06,0
CUST1672,35.0,Male,West,Graduate,Salaried,224603.0915015596,58371.205817926035,Business,,2,175,26.17,2022-08-01,0
CUST1673,64.0,Male,East,Graduate,,269870.60387951974,328160.16816752765,Business,630.6378621702107,0,108,17.03,2020-03-19,0
CUST1674,29.0,Male,North,Secondary,Salaried,904063.0747444674,37585.82185317282,Education,602.0366009363792,0,95,22.04,2022-07-10,0
CUST1675,26.0,Female,West,Graduate,Salaried,405099.4563788658,48617.23241049163,Other,698.385509575546,1,119,48.73,2018-02-13,0
CUST1676,27.0,Male,North,Post-Graduate,Self-Employed,116790.05865852548,197764.78728831353,Education,,0,163,10.9,2020-05-07,0
CUST1677,61.0,,West,Post-Graduate,Salaried,191031.01903366385,176311.8272836926,Home,668.1771509113323,0,6,24.21,2020-03-11,0
CUST1678,34.0,Other,West,Graduate,,,776962.1795593944,Business,655.1425468539312,1,121,17.17,2018-08-07,0
CUST1679,55.0,Male,North,Secondary,Unemployed,220174.21753369473,744358.6992269882,Car,,0,86,27.74,2019-07-22,0
CUST1680,24.0,Male,East,Secondary,,345222.95636538946,398087.60386495455,Home,811.910171253371,2,94,11.06,2022-11-13,0
CUST1681,63.0,,North,Post-Graduate,Salaried,451097.024921253,250389.79025635007,Home,635.6205979077487,2,46,18.18,2020-06-26,0
CUST1682,30.0,Male,South,Primary,Self-Employed,1063794.4694569847,171724.16871166285,Business,683.7386085761576,0,35,11.71,2018-09-15,0
CUST1683,,Male,South,Graduate,Salaried,371657.3662168388,130083.45463259933,Other,588.1490658761533,1,65,6.8,2022-03-17,0
CUST1684,59.0,Female,South,Secondary,Self-Employed,841991.4002930761,754779.1402331064,Home,745.826182584105,0,106,33.19,2020-08-18,0
CUST1685,26.0,Female,West,Secondary,Salaried,1042629.1368086379,250897.33263155972,Home,667.429013312516,2,60,13.23,2021-11-01,0
CUST1686,67.0,Male,East,Secondary,Salaried,1046106.5698209032,236323.68373233677,Car,762.4815771694435,0,87,10.79,2020-06-11,0
CUST1687,44.0,Male,South,Post-Graduate,Salaried,524842.1113367334,85959.2016062532,Business,508.00250207303225,1,132,12.32,2018-10-16,0
CUST1688,19.0,Female,West,Primary,,,31955.835118372357,Education,675.9308313088794,3,18,40.94,2022-02-02,1
CUST1689,22.0,Other,West,Graduate,Salaried,583322.1696130863,745964.1770479172,Car,689.2489274959603,3,18,31.67,2020-08-29,0
CUST1690,46.0,Female,North,Primary,Unemployed,829882.9391754735,114122.95141317917,Education,743.8066294533844,1,161,14.74,2018-04-13,0
CUST1691,54.0,Male,West,Secondary,Salaried,421409.252522857,166113.1178729413,Home,635.0600850338093,2,54,25.3,2020-03-14,0
CUST1692,55.0,Male,North,Secondary,Salaried,1260161.3446573513,50440.218326641196,Car,735.0777370073812,0,105,9.61,2021-03-18,0
CUST1693,36.0,Male,West,Graduate,Salaried,741106.8840661664,473385.2380532922,Home,643.0795139829983,2,72,21.37,2021-01-12,0
CUST1694,25.0,Male,North,Secondary,Salaried,622167.125591282,27005.193364008723,Business,686.5630025232931,2,75,13.26,2023-05-10,0
CUST1695,65.0,Male,North,Secondary,Self-Employed,849011.8533368303,468927.9605421388,Home,744.5366090078483,1,15,20.45,2020-11-15,0
CUST1696,62.0,Male,South,Primary,Salaried,540376.7771809784,57788.5887204131,Education,614.9161336471408,1,18,8.27,2021-04-13,0
CUST1697,18.0,Male,East,Secondary,Salaried,,564129.3676640526,Home,731.8409269511624,0,110,12.21,2022-10-25,0
CUST1698,39.0,Male,South,Post-Graduate,Salaried,327917.2697296271,347122.8975993423,Car,703.4431800390216,2,108,18.01,2022-07-23,0
CUST1699,69.0,Male,North,Post-Graduate,Self-Employed,907365.6738313335,64982.18422025957,Home,656.6428108318245,0,135,17.92,2021-12-16,0
CUST1700,34.0,Male,South,Secondary,,272513.98038676137,228572.86537543664,Home,633.2255383241483,1,132,7.91,2022-08-05,0
CUST1701,24.0,Male,West,Graduate,Salaried,386898.04854679754,113730.21040697976,Home,532.9419792539439,0,12,10.12,2021-10-01,0
CUST1702,,Male,South,Post-Graduate,Salaried,236356.8957150738,69074.62486481715,Business,674.3813830548736,1,175,20.32,2018-10-29,1
CUST1703,,Male,North,Primary,Salaried,1290259.0332139118,510072.1046530254,Car,656.7598829366015,3,141,19.16,2021-08-14,0
CUST1704,21.0,Female,South,Graduate,Salaried,1213349.7419648932,149178.55124775702,Education,724.7392231079907,1,23,22.82,2021-03-04,0
CUST1705,53.0,Male,North,Post-Graduate,Self-Employed,260323.05629519062,147100.35544876818,Car,717.6598576234301,0,144,18.09,2020-12-14,0
CUST1706,23.0,Male,West,Primary,Self-Employed,483293.2060098063,66548.26278354251,Car,754.9082113052982,2,159,9.71,2018-02-25,0
CUST1707,48.0,Male,West,Secondary,Self-Employed,294108.3663227257,140748.17624141046,Car,757.4710498813582,1,116,13.78,2020-10-11,0
CUST1708,36.0,Female,South,Post-Graduate,Salaried,639835.7510530502,533184.0245680222,Other,850.0,0,62,21.45,2019-01-09,0
CUST1709,61.0,Male,South,Graduate,Salaried,600675.3270588594,132796.9252774674,Car,715.9561978209549,3,29,9.97,2022-05-31,0
CUST1710,56.0,Male,East,Primary,Salaried,720012.1335247555,777082.2683340203,Home,619.7670587414019,3,49,9.37,2020-04-10,0
CUST1711,44.0,Male,South,Secondary,Unemployed,539906.3991585925,751127.0030067783,Other,,2,106,14.13,2020-07-08,0
CUST1712,27.0,Male,West,Secondary,Salaried,2574700.369198345,59133.822485812634,Home,792.4132839576796,1,52,18.84,2021-09-24,0
CUST1713,,Male,East,Graduate,Self-Employed,238767.54462743097,68794.33591726611,Business,713.2428127067674,1,54,6.54,2019-04-02,0
CUST1714,36.0,Male,East,Graduate,Salaried,158520.30753444377,516349.53248439636,Home,531.2996261353721,0,85,14.57,2021-10-10,0
CUST1715,56.0,Female,South,Post-Graduate,,349460.52233339276,144708.1730499274,Education,718.875214280206,2,48,21.31,2018-05-12,0
CUST1716,20.0,Male,South,Secondary,Salaried,172682.0015445173,21095.89403231967,Home,635.9089706909938,2,63,23.52,2019-05-08,0
CUST1717,62.0,Female,West,Graduate,Salaried,180687.1999212614,100007.18071550455,Other,587.465188394437,2,165,9.96,2022-04-27,0
CUST1718,30.0,Female,South,Graduate,Unemployed,242610.17291384726,247595.17836929348,Car,693.0680741312867,1,107,19.81,2023-03-03,0
CUST1719,67.0,Male,East,Secondary,Unemployed,254405.9902474426,421443.6152186428,Home,573.1929512168947,0,82,27.03,2018-04-20,0
CUST1720,45.0,Female,North,Secondary,Salaried,,55791.158657259046,Home,751.6202973006959,1,160,22.27,2019-08-05,0
CUST1721,37.0,Male,East,Post-Graduate,Salaried,603759.5914408759,49285.568988890314,Car,731.1615417202732,3,22,13.38,2020-03-06,0
CUST1722,45.0,Male,South,Graduate,Unemployed,326533.0877662389,658058.7561692196,Education,673.9331741825621,1,165,4.99,2021-02-23,0
CUST1723,25.0,Male,North,Secondary,Self-Employed,397238.1504783887,367724.6037046409,Car,641.4945237454684,0,120,18.26,2023-02-27,0
CUST1724,58.0,Male,North,Graduate,Salaried,756561.9239429748,242765.17615976217,Home,667.1130498593376,1,110,36.21,2021-08-12,0
CUST1725,56.0,Male,East,Secondary,Salaried,279346.0137720605,386536.6275666362,Car,609.2359326678496,2,147,24.83,2021-04-17,0
CUST1726,18.0,Male,East,Graduate,Salaried,377479.84698545473,160027.76071012678,Car,674.6068995543461,1,15,23.98,2023-05-03,0
CUST1727,20.0,Male,South,Graduate,Salaried,550981.213160189,375175.64543002134,Home,480.8878645754517,2,168,17.89,2020-03-20,0
CUST1728,30.0,Male,North,Graduate,Salaried,138006.94923238095,136225.36338712196,Home,,0,147,25.75,2020-06-04,0
CUST1729,45.0,Male,East,Post-Graduate,Salaried,,89959.75162935827,Education,687.9953959112246,1,66,19.14,2021-05-05,0
CUST1730,66.0,Male,North,Graduate,Salaried,544525.6878962559,346421.4960987869,Other,739.1604767663518,2,52,6.87,2020-02-12,0
CUST1731,42.0,Male,South,Secondary,Salaried,594341.0360401073,156040.58036994032,Home,700.9868103195395,2,98,25.68,2021-01-29,0
CUST1732,50.0,Male,North,Graduate,Salaried,1526567.1518370407,1015840.8762641131,Business,748.413433331005,0,147,10.69,2020-07-25,0
CUST1733,55.0,Female,North,Secondary,Self-Employed,486434.2028494339,127497.80059054722,Home,,1,91,17.01,2019-07-27,1
CUST1734,23.0,Male,North,Secondary,Self-Employed,723491.32188745,656889.4839181189,Car,752.5566989284287,2,175,23.8,2021-04-21,0
CUST1735,61.0,Female,South,Secondary,Salaried,393452.8091978944,695625.9597874122,Car,,4,54,11.31,2023-05-02,0
CUST1736,62.0,Male,North,Secondary,Unemployed,528784.5409861143,89219.47773043178,Home,709.4011999363859,1,64,10.05,2020-03-19,0
CUST1737,49.0,Male,South,Graduate,Unemployed,1203030.2078210223,420145.7849605723,Car,,2,63,20.88,2020-05-28,0
CUST1738,62.0,Male,South,Secondary,Salaried,123698.73217353475,161881.84656495,Business,,2,19,9.42,2020-10-29,0
CUST1739,64.0,Male,South,Graduate,Salaried,567031.283292349,643814.1886429844,Other,647.2237948060746,0,33,14.93,2019-02-17,0
CUST1740,38.0,Male,South,Graduate,Self-Employed,1593354.4009193254,169515.74413302797,Home,671.6568563824208,4,44,28.91,2022-10-08,0
CUST1741,33.0,Female,West,Secondary,Self-Employed,523986.14993159287,360941.23366908584,Home,709.4696232794998,3,35,37.09,2023-05-12,0
CUST1742,38.0,Male,North,Graduate,Unemployed,1191047.5571057668,177293.17766287117,Other,685.0690526409953,0,77,6.75,2020-04-09,0
CUST1743,28.0,Female,South,Secondary,Self-Employed,303298.4885402634,84628.16845040183,Home,684.7539408560622,1,15,14.74,2019-07-20,0
CUST1744,54.0,Female,North,Secondary,Self-Employed,433987.71381585527,75582.88556591726,Education,742.9845442328419,4,85,31.03,2022-09-12,0
CUST1745,53.0,Female,North,Graduate,Salaried,451402.5630869822,158533.85563931146,Home,561.2761612336308,3,66,13.48,2018-04-14,0
CUST1746,52.0,,South,Secondary,Salaried,116943.4019106863,372129.5294008449,Car,,2,140,24.43,2021-02-23,0
CUST1747,36.0,Male,South,Primary,Salaried,219496.88132061283,252262.62640004346,Home,714.0130012589193,3,55,25.37,2022-04-19,0
CUST1748,37.0,,West,Graduate,Salaried,229091.08450138883,311692.77069366165,Business,,2,61,12.12,2019-11-08,0
CUST1749,35.0,Male,South,Graduate,Self-Employed,724501.8881049874,102935.08518616362,Business,793.9637035844153,2,136,20.38,2020-08-02,0
CUST1750,64.0,Male,West,Secondary,Salaried,746605.2396182227,184172.64117349492,Home,687.2473835492614,3,168,21.0,2023-01-08,0
CUST1751,58.0,Male,North,Post-Graduate,Self-Employed,537359.1002898632,31352.72712714191,Business,689.092897631738,0,151,25.92,2018-09-27,0
CUST1752,66.0,,North,Graduate,Salaried,725387.8367996895,445295.68585613085,Car,664.9707702119358,1,28,7.3,2019-04-11,0
CUST1753,31.0,Male,North,Graduate,Salaried,400917.26061446196,1168611.035056387,Home,782.7385564707288,3,45,31.39,2020-03-11,0
CUST1754,32.0,Male,North,Primary,Salaried,909962.802900184,150589.23979166616,Business,679.3454314582476,2,53,23.18,2021-02-15,0
CUST1755,,Male,South,Graduate,,444752.42836438323,22756.04922595867,Car,640.9108823897442,1,178,9.34,2023-03-05,0
CUST1756,18.0,Male,East,Graduate,Self-Employed,458043.0381567737,66519.94438198721,Home,749.9141078201895,0,40,15.43,2021-01-20,0
CUST1757,20.0,Male,North,Graduate,Self-Employed,377242.848695132,284266.99075325514,Home,762.8068763028756,5,14,25.0,2022-06-24,1
CUST1758,33.0,Female,West,Graduate,Unemployed,667083.3546512523,256738.59715441274,Other,792.4625819570498,5,82,9.6,2020-10-01,0
CUST1759,40.0,Male,West,Secondary,,,407632.77316412656,Business,724.3519329434744,1,139,10.36,2022-02-17,0
CUST1760,28.0,Male,North,Primary,Salaried,794810.3616041469,93218.55239472676,Business,760.2386546670205,2,144,16.6,2021-01-15,0
CUST1761,29.0,Male,North,Secondary,Salaried,224293.44942808303,380591.2522772395,Home,661.8522765181195,0,90,13.22,2018-08-22,0
CUST1762,27.0,Male,North,Secondary,Salaried,228810.68719449977,311175.2198547095,Business,751.8059593963815,1,169,18.64,2020-07-01,0
CUST1763,49.0,Male,North,Graduate,Self-Employed,668275.6740398769,117452.50931790945,Home,731.9765824153707,2,168,24.82,2021-02-21,0
CUST1764,33.0,Male,North,Secondary,,419522.93316518405,217132.8222055569,Other,717.1322188259862,2,64,18.84,2021-05-11,0
CUST1765,25.0,Male,South,Post-Graduate,Self-Employed,336941.68415429874,59829.194435707876,Home,571.0012667463079,0,100,16.36,2020-11-21,0
CUST1766,,Male,North,Post-Graduate,Salaried,754669.0890359768,170627.65968159217,Car,652.8278218519148,1,12,24.87,2018-12-23,0
CUST1767,29.0,Male,South,Secondary,Self-Employed,307319.4844916545,552572.8694978887,Car,676.79994953241,2,139,15.6,2022-01-26,0
CUST1768,41.0,Male,West,Secondary,Salaried,392338.10015166557,156695.84778805292,Business,717.211721906466,1,111,11.33,2020-08-21,0
CUST1769,45.0,Male,East,Graduate,Self-Employed,1024317.1670206443,477469.2598684771,Business,848.0515976107122,1,175,29.3,2022-04-24,0
CUST1770,25.0,Male,West,Post-Graduate,Salaried,1114019.7269056267,243054.06858757505,Car,,1,62,4.91,2018-04-04,0
CUST1771,45.0,Male,North,Secondary,Salaried,1136471.5922731427,73260.16232662482,Car,623.2990647460047,0,85,16.98,2022-03-26,0
CUST1772,53.0,Other,South,Secondary,Salaried,373519.14247183903,237534.48962792606,Business,,0,90,13.71,2022-10-17,0
CUST1773,43.0,,South,Graduate,Unemployed,925807.624375245,196296.5039294998,Home,777.2904591645461,1,178,10.37,2021-12-02,0
CUST1774,25.0,Male,North,Graduate,Salaried,250353.27599656285,147140.93560250683,Business,643.3045850117493,0,38,19.09,2021-01-28,0
CUST1775,67.0,Male,North,Secondary,Salaried,256750.03783878015,51853.37614274275,Other,751.3093148264943,1,88,20.69,2018-09-01,0
CUST1776,45.0,,East,Graduate,Self-Employed,107982.71947308678,154767.12462278578,Home,688.2055463164972,0,121,10.86,2018-02-27,0
CUST1777,,Male,East,Primary,Salaried,1207087.415384075,38886.352488434706,Home,,1,26,8.18,2020-08-22,0
CUST1778,54.0,Male,South,Primary,Salaried,263448.21247592726,45998.43236692806,Home,644.3654227029457,0,153,8.56,2021-10-12,0
CUST1779,58.0,Other,South,Secondary,Salaried,410068.8913103938,154427.84582650493,Home,466.75028353472703,1,19,40.72,2022-02-23,1
CUST1780,,Male,South,Secondary,Salaried,256223.5013810661,111098.11975849025,Car,717.7825786940562,0,137,43.03,2018-11-16,0
CUST1781,44.0,Male,North,Secondary,Unemployed,671385.7567156488,669387.827170676,Education,606.3509165892951,1,106,16.69,2020-11-08,0
CUST1782,34.0,Male,South,Secondary,Self-Employed,,137783.38899525345,Car,580.7142680164608,0,149,8.28,2018-12-23,0
CUST1783,26.0,,North,Secondary,Salaried,202219.67100750623,374557.8630466631,Home,697.3442291320096,2,151,15.29,2018-04-27,0
CUST1784,50.0,Male,North,Secondary,Unemployed,576653.8998149941,208887.34371272367,Education,752.0680014570443,5,9,5.47,2021-03-05,0
CUST1785,37.0,Male,West,Secondary,Salaried,187168.01813117284,324421.3219093535,Education,561.2234338335091,0,27,19.25,2023-02-06,0
CUST1786,,Female,South,Post-Graduate,Salaried,267682.42213754397,95315.45971813536,Other,750.237685535292,3,87,10.0,2018-10-23,0
CUST1787,45.0,,East,Secondary,Salaried,124974.69192982867,731418.8024521366,Home,616.7755853810144,1,18,8.98,2019-06-09,0
CUST1788,65.0,Male,South,Secondary,Salaried,188268.6352286902,208802.7233285879,Education,725.4251739223046,1,14,26.81,2021-01-29,0
CUST1789,46.0,Female,South,Graduate,Salaried,492434.87720815896,464943.99663547584,Other,720.5264442731284,1,35,15.22,2021-11-04,0
CUST1790,,Male,North,Post-Graduate,Unemployed,136118.12816187597,133550.56022716576,Car,665.5349586085982,2,145,25.35,2021-03-24,0
CUST1791,63.0,Other,North,Secondary,Self-Employed,181918.22742429102,46398.84387840096,Car,682.0911054193048,2,131,30.07,2022-06-06,0
CUST1792,52.0,Male,North,Graduate,Salaried,441785.01455373684,299993.4430939107,Home,652.265977356559,1,154,15.73,2022-06-12,0
CUST1793,23.0,Female,East,Graduate,Salaried,319283.8705340698,21947.47776557669,Business,698.4476079849246,0,41,16.4,2021-02-02,0
CUST1794,35.0,Male,East,Graduate,Self-Employed,1461862.6695091624,181228.80568991796,Car,697.8294265110696,1,171,27.91,2022-07-24,0
CUST1795,68.0,Female,South,Primary,Unemployed,1329532.4906507458,73546.54176612973,Other,615.328035721351,1,142,12.56,2022-12-13,0
CUST1796,22.0,Other,South,Graduate,Self-Employed,,266796.020179859,Business,584.9517653801888,3,35,29.29,2022-03-30,0
CUST1797,64.0,Male,West,Primary,Salaried,618024.000250214,990857.3460634362,Car,750.5847928233338,0,175,5.98,2021-02-25,0
CUST1798,42.0,Other,North,Graduate,,693543.7025503659,176093.2728673307,Car,694.2807476458149,1,103,13.77,2019-02-05,0
CUST1799,,Male,North,Graduate,Salaried,309128.6107128793,445248.88818030123,Home,740.888539808781,1,168,18.06,2022-05-15,0
CUST1800,27.0,Male,South,Secondary,Salaried,180353.67769310708,197209.50356446826,Home,633.0717354249224,1,39,9.0,2023-06-13,0
CUST1801,47.0,Male,East,Graduate,Salaried,439160.80808434635,191215.41566698058,Education,622.2893093543657,4,115,19.78,2020-01-09,0
CUST1802,67.0,Male,West,Primary,Salaried,398830.81967386213,686332.0785738054,Education,,2,72,17.92,2019-06-13,0
CUST1803,62.0,Male,North,Graduate,Salaried,340626.31393553456,571741.1692992015,Car,667.3469695420841,0,121,11.4,2019-07-11,0
CUST1804,22.0,Male,West,Secondary,Salaried,576880.3284225218,405211.82317918976,Business,696.2712401311537,0,130,11.19,2019-07-04,0
CUST1805,50.0,Male,West,Secondary,Salaried,281971.769230315,107835.06869744167,Home,641.9322592954798,2,179,10.63,2021-02-21,0
CUST1806,18.0,Female,North,Primary,Self-Employed,221638.1711387083,216869.08907470354,Car,789.5377207632215,0,10,7.51,2018-12-26,0
CUST1807,35.0,Female,South,Post-Graduate,Salaried,472337.8451798013,83367.58406501569,Car,635.0496544983516,2,123,36.78,2018-03-05,0
CUST1808,49.0,Male,South,Primary,Salaried,557703.1193161081,166709.29307417382,Home,697.4157294835429,1,160,14.8,2023-03-28,0
CUST1809,64.0,Male,West,Secondary,Salaried,218384.6057028388,21566152.58941161,Other,618.1869837702183,1,34,8.36,2020-02-04,0
CUST1810,66.0,Male,North,Secondary,Unemployed,772088.4280818051,465412.7434179219,Education,632.8816001756314,0,159,15.47,2020-02-13,0
CUST1811,28.0,Male,East,Graduate,Salaried,124160301.97372086,585909.2901378971,Car,673.956368675646,0,73,18.54,2023-06-03,0
CUST1812,38.0,Male,South,Graduate,Salaried,312741.39838035364,153873.54414327937,Car,621.7154757484367,0,112,10.92,2019-09-16,0
CUST1813,43.0,Male,East,Primary,Salaried,378963.38817667955,24465.760870068843,Home,686.2590813641667,0,171,13.7,2018-04-12,0
CUST1814,42.0,Male,South,Secondary,Self-Employed,302025.21081988944,514716.02328878234,Car,710.8175639535681,0,39,31.56,2019-07-15,1
CUST1815,39.0,Other,South,Secondary,Unemployed,315200.3400705425,67874.48639030661,Education,756.5362100321137,0,107,9.17,2021-07-24,0
CUST1816,44.0,Male,West,Secondary,Salaried,1359523.3106357604,263137.21681670967,Other,604.4067939975783,1,48,12.29,2021-06-04,0
CUST1817,66.0,Male,West,Secondary,Salaried,265526.39915764844,26321.990680270195,Business,691.7489613907619,2,147,6.03,2020-11-12,0
CUST1818,,Male,West,Graduate,Unemployed,1914052.0279893663,147500.85515881208,Home,675.6636312155867,0,164,40.92,2020-04-23,0
CUST1819,50.0,Male,North,Secondary,Salaried,575086.6866677667,1086466.5997008246,Car,550.6273118378524,0,33,22.85,2022-09-17,0
CUST1820,51.0,Male,East,Secondary,Self-Employed,467536.67899997864,46532.87016702596,Home,600.9849032383795,2,10,16.04,2020-12-23,0
CUST1821,58.0,Male,North,Secondary,Salaried,588742.5156926238,157778.75947737796,Home,713.2463100119747,2,31,11.48,2021-03-26,0
CUST1822,52.0,Male,South,Post-Graduate,Salaried,2018684.560449263,111735.42038647094,Car,585.3140230210745,4,32,11.2,2022-12-24,0
CUST1823,18.0,Male,South,Post-Graduate,Salaried,,608701.6081238966,Car,674.8605663518326,1,137,14.37,2021-11-14,0
CUST1824,38.0,Other,South,Graduate,Salaried,225877.76037733594,528789.3938584013,Home,531.4290252222295,3,173,21.07,2021-03-18,0
CUST1825,65.0,Female,South,Secondary,Self-Employed,281272.79611144227,87853.36843369404,Education,672.7933342450883,0,60,9.66,2020-04-18,0
CUST1826,23.0,Male,West,Primary,Unemployed,451028.5355346659,41168.378993147904,Education,,0,116,13.05,2021-10-18,0
CUST1827,45.0,Male,North,Secondary,Salaried,157084.21237981395,266636.98946033115,Home,637.679502010561,2,58,25.25,2019-11-12,1
CUST1828,34.0,Male,East,Secondary,Self-Employed,109535572.25103119,122507.14317930445,Business,649.3582894752267,1,84,36.77,2022-01-27,0
CUST1829,,Male,South,Graduate,Salaried,1222157.47869703,298749.74803386495,Home,688.6117893769708,0,109,21.58,2019-10-07,0
CUST1830,48.0,Male,North,Graduate,Salaried,484486.30050167907,28161.728576243633,Car,662.3214216063107,1,22,11.81,2019-02-03,0
CUST1831,22.0,Male,North,Graduate,Salaried,371160.07762727555,55794.22178032909,Business,593.4869617828739,3,47,15.22,2019-02-09,0
CUST1832,55.0,Male,West,Graduate,Unemployed,305316.3498837919,309887.11274276086,Car,594.7949506205165,2,93,20.21,2020-04-05,0
CUST1833,20.0,Male,West,Secondary,Self-Employed,758506.7847826674,79681.91863363143,Other,567.0123978413792,1,78,14.21,2021-03-01,0
CUST1834,40.0,,West,Graduate,Self-Employed,269547.61588860006,507257.18428421376,Home,694.4539853096414,0,161,23.47,2021-05-05,0
CUST1835,54.0,Other,West,Secondary,,1339540.9684205796,35094.3676382109,Car,691.3647238783566,2,14,11.42,2019-10-09,0
CUST1836,54.0,Female,North,Primary,Self-Employed,1411291.5678273719,80671.4351447314,Car,726.8585750348672,0,138,36.84,2018-02-04,0
CUST1837,27.0,Female,South,Graduate,Unemployed,516097.2414839694,1655821.1848399248,Education,644.9900842874362,1,93,15.74,2019-02-24,0
CUST1838,27.0,Male,East,Primary,Self-Employed,439367.2695315586,161882.550998113,Business,558.5959627892928,0,136,11.99,2019-01-12,0
CUST1839,36.0,Female,South,Secondary,Unemployed,821096.4703023657,323476.88397526834,Education,,0,38,22.1,2021-11-23,0
CUST1840,34.0,Male,South,Secondary,Salaried,853310.7830595715,70425.96106157263,Business,680.7732894707224,1,87,10.08,2018-08-08,0
CUST1841,38.0,Female,South,Graduate,,272775.6554357554,255318.004881901,Home,598.4675705366396,1,165,17.71,2023-04-06,0
CUST1842,31.0,Male,South,Graduate,Salaried,,343753.58959452575,Car,605.1112212719162,0,136,33.14,2023-03-27,0
CUST1843,26.0,Female,South,Secondary,Salaried,200103.80566169036,114393.1743037186,Education,711.5646160030309,0,176,8.95,2019-11-28,0
CUST1844,63.0,Male,North,Graduate,Salaried,565484.9513755648,461372.55476683483,Car,687.0435082347128,1,102,29.84,2022-03-21,0
CUST1845,18.0,Female,South,Secondary,Salaried,659987.8667187367,251217.84670107672,Other,759.3008596604031,1,35,8.62,2022-05-26,0
CUST1846,68.0,Female,South,Secondary,Self-Employed,196819.94741565877,143214.91628616728,Home,800.5470565946737,0,84,24.78,2018-12-08,0
CUST1847,,Male,South,Graduate,Salaried,336677.4593498502,223909.16479662055,Car,574.8033954775631,0,64,10.24,2020-01-23,0
CUST1848,30.0,Male,North,Graduate,Salaried,197135.70914314647,234954.47180169186,Car,650.6792641074044,0,6,29.84,2023-03-02,0
CUST1849,21.0,Other,East,Post-Graduate,Salaried,,65241.20719959651,Business,688.6544126914253,2,40,12.33,2019-02-20,0
CUST1850,18.0,Male,North,Secondary,Unemployed,615758.5713938641,148847.49359052654,Other,705.4501379460482,0,129,13.76,2022-01-19,0
CUST1851,66.0,Female,South,Graduate,Salaried,,125181.7151174039,Home,751.1116828951017,0,155,10.29,2021-08-13,0
CUST1852,57.0,,East,Graduate,Salaried,369351.64118220314,148082.82358778338,Home,731.0037475056355,1,107,4.92,2020-07-26,0
CUST1853,49.0,Male,South,Post-Graduate,Self-Employed,166643.64733904653,377938.63686572784,Car,759.6901081593146,1,179,9.29,2021-09-16,0
CUST1854,51.0,Male,North,Secondary,Self-Employed,494941.1402203118,184704.99348093968,Car,684.2952144445469,1,120,7.08,2022-09-25,0
CUST1855,45.0,Male,East,Graduate,Salaried,430815.846764915,724673.4671793039,Other,636.0047377157745,3,105,5.92,2020-10-03,0
CUST1856,48.0,Female,South,Graduate,Salaried,,106920.4521186172,Car,816.4969563571138,1,50,19.05,2019-11-11,0
CUST1857,,Male,East,Secondary,Salaried,394980.39960168104,154336.7133737001,Home,690.7327625483581,1,84,35.25,2021-09-24,0
CUST1858,56.0,Male,East,Secondary,Unemployed,492956.8521999562,406565.0915308184,Car,663.0706756997572,1,111,40.39,2020-01-18,0
CUST1859,43.0,Male,East,Secondary,Salaried,271326.75475674786,217428.06317951897,Car,604.9446479377475,3,48,9.2,2020-03-16,0
CUST1860,51.0,Male,South,Graduate,Salaried,182452.012751032,217981.32220419092,Business,,1,151,15.57,2021-08-14,0
CUST1861,20.0,Female,North,Graduate,Salaried,1307130.2712682558,33703.862740778626,Home,750.3143018458874,2,53,29.44,2022-11-19,0
CUST1862,67.0,Other,North,Graduate,Salaried,302560.4518076036,147123.61190013893,Home,644.9674223416422,0,92,8.54,2022-08-28,0
CUST1863,29.0,Male,South,Graduate,Self-Employed,417459.96985436697,98929.09080272206,Other,670.6634316120552,2,62,30.02,2018-11-08,0
CUST1864,18.0,Female,South,Graduate,Salaried,,1848977.0607033202,Home,697.4409509080418,0,95,30.27,2022-05-26,0
CUST1865,61.0,Female,South,Primary,Salaried,,112170.64072487685,Education,713.0522338693684,2,139,6.21,2022-11-02,0
CUST1866,,Male,North,Secondary,Salaried,,559613.6869214005,Car,,2,98,5.06,2018-02-24,0
CUST1867,47.0,,North,Secondary,Salaried,579485.7366371974,301933.3569932816,Car,652.4473561042468,2,173,13.46,2019-11-25,0
CUST1868,47.0,Male,South,Secondary,Salaried,289372.0845618222,124226.22689880624,Home,644.2466586376864,0,82,26.29,2019-06-18,0
CUST1869,34.0,Male,North,Secondary,Self-Employed,320207.92111246777,216060.47259476435,Home,602.5382526463384,1,126,7.69,2022-12-24,0
CUST1870,65.0,Female,East,Graduate,Self-Employed,287182.38692014717,478984.0836806011,Car,626.0875373861651,2,147,5.93,2018-04-15,0
CUST1871,64.0,Male,North,Secondary,Unemployed,225169.11460311507,557183.5388732116,Home,624.2053269022383,0,80,16.98,2021-04-13,0
CUST1872,40.0,Female,South,Secondary,Self-Employed,431587.3416006606,63705.598982261145,Car,572.0476040890021,2,57,22.56,2018-10-21,0
CUST1873,32.0,Female,West,Secondary,Self-Employed,182644.76816570657,123717.2243182078,Home,749.5061268830663,2,27,11.7,2020-05-29,0
CUST1874,54.0,Male,North,Primary,Salaried,780807.9843658442,122075.97599985474,Education,,0,81,12.19,2019-07-05,0
CUST1875,38.0,Female,South,Post-Graduate,Self-Employed,457257.405391487,30738.56552508152,Other,689.9558981661436,2,77,22.5,2020-06-29,0
CUST1876,31.0,Male,North,Graduate,,570039.5274106516,247973.70193795735,Home,771.318358936973,0,92,10.64,2019-01-10,0
CUST1877,,Male,East,Graduate,Self-Employed,334464.7704026016,502445.3230339396,Home,730.2493167847122,2,107,11.05,2019-03-26,0
CUST1878,28.0,Male,South,Primary,Salaried,354930.6294891912,140144.59143139148,Business,624.7269040388813,2,98,18.89,2022-01-08,0
CUST1879,,Female,South,Graduate,Salaried,525727.5244236875,356802.97686578886,Education,762.1373742921693,0,64,19.98,2020-12-19,0
CUST1880,56.0,Male,South,Graduate,Self-Employed,220041.09878725038,267014.1022595286,Home,748.0583062235921,2,14,14.7,2021-11-16,0
CUST1881,55.0,Male,West,Graduate,Self-Employed,356898.15478671,137760.53627637622,Car,601.7454835496164,0,106,34.54,2020-03-22,0
CUST1882,51.0,Male,North,Primary,Unemployed,264139.29925735475,58013.9936656147,Home,743.1946748020807,1,62,23.92,2023-01-09,0
CUST1883,55.0,Female,North,Graduate,,57150302.43316354,328886.3819191835,Home,647.2925299530543,0,179,13.8,2019-01-25,0
CUST1884,,Male,West,Graduate,Salaried,54758319.25461124,502006.79730239016,Other,749.8003767260432,0,147,8.62,2021-05-20,0
CUST1885,51.0,Male,South,Graduate,Salaried,988156.093563767,309474.75010381354,Business,656.343726305173,2,13,27.0,2019-10-29,0
CUST1886,35.0,Male,West,Graduate,Self-Employed,293043.6192583037,24510.058734462065,Education,642.6667094099179,1,17,27.47,2022-09-05,0
CUST1887,47.0,Male,South,Secondary,Salaried,889153.9157597126,80910.84048368191,Home,649.880811481737,2,155,15.65,2022-04-08,0
CUST1888,32.0,Female,West,Graduate,Salaried,83029417.54681341,38002.923266277634,Home,611.9482255695674,0,165,18.89,2021-06-17,0
CUST1889,44.0,Male,South,Primary,Unemployed,204515.73107735717,231217.09491120224,Business,150.0,1,141,23.35,2022-02-20,0
CUST1890,68.0,Male,East,Graduate,Salaried,230257.43822637296,373136.6681635569,Home,505.07017781066725,1,135,36.66,2022-10-11,0
CUST1891,51.0,Other,West,Primary,Self-Employed,2056059.3576924081,49296.20002180303,Car,606.1728900000519,3,77,25.63,2021-02-19,0
CUST1892,69.0,Male,South,Secondary,Salaried,,475561.60833642975,Home,850.0,3,120,20.54,2021-06-30,0
CUST1893,55.0,Other,North,Secondary,Self-Employed,434125.4783872432,222706.35577428917,Car,,0,157,26.18,2018-05-21,0
CUST1894,50.0,Male,North,Graduate,Salaried,,312770.75641638774,Home,810.4955826154685,3,129,29.24,2022-01-15,0
CUST1895,41.0,Female,North,Primary,Unemployed,303001.23434578907,908603.2999778301,Home,657.7259586239525,1,115,18.83,2023-02-19,1
CUST1896,32.0,Male,North,Graduate,Unemployed,573441.7427966547,41847.67720835905,Business,647.2174937766474,1,75,26.02,2020-05-23,0
CUST1897,47.0,Male,South,Graduate,Salaried,287704.9801378358,598725.2128354867,Education,,0,168,11.73,2023-01-30,0
CUST1898,59.0,Female,South,Secondary,Salaried,,53698.10284003977,Home,706.3033699845581,0,93,27.59,2021-03-22,0
CUST1899,68.0,Female,South,Primary,Salaried,200198.8753256275,144789.65659119896,Education,613.1307150915031,1,24,11.78,2023-04-01,0
CUST1900,34.0,Female,South,Primary,Self-Employed,448048.0000875811,496689.3966516848,Home,,0,85,9.93,2022-10-16,0
CUST1901,22.0,Male,East,Graduate,Self-Employed,224439.09524682324,12571736.258625468,Car,767.5619233029205,1,94,15.42,2021-08-24,0
CUST1902,46.0,Female,North,Graduate,Salaried,424910.3655402529,196493.10514206006,Education,580.0489296788982,2,23,8.41,2022-05-03,0
CUST1903,21.0,Female,North,Secondary,Self-Employed,232164.94696958715,245414.97058521214,Home,712.526083226748,3,169,12.2,2021-09-02,0
CUST1904,27.0,Male,North,Primary,Salaried,276671.91104208113,327876.5436488529,Car,584.6792656397055,1,116,19.87,2022-04-02,0
CUST1905,34.0,Female,South,Graduate,,738147.6740086298,467079.3526576679,Education,763.7728727016266,4,135,18.9,2021-08-12,0
CUST1906,27.0,Female,North,Graduate,Unemployed,513234.5994990621,52388.02144110069,Other,696.1488902345076,0,111,22.64,2020-04-22,0
CUST1907,34.0,Male,North,Graduate,Salaried,439855.4139407541,435274.01338098623,Car,724.0762811213345,0,125,22.82,2021-09-30,0
CUST1908,37.0,Male,South,Graduate,Salaried,749662.4997078441,184095.90483317265,Home,664.7789245234017,2,96,19.83,2022-05-24,0
CUST1909,41.0,Male,West,Primary,,590287.6007486393,169742.78596237532,Home,555.2878299543673,2,151,10.74,2019-08-20,0
CUST1910,22.0,Male,North,Primary,Salaried,1053826.0692199965,157868.39793946562,Car,649.0997487840153,2,178,26.09,2021-07-29,0
CUST1911,51.0,Male,East,Primary,Salaried,335737.35193992784,197935.54281119164,Home,745.088766678071,1,84,15.57,2021-05-16,0
CUST1912,,Male,East,Secondary,Salaried,341881.34550678637,745335.4172646559,Car,819.5540147762962,1,35,18.54,2020-08-09,0
CUST1913,19.0,Male,East,Primary,Salaried,202670.02445250872,218631.00639083463,Education,699.7603062922074,1,57,17.32,2019-07-06,0
CUST1914,30.0,Male,West,Secondary,Salaried,342015.5796627292,785348.0598890404,Home,631.955319553147,1,117,36.14,2021-01-24,0
CUST1915,60.0,Male,North,Secondary,Salaried,789268.571398244,69701.20478902121,Home,717.4991944787203,0,38,9.05,2022-01-15,0
CUST1916,60.0,Female,North,Post-Graduate,Salaried,965105.2322672101,341961.8028999933,Car,738.7926314000086,3,35,13.85,2022-11-21,0
CUST1917,65.0,Female,West,Graduate,Salaried,787157.0799810622,438147.0675241399,Home,689.2927616652547,0,143,21.45,2019-01-08,0
CUST1918,28.0,Male,South,Graduate,Self-Employed,150766.09575546693,304178.8950335949,Other,,0,10,16.63,2019-10-10,0
CUST1919,68.0,Other,South,Graduate,Self-Employed,847365.2661433384,253436.9816067608,Car,694.9525780824226,2,31,12.91,2021-01-01,0
CUST1920,64.0,Male,East,Primary,Salaried,146809.1651384242,227994.738044077,Business,683.0485264202398,2,11,6.3,2023-01-11,0
CUST1921,40.0,Male,East,Graduate,Salaried,758327.3218776939,513195.3363848287,Business,,4,53,14.25,2022-12-14,0
CUST1922,33.0,Male,West,Secondary,Self-Employed,354807.00901543297,450997.07195545564,Business,807.9294276451734,4,100,19.71,2022-09-01,0
CUST1923,48.0,Male,West,Graduate,Unemployed,674360.4156962509,52609.39476001529,Home,,2,64,21.58,2018-11-29,0
CUST1924,28.0,Female,East,Secondary,Salaried,198894.734474875,491937.10393654736,Other,663.3081013906782,1,37,15.12,2019-01-28,0
CUST1925,33.0,Female,North,Post-Graduate,Salaried,893320.3942126238,153638.1485707165,Home,614.7352111222974,1,51,17.98,2022-09-30,0
CUST1926,25.0,Male,West,Secondary,Salaried,183691.89554306935,93155.84180665082,Home,,0,176,9.28,2023-02-26,0
CUST1927,21.0,Male,North,Secondary,Salaried,296240.54446017393,529610.5413099087,Car,,2,123,19.98,2021-02-03,0
CUST1928,57.0,Male,North,Post-Graduate,Salaried,243079.35270052584,161419.38063529477,Home,719.1793342873785,2,31,16.52,2021-01-29,0
CUST1929,21.0,Male,West,Primary,Salaried,,433040.2852898772,Home,779.9114744478107,1,26,17.86,2021-10-14,0
CUST1930,42.0,Male,North,Graduate,Self-Employed,468230.7648006303,96428.79463360902,Home,604.32932760709,2,51,14.74,2022-11-06,0
CUST1931,20.0,Male,North,Graduate,,1307533.989925404,20984.26537194015,Home,643.0737653481797,0,97,18.29,2022-12-21,0
CUST1932,49.0,Female,North,Graduate,Salaried,2191601.5445210193,191026.6390603598,Education,772.6857658915017,1,162,22.59,2021-09-14,0
CUST1933,20.0,Female,West,Post-Graduate,,468969.7152199755,46403.54157913213,Home,601.5256053061694,1,6,18.69,2023-03-28,0
CUST1934,44.0,Male,South,Post-Graduate,Salaried,864588.3399315863,370988.2966359819,Car,645.4353754662343,1,147,6.61,2022-06-30,0
CUST1935,46.0,Female,East,Primary,Salaried,508518.4529284302,15451885.727599708,Other,567.9751150250313,0,51,18.88,2019-01-30,0
CUST1936,49.0,Male,North,Graduate,Salaried,596795.5771251667,166587.46537123632,Car,775.4354345051491,1,31,13.55,2018-02-04,0
CUST1937,67.0,Male,East,Graduate,Self-Employed,360306.67014700704,42764.04064513683,Education,639.3127405493459,2,31,11.54,2018-06-06,0
CUST1938,68.0,Male,East,Graduate,,497348.4446263493,104449.01507885309,Other,704.5812326932981,1,145,32.28,2020-06-22,0
CUST1939,36.0,Male,South,Primary,Self-Employed,610777.0162955043,400231.1530411434,Home,727.3186226970772,0,149,10.32,2021-07-20,0
CUST1940,,Other,South,Graduate,Unemployed,312676.4293210789,61097.20207043746,Car,623.7734190708733,2,79,10.92,2020-08-24,0
CUST1941,22.0,Male,North,Post-Graduate,Salaried,422313.5894703868,280434.83469053975,Business,546.7199942812208,0,14,5.36,2019-01-31,0
CUST1942,35.0,Male,West,Post-Graduate,Salaried,427171.9603552733,643514.6588485277,Other,664.6375131858665,2,125,33.79,2022-11-11,0
CUST1943,45.0,Male,East,Secondary,Salaried,726389.7463037441,304731.07187528803,Education,663.492056572799,2,37,25.68,2018-07-26,0
CUST1944,59.0,Male,West,Primary,Self-Employed,233370.05627822352,436530.7571669116,Home,675.7647564981836,0,169,13.93,2022-11-16,0
CUST1945,39.0,Female,South,Secondary,Unemployed,428941.00665750063,48844.75265212702,Other,676.1511905393944,1,130,22.34,2022-06-17,0
CUST1946,38.0,Male,East,Graduate,,1393324.6467613908,92164.5792065071,Home,645.0859010366775,2,12,5.4,2019-09-13,0
CUST1947,23.0,Male,East,Graduate,Salaried,889518.951411698,582353.1653941348,Car,642.3723888706877,2,165,20.86,2021-08-22,0
CUST1948,18.0,Male,East,Secondary,Self-Employed,994014.8541433326,333909.1853728986,Car,700.8392470170351,1,139,10.71,2022-07-08,0
CUST1949,22.0,Male,West,Primary,Salaried,448946.54406707565,275103.1609360784,Car,622.3299826979227,2,166,37.97,2022-04-09,0
CUST1950,58.0,Male,South,Secondary,Salaried,536380.2114007205,292487.5305393593,Business,673.3273586336777,4,75,19.76,2020-03-15,0
CUST1951,29.0,Male,North,Secondary,Salaried,,153694.4477060649,Business,640.5928888013369,0,139,17.56,2019-04-07,0
CUST1952,43.0,Male,East,Post-Graduate,Salaried,1128221.7941356439,31394.94653763753,Education,700.6923670550274,1,45,10.91,2018-09-09,0
CUST1953,63.0,Female,East,Graduate,Self-Employed,137178.4966823792,403630.78493282513,Home,757.600339622279,2,122,10.94,2021-07-14,0
CUST1954,51.0,Female,South,Secondary,Salaried,200934.6913867912,303855.3023809694,Car,760.4564441183314,2,59,22.12,2020-05-16,0
CUST1955,66.0,Female,North,Graduate,Salaried,970596.8405937601,180045.94085457947,Education,770.2503610776372,2,11,10.86,2018-07-28,1
CUST1956,31.0,Male,South,Primary,Salaried,374694.53007825086,595046.0328233301,Car,656.6135057260517,0,88,10.65,2020-08-12,0
CUST1957,43.0,Male,South,Post-Graduate,Self-Employed,295660.62147503806,122428.40443389688,Other,,0,150,33.23,2022-05-10,0
CUST1958,62.0,Male,South,Secondary,Self-Employed,208460.19856018838,107148.96843437148,Business,,1,175,18.99,2019-06-23,0
CUST1959,44.0,Female,East,Secondary,Salaried,317105.5551799432,535491.4344021415,Education,656.0215680517418,1,82,9.51,2020-04-14,0
CUST1960,26.0,Male,East,Secondary,Salaried,190723.1978455625,418622.1219485751,Home,920.0,2,172,21.67,2019-05-18,0
CUST1961,,Male,North,Graduate,,1551381.7813971105,200891.19034546733,Education,636.7996655066388,1,57,14.3,2020-08-13,0
CUST1962,64.0,Male,South,Graduate,Unemployed,436497.6929071119,55026.738065188205,Other,636.4744799604086,1,18,6.8,2019-05-29,0
CUST1963,39.0,Male,North,Graduate,Salaried,427294.8952099639,80540.65294925115,Car,561.1611266874814,4,153,12.81,2019-08-03,0
CUST1964,64.0,Male,North,Secondary,Salaried,629603.7958795192,286944.1510373503,Business,586.0661182994322,1,117,9.73,2023-04-22,0
CUST1965,47.0,Male,East,Secondary,Salaried,788121.1506954757,141550.01670571056,Home,683.1180511305123,0,61,18.69,2021-03-17,0
CUST1966,60.0,Female,West,Primary,Salaried,780377.373567814,472694.5841849838,Car,685.7451314395811,1,95,11.85,2023-01-29,0
CUST1967,65.0,Male,South,Graduate,Self-Employed,842537.2605009066,768708.2161968565,Education,713.813910864706,1,50,17.21,2023-06-21,0
CUST1968,,Male,East,Primary,Salaried,303001.3892684807,429506.8374568572,Education,661.8773870847642,1,158,22.95,2020-04-19,0
CUST1969,43.0,Male,West,Graduate,Salaried,370008.00407659955,138521.1554932947,Business,680.8157966482748,1,95,53.54,2022-07-24,0
CUST1970,,Male,West,Graduate,Salaried,701810.7033275395,408603.03282476595,Home,767.5356684345359,0,156,44.25,2020-09-12,0
CUST1971,18.0,Male,North,Graduate,Salaried,322405.8913985094,128250.83464815596,Home,676.2969423342452,2,137,18.39,2018-03-24,0
CUST1972,25.0,Female,West,Secondary,Unemployed,441059.92113295523,65710.44935360068,Education,635.755159700146,0,174,16.02,2020-12-01,0
CUST1973,66.0,Male,South,Secondary,Salaried,562000.6349361909,28490.87241548179,Home,596.6336467159553,1,106,12.21,2018-06-05,0
CUST1974,52.0,Female,South,Primary,Self-Employed,708645.7614290413,141824.76934247836,Car,735.8235904532901,2,110,7.23,2022-08-20,0
CUST1975,69.0,Male,North,Graduate,Self-Employed,152267.08904311678,604706.7514084664,Home,560.7660317630722,1,175,5.24,2019-03-29,0
CUST1976,32.0,Male,South,Graduate,Salaried,679319.8730450632,88276.0741939982,Home,621.3106966218329,3,132,10.79,2022-07-01,0
CUST1977,64.0,Female,North,Secondary,Salaried,384525.56908548326,77829.58252927895,Education,709.3005533055534,1,36,37.29,2021-07-31,0
CUST1978,39.0,Male,North,Secondary,Salaried,676355.8531590984,895150.4611426821,Education,546.5412776204438,2,10,36.65,2021-04-26,0
CUST1979,31.0,Male,South,Graduate,Self-Employed,705145.1981511135,26330.506575371644,Home,636.9951648483502,1,78,17.04,2019-09-09,0
CUST1980,43.0,Male,West,Graduate,Salaried,1160949.8180106322,405190.44823632174,Home,689.0417254407013,3,139,20.75,2019-09-16,0
CUST1981,45.0,Male,West,Secondary,Salaried,996567.5350313504,116919.78843148354,Home,,2,33,12.15,2022-02-06,0
CUST1982,40.0,Female,South,Graduate,Salaried,992461.0014937333,29552.175138816347,Car,611.2117750730231,3,38,16.2,2019-05-22,0
CUST1983,31.0,Male,West,Secondary,Self-Employed,1051998.442220542,644657.720047623,Home,638.4588972583596,1,11,11.16,2021-03-02,0
CUST1984,41.0,Female,West,Primary,Salaried,526932.3182404201,57601.770272461516,Car,737.188902865782,1,85,11.15,2021-07-18,0
CUST1985,,Female,East,Post-Graduate,Salaried,451039.8853790978,220617.3744085379,Education,808.196417354547,4,81,22.34,2019-09-14,0
CUST1986,62.0,Male,North,Graduate,Salaried,746902.7363193523,100069.9832064741,Education,689.7642077115519,0,62,12.15,2021-01-01,0
CUST1987,43.0,Female,East,Graduate,Salaried,686422.4756463395,36853.74412546518,Home,920.0,1,89,21.03,2023-05-06,0
CUST1988,31.0,Male,West,Primary,Self-Employed,367530.0113936942,32802.92591940368,Education,719.7671593977416,1,163,15.28,2021-12-30,0
CUST1989,68.0,Other,East,Graduate,Salaried,564047.6683642005,50699.21753372878,Other,652.2531539811034,2,77,33.41,2023-02-25,0
CUST1990,24.0,,South,Secondary,Self-Employed,433194.50958013465,38510.42040411857,Home,603.3204003433083,0,49,21.68,2018-10-20,0
CUST1991,20.0,Male,South,Secondary,Self-Employed,265041.11792787595,377361.13627603994,Home,623.9808864002385,1,51,18.58,2019-10-17,0
CUST1992,64.0,Male,East,Graduate,Salaried,959604.4476393643,186172.1012588932,Car,626.9547106524683,1,81,8.04,2020-07-25,0
CUST1993,40.0,Male,South,Primary,Self-Employed,457311.2661229977,124976.7573655201,Home,581.2406678055507,2,77,12.87,2022-12-01,0
CUST1994,63.0,Male,North,Graduate,Salaried,1512425.1115239563,155479.72460875352,Education,675.5851856025544,3,172,16.04,2020-01-27,0
CUST1995,60.0,Female,South,Graduate,Salaried,166825.6673194007,681081.3700000239,Business,807.9702759516878,0,120,16.9,2021-12-31,0
CUST1996,64.0,Male,West,Secondary,Self-Employed,316770.4747832494,624083.5423300553,Car,,0,34,22.91,2020-09-22,0
CUST1997,62.0,Male,West,Secondary,Salaried,451162.6976113085,334410.6336667795,Education,805.8142917610253,1,75,18.23,2023-02-19,0
CUST1998,35.0,Female,North,Secondary,Self-Employed,65824074.18152627,560016.255572656,Education,694.5681674233299,2,149,9.81,2019-10-29,0
CUST1999,55.0,Male,West,Primary,,562238.6166554089,116286.25205880725,Home,673.4971898080742,0,107,22.11,2022-08-12,0
