transaction_id,user_id,product_id,amount,payment_type,date,avg_monthly_spend,purchase_frequency,last_purchase_date,days_since_last_purchase,category_x,category_total_expenditure,name,age,gender,registration_date,product_name,category_y,price,stock
T000001,U0024,P015,67.67,Wallet,2023-02-12,75.43,11,2025-08-03,90,Beauty,112.61,Aarohi Kapoor,20,Female,2023-03-15,Product_015,Books,2286.25,251
T000001,U0024,P015,67.67,Wallet,2023-02-12,75.43,11,2025-08-03,90,Books,313.02,Aarohi Kapoor,20,Female,2023-03-15,Product_015,Books,2286.25,251
T000001,U0024,P015,67.67,Wallet,2023-02-12,75.43,11,2025-08-03,90,Clothing,89.07000000000001,Aarohi Kapoor,20,Female,2023-03-15,Product_015,Books,2286.25,251
T000001,U0024,P015,67.67,Wallet,2023-02-12,75.43,11,2025-08-03,90,Electronics,62.27,Aarohi Kapoor,20,Female,2023-03-15,Product_015,Books,2286.25,251
T000001,U0024,P015,67.67,Wallet,2023-02-12,75.43,11,2025-08-03,90,Grocery,55.78,Aarohi Kapoor,20,Female,2023-03-15,Product_015,Books,2286.25,251
T000001,U0024,P015,67.67,Wallet,2023-02-12,75.43,11,2025-08-03,90,Home,46.12,Aarohi Kapoor,20,Female,2023-03-15,Product_015,Books,2286.25,251
T000002,U0196,P044,76.44,UPI,2023-03-24,88.99714285714286,7,2025-08-21,72,Beauty,94.92999999999999,Kabir Kulkarni,35,Other,2024-08-01,Product_044,Beauty,1655.45,268
T000002,U0196,P044,76.44,UPI,2023-03-24,88.99714285714286,7,2025-08-21,72,Books,196.74,Kabir Kulkarni,35,Other,2024-08-01,Product_044,Beauty,1655.45,268
T000002,U0196,P044,76.44,UPI,2023-03-24,88.99714285714286,7,2025-08-21,72,Grocery,226.74,Kabir Kulkarni,35,Other,2024-08-01,Product_044,Beauty,1655.45,268
T000002,U0196,P044,76.44,UPI,2023-03-24,88.99714285714286,7,2025-08-21,72,Home,104.57,Kabir Kulkarni,35,Other,2024-08-01,Product_044,Beauty,1655.45,268
T000003,U0196,P049,104.57,Debit Card,2025-08-21,88.99714285714286,7,2025-08-21,72,Beauty,94.92999999999999,Kabir Kulkarni,35,Other,2024-08-01,Product_049,Home,1701.17,159
T000003,U0196,P049,104.57,Debit Card,2025-08-21,88.99714285714286,7,2025-08-21,72,Books,196.74,Kabir Kulkarni,35,Other,2024-08-01,Product_049,Home,1701.17,159
T000003,U0196,P049,104.57,Debit Card,2025-08-21,88.99714285714286,7,2025-08-21,72,Grocery,226.74,Kabir Kulkarni,35,Other,2024-08-01,Product_049,Home,1701.17,159
T000003,U0196,P049,104.57,Debit Card,2025-08-21,88.99714285714286,7,2025-08-21,72,Home,104.57,Kabir Kulkarni,35,Other,2024-08-01,Product_049,Home,1701.17,159
T000004,U0133,P042,102.75,Net Banking,2024-07-23,90.22999999999999,5,2024-10-27,370,Beauty,215.07,Diya Singh,23,Female,2023-07-06,Product_042,Home,4406.39,59
T000004,U0133,P042,102.75,Net Banking,2024-07-23,90.22999999999999,5,2024-10-27,370,Electronics,77.16,Diya Singh,23,Female,2023-07-06,Product_042,Home,4406.39,59
T000004,U0133,P042,102.75,Net Banking,2024-07-23,90.22999999999999,5,2024-10-27,370,Home,158.92000000000002,Diya Singh,23,Female,2023-07-06,Product_042,Home,4406.39,59
T000005,U0047,P038,23.89,Net Banking,2025-10-04,40.7375,4,2025-10-04,28,Books,52.54,Anaya Gupta,28,Other,2022-10-13,Product_038,Home,393.65,58
T000005,U0047,P038,23.89,Net Banking,2025-10-04,40.7375,4,2025-10-04,28,Grocery,86.52000000000001,Anaya Gupta,28,Other,2022-10-13,Product_038,Home,393.65,58
T000005,U0047,P038,23.89,Net Banking,2025-10-04,40.7375,4,2025-10-04,28,Home,23.89,Anaya Gupta,28,Other,2022-10-13,Product_038,Home,393.65,58
T000006,U0024,P031,31.1,UPI,2025-04-16,75.43,11,2025-08-03,90,Beauty,112.61,Aarohi Kapoor,20,Female,2023-03-15,Product_031,Grocery,3035.94,111
T000006,U0024,P031,31.1,UPI,2025-04-16,75.43,11,2025-08-03,90,Books,313.02,Aarohi Kapoor,20,Female,2023-03-15,Product_031,Grocery,3035.94,111
T000006,U0024,P031,31.1,UPI,2025-04-16,75.43,11,2025-08-03,90,Clothing,89.07000000000001,Aarohi Kapoor,20,Female,2023-03-15,Product_031,Grocery,3035.94,111
T000006,U0024,P031,31.1,UPI,2025-04-16,75.43,11,2025-08-03,90,Electronics,62.27,Aarohi Kapoor,20,Female,2023-03-15,Product_031,Grocery,3035.94,111
T000006,U0024,P031,31.1,UPI,2025-04-16,75.43,11,2025-08-03,90,Grocery,55.78,Aarohi Kapoor,20,Female,2023-03-15,Product_031,Grocery,3035.94,111
T000006,U0024,P031,31.1,UPI,2025-04-16,75.43,11,2025-08-03,90,Home,46.12,Aarohi Kapoor,20,Female,2023-03-15,Product_031,Grocery,3035.94,111
T000007,U0086,P021,74.37,Wallet,2023-08-03,87.285,4,2025-10-08,24,Books,74.37,Aarohi Reddy,27,Female,2022-02-12,Product_021,Books,3055.12,169
T000007,U0086,P021,74.37,Wallet,2023-08-03,87.285,4,2025-10-08,24,Clothing,41.2,Aarohi Reddy,27,Female,2022-02-12,Product_021,Books,3055.12,169
T000007,U0086,P021,74.37,Wallet,2023-08-03,87.285,4,2025-10-08,24,Grocery,125.12,Aarohi Reddy,27,Female,2022-02-12,Product_021,Books,3055.12,169
T000007,U0086,P021,74.37,Wallet,2023-08-03,87.285,4,2025-10-08,24,Home,108.45,Aarohi Reddy,27,Female,2022-02-12,Product_021,Books,3055.12,169
T000008,U0042,P022,74.31,Net Banking,2025-10-11,49.59,3,2025-10-11,21,Clothing,74.46000000000001,Muhammad Singh,33,Female,2023-03-25,Product_022,Electronics,3207.91,466
T000008,U0042,P022,74.31,Net Banking,2025-10-11,49.59,3,2025-10-11,21,Electronics,74.31,Muhammad Singh,33,Female,2023-03-25,Product_022,Electronics,3207.91,466
T000009,U0074,P043,74.37,Net Banking,2023-03-17,60.69333333333333,6,2025-02-16,258,Books,133.3,Diya Gupta,44,Male,2022-10-19,Product_043,Home,3416.65,309
T000009,U0074,P043,74.37,Net Banking,2023-03-17,60.69333333333333,6,2025-02-16,258,Grocery,79.6,Diya Gupta,44,Male,2022-10-19,Product_043,Home,3416.65,309
T000009,U0074,P043,74.37,Net Banking,2023-03-17,60.69333333333333,6,2025-02-16,258,Home,74.37,Diya Gupta,44,Male,2022-10-19,Product_043,Home,3416.65,309
T000009,U0074,P043,74.37,Net Banking,2023-03-17,60.69333333333333,6,2025-02-16,258,Sports,76.89,Diya Gupta,44,Male,2022-10-19,Product_043,Home,3416.65,309
T000010,U0117,P006,550.95,UPI,2024-05-31,148.54888888888888,13,2025-09-06,56,Books,165.31,Aadhya Joshi,31,Female,2022-06-01,Product_006,Clothing,3250.7,481
T000010,U0117,P006,550.95,UPI,2024-05-31,148.54888888888888,13,2025-09-06,56,Clothing,790.84,Aadhya Joshi,31,Female,2022-06-01,Product_006,Clothing,3250.7,481
T000010,U0117,P006,550.95,UPI,2024-05-31,148.54888888888888,13,2025-09-06,56,Electronics,102.63,Aadhya Joshi,31,Female,2022-06-01,Product_006,Clothing,3250.7,481
T000010,U0117,P006,550.95,UPI,2024-05-31,148.54888888888888,13,2025-09-06,56,Grocery,127.18,Aadhya Joshi,31,Female,2022-06-01,Product_006,Clothing,3250.7,481
T000010,U0117,P006,550.95,UPI,2024-05-31,148.54888888888888,13,2025-09-06,56,Home,43.33,Aadhya Joshi,31,Female,2022-06-01,Product_006,Clothing,3250.7,481
T000010,U0117,P006,550.95,UPI,2024-05-31,148.54888888888888,13,2025-09-06,56,Sports,20.75,Aadhya Joshi,31,Female,2022-06-01,Product_006,Clothing,3250.7,481
T000010,U0117,P006,550.95,UPI,2024-05-31,148.54888888888888,13,2025-09-06,56,Toys,86.9,Aadhya Joshi,31,Female,2022-06-01,Product_006,Clothing,3250.7,481
T000011,U0083,P008,76.9,Net Banking,2023-01-03,59.12375,8,2025-10-23,9,Books,103.51,Arjun Khan,43,Male,2023-07-19,Product_008,Books,4534.16,161
T000011,U0083,P008,76.9,Net Banking,2023-01-03,59.12375,8,2025-10-23,9,Clothing,71.42,Arjun Khan,43,Male,2023-07-19,Product_008,Books,4534.16,161
T000011,U0083,P008,76.9,Net Banking,2023-01-03,59.12375,8,2025-10-23,9,Grocery,99.24000000000001,Arjun Khan,43,Male,2023-07-19,Product_008,Books,4534.16,161
T000011,U0083,P008,76.9,Net Banking,2023-01-03,59.12375,8,2025-10-23,9,Home,140.98,Arjun Khan,43,Male,2023-07-19,Product_008,Books,4534.16,161
T000011,U0083,P008,76.9,Net Banking,2023-01-03,59.12375,8,2025-10-23,9,Toys,57.84,Arjun Khan,43,Male,2023-07-19,Product_008,Books,4534.16,161
T000012,U0169,P035,107.91,Net Banking,2025-04-26,71.0775,4,2025-05-16,169,Books,23.46,Diya Mukherjee,30,Other,2022-12-05,Product_035,Sports,2998.97,82
T000012,U0169,P035,107.91,Net Banking,2025-04-26,71.0775,4,2025-05-16,169,Grocery,52.59,Diya Mukherjee,30,Other,2022-12-05,Product_035,Sports,2998.97,82
T000012,U0169,P035,107.91,Net Banking,2025-04-26,71.0775,4,2025-05-16,169,Sports,208.26,Diya Mukherjee,30,Other,2022-12-05,Product_035,Sports,2998.97,82
T000013,U0014,P013,96.78,Cash,2025-01-10,114.965,5,2025-01-30,275,Beauty,227.37,Sai Singh,18,Male,2024-06-06,Product_013,Beauty,3354.37,155
T000013,U0014,P013,96.78,Cash,2025-01-10,114.965,5,2025-01-30,275,Electronics,52.85,Sai Singh,18,Male,2024-06-06,Product_013,Beauty,3354.37,155
T000013,U0014,P013,96.78,Cash,2025-01-10,114.965,5,2025-01-30,275,Home,138.48,Sai Singh,18,Male,2024-06-06,Product_013,Beauty,3354.37,155
T000013,U0014,P013,96.78,Cash,2025-01-10,114.965,5,2025-01-30,275,Sports,41.16,Sai Singh,18,Male,2024-06-06,Product_013,Beauty,3354.37,155
T000014,U0160,P049,80.71,Net Banking,2025-06-24,67.83,3,2025-06-24,130,Beauty,31.73,Myra Chopra,37,Other,2022-12-11,Product_049,Home,1701.17,159
T000014,U0160,P049,80.71,Net Banking,2025-06-24,67.83,3,2025-06-24,130,Grocery,91.05,Myra Chopra,37,Other,2022-12-11,Product_049,Home,1701.17,159
T000014,U0160,P049,80.71,Net Banking,2025-06-24,67.83,3,2025-06-24,130,Home,80.71,Myra Chopra,37,Other,2022-12-11,Product_049,Home,1701.17,159
T000015,U0195,P004,45.19,Debit Card,2024-06-30,94.738,5,2025-01-29,276,Books,108.28,Ishaan Reddy,33,Male,2022-06-19,Product_004,Toys,2600.12,229
T000015,U0195,P004,45.19,Debit Card,2024-06-30,94.738,5,2025-01-29,276,Home,130.41,Ishaan Reddy,33,Male,2022-06-19,Product_004,Toys,2600.12,229
T000015,U0195,P004,45.19,Debit Card,2024-06-30,94.738,5,2025-01-29,276,Toys,235.0,Ishaan Reddy,33,Male,2022-06-19,Product_004,Toys,2600.12,229
T000016,U0141,P009,86.09,UPI,2025-06-16,70.26857142857143,9,2025-09-15,47,Beauty,78.86,Anaya Nair,33,Female,2024-02-10,Product_009,Clothing,1799.44,163
T000016,U0141,P009,86.09,UPI,2025-06-16,70.26857142857143,9,2025-09-15,47,Books,12.19,Anaya Nair,33,Female,2024-02-10,Product_009,Clothing,1799.44,163
T000016,U0141,P009,86.09,UPI,2025-06-16,70.26857142857143,9,2025-09-15,47,Clothing,186.62,Anaya Nair,33,Female,2024-02-10,Product_009,Clothing,1799.44,163
T000016,U0141,P009,86.09,UPI,2025-06-16,70.26857142857143,9,2025-09-15,47,Electronics,168.29999999999998,Anaya Nair,33,Female,2024-02-10,Product_009,Clothing,1799.44,163
T000016,U0141,P009,86.09,UPI,2025-06-16,70.26857142857143,9,2025-09-15,47,Grocery,22.9,Anaya Nair,33,Female,2024-02-10,Product_009,Clothing,1799.44,163
T000016,U0141,P009,86.09,UPI,2025-06-16,70.26857142857143,9,2025-09-15,47,Home,23.01,Anaya Nair,33,Female,2024-02-10,Product_009,Clothing,1799.44,163
T000017,U0179,P032,34.34,Credit Card,2023-03-01,79.445,5,2024-02-23,617,Beauty,95.72,Kabir Joshi,29,Female,2022-12-15,Product_032,Books,2913.02,176
T000017,U0179,P032,34.34,Credit Card,2023-03-01,79.445,5,2024-02-23,617,Books,107.57000000000001,Kabir Joshi,29,Female,2022-12-15,Product_032,Books,2913.02,176
T000017,U0179,P032,34.34,Credit Card,2023-03-01,79.445,5,2024-02-23,617,Grocery,114.49000000000001,Kabir Joshi,29,Female,2022-12-15,Product_032,Books,2913.02,176
T000018,U0162,P039,47.37,Debit Card,2023-11-21,61.4,6,2025-02-22,252,Books,15.74,Muhammad Mehta,38,Female,2022-10-14,Product_039,Grocery,4167.72,453
T000018,U0162,P039,47.37,Debit Card,2023-11-21,61.4,6,2025-02-22,252,Clothing,134.48,Muhammad Mehta,38,Female,2022-10-14,Product_039,Grocery,4167.72,453
T000018,U0162,P039,47.37,Debit Card,2023-11-21,61.4,6,2025-02-22,252,Grocery,47.37,Muhammad Mehta,38,Female,2022-10-14,Product_039,Grocery,4167.72,453
T000018,U0162,P039,47.37,Debit Card,2023-11-21,61.4,6,2025-02-22,252,Home,24.73,Muhammad Mehta,38,Female,2022-10-14,Product_039,Grocery,4167.72,453
T000018,U0162,P039,47.37,Debit Card,2023-11-21,61.4,6,2025-02-22,252,Sports,84.68,Muhammad Mehta,38,Female,2022-10-14,Product_039,Grocery,4167.72,453
T000019,U0080,P036,40.8,Credit Card,2025-04-15,62.012857142857136,7,2025-04-15,200,Clothing,59.05,Ishaan Amin,18,Female,2024-07-16,Product_036,Sports,1650.69,388
T000019,U0080,P036,40.8,Credit Card,2025-04-15,62.012857142857136,7,2025-04-15,200,Electronics,101.83,Ishaan Amin,18,Female,2024-07-16,Product_036,Sports,1650.69,388
T000019,U0080,P036,40.8,Credit Card,2025-04-15,62.012857142857136,7,2025-04-15,200,Grocery,138.17,Ishaan Amin,18,Female,2024-07-16,Product_036,Sports,1650.69,388
T000019,U0080,P036,40.8,Credit Card,2025-04-15,62.012857142857136,7,2025-04-15,200,Home,43.27,Ishaan Amin,18,Female,2024-07-16,Product_036,Sports,1650.69,388
T000019,U0080,P036,40.8,Credit Card,2025-04-15,62.012857142857136,7,2025-04-15,200,Sports,91.77,Ishaan Amin,18,Female,2024-07-16,Product_036,Sports,1650.69,388
T000020,U0024,P015,57.35,Credit Card,2025-08-03,75.43,11,2025-08-03,90,Beauty,112.61,Aarohi Kapoor,20,Female,2023-03-15,Product_015,Books,2286.25,251
T000020,U0024,P015,57.35,Credit Card,2025-08-03,75.43,11,2025-08-03,90,Books,313.02,Aarohi Kapoor,20,Female,2023-03-15,Product_015,Books,2286.25,251
T000020,U0024,P015,57.35,Credit Card,2025-08-03,75.43,11,2025-08-03,90,Clothing,89.07000000000001,Aarohi Kapoor,20,Female,2023-03-15,Product_015,Books,2286.25,251
T000020,U0024,P015,57.35,Credit Card,2025-08-03,75.43,11,2025-08-03,90,Electronics,62.27,Aarohi Kapoor,20,Female,2023-03-15,Product_015,Books,2286.25,251
T000020,U0024,P015,57.35,Credit Card,2025-08-03,75.43,11,2025-08-03,90,Grocery,55.78,Aarohi Kapoor,20,Female,2023-03-15,Product_015,Books,2286.25,251
T000020,U0024,P015,57.35,Credit Card,2025-08-03,75.43,11,2025-08-03,90,Home,46.12,Aarohi Kapoor,20,Female,2023-03-15,Product_015,Books,2286.25,251
T000021,U0031,P042,218.94,Debit Card,2025-10-17,98.785,4,2025-10-17,15,Grocery,64.81,Aarohi Khan,27,Other,2022-04-25,Product_042,Home,4406.39,59
T000021,U0031,P042,218.94,Debit Card,2025-10-17,98.785,4,2025-10-17,15,Home,330.33000000000004,Aarohi Khan,27,Other,2022-04-25,Product_042,Home,4406.39,59
T000022,U0184,P019,17.81,Cash,2024-07-13,95.79,6,2025-07-15,109,Clothing,23.72,Kiara Kulkarni,35,Other,2022-08-20,Product_019,Home,523.79,441
T000022,U0184,P019,17.81,Cash,2024-07-13,95.79,6,2025-07-15,109,Home,228.73,Kiara Kulkarni,35,Other,2022-08-20,Product_019,Home,523.79,441
T000022,U0184,P019,17.81,Cash,2024-07-13,95.79,6,2025-07-15,109,Sports,322.28999999999996,Kiara Kulkarni,35,Other,2022-08-20,Product_019,Home,523.79,441
T000023,U0107,P031,82.41,Net Banking,2024-05-14,43.097142857142856,7,2025-09-29,33,Clothing,29.26,Kiara Bose,47,Other,2023-09-23,Product_031,Grocery,3035.94,111
T000023,U0107,P031,82.41,Net Banking,2024-05-14,43.097142857142856,7,2025-09-29,33,Electronics,23.47,Kiara Bose,47,Other,2023-09-23,Product_031,Grocery,3035.94,111
T000023,U0107,P031,82.41,Net Banking,2024-05-14,43.097142857142856,7,2025-09-29,33,Grocery,150.88,Kiara Bose,47,Other,2023-09-23,Product_031,Grocery,3035.94,111
T000023,U0107,P031,82.41,Net Banking,2024-05-14,43.097142857142856,7,2025-09-29,33,Home,75.91,Kiara Bose,47,Other,2023-09-23,Product_031,Grocery,3035.94,111
T000023,U0107,P031,82.41,Net Banking,2024-05-14,43.097142857142856,7,2025-09-29,33,Sports,22.16,Kiara Bose,47,Other,2023-09-23,Product_031,Grocery,3035.94,111
T000024,U0117,P036,20.75,Debit Card,2025-02-24,148.54888888888888,13,2025-09-06,56,Books,165.31,Aadhya Joshi,31,Female,2022-06-01,Product_036,Sports,1650.69,388
T000024,U0117,P036,20.75,Debit Card,2025-02-24,148.54888888888888,13,2025-09-06,56,Clothing,790.84,Aadhya Joshi,31,Female,2022-06-01,Product_036,Sports,1650.69,388
T000024,U0117,P036,20.75,Debit Card,2025-02-24,148.54888888888888,13,2025-09-06,56,Electronics,102.63,Aadhya Joshi,31,Female,2022-06-01,Product_036,Sports,1650.69,388
T000024,U0117,P036,20.75,Debit Card,2025-02-24,148.54888888888888,13,2025-09-06,56,Grocery,127.18,Aadhya Joshi,31,Female,2022-06-01,Product_036,Sports,1650.69,388
T000024,U0117,P036,20.75,Debit Card,2025-02-24,148.54888888888888,13,2025-09-06,56,Home,43.33,Aadhya Joshi,31,Female,2022-06-01,Product_036,Sports,1650.69,388
T000024,U0117,P036,20.75,Debit Card,2025-02-24,148.54888888888888,13,2025-09-06,56,Sports,20.75,Aadhya Joshi,31,Female,2022-06-01,Product_036,Sports,1650.69,388
T000024,U0117,P036,20.75,Debit Card,2025-02-24,148.54888888888888,13,2025-09-06,56,Toys,86.9,Aadhya Joshi,31,Female,2022-06-01,Product_036,Sports,1650.69,388
T000025,U0049,P039,41.13,Cash,2023-10-07,78.0,5,2025-10-17,15,Books,100.84,Saanvi Chopra,34,Female,2024-03-14,Product_039,Grocery,4167.72,453
T000025,U0049,P039,41.13,Cash,2023-10-07,78.0,5,2025-10-17,15,Electronics,142.01,Saanvi Chopra,34,Female,2024-03-14,Product_039,Grocery,4167.72,453
T000025,U0049,P039,41.13,Cash,2023-10-07,78.0,5,2025-10-17,15,Grocery,41.13,Saanvi Chopra,34,Female,2024-03-14,Product_039,Grocery,4167.72,453
T000025,U0049,P039,41.13,Cash,2023-10-07,78.0,5,2025-10-17,15,Home,30.37,Saanvi Chopra,34,Female,2024-03-14,Product_039,Grocery,4167.72,453
T000025,U0049,P039,41.13,Cash,2023-10-07,78.0,5,2025-10-17,15,Sports,75.65,Saanvi Chopra,34,Female,2024-03-14,Product_039,Grocery,4167.72,453
T000026,U0018,P018,104.94,Net Banking,2024-11-27,116.02000000000001,5,2024-11-27,339,Books,138.42,Sai Iyer,34,Female,2022-10-04,Product_018,Electronics,2390.82,158
T000026,U0018,P018,104.94,Net Banking,2024-11-27,116.02000000000001,5,2024-11-27,339,Electronics,104.94,Sai Iyer,34,Female,2022-10-04,Product_018,Electronics,2390.82,158
T000026,U0018,P018,104.94,Net Banking,2024-11-27,116.02000000000001,5,2024-11-27,339,Grocery,297.81,Sai Iyer,34,Female,2022-10-04,Product_018,Electronics,2390.82,158
T000026,U0018,P018,104.94,Net Banking,2024-11-27,116.02000000000001,5,2024-11-27,339,Sports,38.93,Sai Iyer,34,Female,2022-10-04,Product_018,Electronics,2390.82,158
T000027,U0130,P018,56.75,Credit Card,2024-08-02,35.656,5,2025-10-23,9,Books,33.62,Anaya Kapoor,27,Female,2022-03-05,Product_018,Electronics,2390.82,158
T000027,U0130,P018,56.75,Credit Card,2024-08-02,35.656,5,2025-10-23,9,Electronics,91.47999999999999,Anaya Kapoor,27,Female,2022-03-05,Product_018,Electronics,2390.82,158
T000027,U0130,P018,56.75,Credit Card,2024-08-02,35.656,5,2025-10-23,9,Home,53.18000000000001,Anaya Kapoor,27,Female,2022-03-05,Product_018,Electronics,2390.82,158
T000028,U0186,P020,28.6,Cash,2025-09-29,90.67000000000002,3,2025-09-29,33,Electronics,102.55,Saanvi Mukherjee,37,Female,2023-09-28,Product_020,Toys,1595.75,428
T000028,U0186,P020,28.6,Cash,2025-09-29,90.67000000000002,3,2025-09-29,33,Grocery,140.86,Saanvi Mukherjee,37,Female,2023-09-28,Product_020,Toys,1595.75,428
T000028,U0186,P020,28.6,Cash,2025-09-29,90.67000000000002,3,2025-09-29,33,Toys,28.6,Saanvi Mukherjee,37,Female,2023-09-28,Product_020,Toys,1595.75,428
T000029,U0039,P029,35.55,Cash,2025-09-18,61.31,6,2025-09-18,44,Books,24.26,Meera Gupta,21,Other,2022-05-12,Product_029,Clothing,128.31,289
T000029,U0039,P029,35.55,Cash,2025-09-18,61.31,6,2025-09-18,44,Clothing,97.15,Meera Gupta,21,Other,2022-05-12,Product_029,Clothing,128.31,289
T000029,U0039,P029,35.55,Cash,2025-09-18,61.31,6,2025-09-18,44,Sports,49.9,Meera Gupta,21,Other,2022-05-12,Product_029,Clothing,128.31,289
T000029,U0039,P029,35.55,Cash,2025-09-18,61.31,6,2025-09-18,44,Toys,135.24,Meera Gupta,21,Other,2022-05-12,Product_029,Clothing,128.31,289
T000030,U0089,P022,82.09,Cash,2025-02-11,66.04666666666667,7,2025-02-11,263,Books,81.05,Kiara Kulkarni,27,Other,2024-08-05,Product_022,Electronics,3207.91,466
T000030,U0089,P022,82.09,Cash,2025-02-11,66.04666666666667,7,2025-02-11,263,Clothing,128.41,Kiara Kulkarni,27,Other,2024-08-05,Product_022,Electronics,3207.91,466
T000030,U0089,P022,82.09,Cash,2025-02-11,66.04666666666667,7,2025-02-11,263,Electronics,123.55000000000001,Kiara Kulkarni,27,Other,2024-08-05,Product_022,Electronics,3207.91,466
T000030,U0089,P022,82.09,Cash,2025-02-11,66.04666666666667,7,2025-02-11,263,Grocery,27.79,Kiara Kulkarni,27,Other,2024-08-05,Product_022,Electronics,3207.91,466
T000030,U0089,P022,82.09,Cash,2025-02-11,66.04666666666667,7,2025-02-11,263,Home,35.48,Kiara Kulkarni,27,Other,2024-08-05,Product_022,Electronics,3207.91,466
T000031,U0117,P021,35.23,Debit Card,2024-05-04,148.54888888888888,13,2025-09-06,56,Books,165.31,Aadhya Joshi,31,Female,2022-06-01,Product_021,Books,3055.12,169
T000031,U0117,P021,35.23,Debit Card,2024-05-04,148.54888888888888,13,2025-09-06,56,Clothing,790.84,Aadhya Joshi,31,Female,2022-06-01,Product_021,Books,3055.12,169
T000031,U0117,P021,35.23,Debit Card,2024-05-04,148.54888888888888,13,2025-09-06,56,Electronics,102.63,Aadhya Joshi,31,Female,2022-06-01,Product_021,Books,3055.12,169
T000031,U0117,P021,35.23,Debit Card,2024-05-04,148.54888888888888,13,2025-09-06,56,Grocery,127.18,Aadhya Joshi,31,Female,2022-06-01,Product_021,Books,3055.12,169
T000031,U0117,P021,35.23,Debit Card,2024-05-04,148.54888888888888,13,2025-09-06,56,Home,43.33,Aadhya Joshi,31,Female,2022-06-01,Product_021,Books,3055.12,169
T000031,U0117,P021,35.23,Debit Card,2024-05-04,148.54888888888888,13,2025-09-06,56,Sports,20.75,Aadhya Joshi,31,Female,2022-06-01,Product_021,Books,3055.12,169
T000031,U0117,P021,35.23,Debit Card,2024-05-04,148.54888888888888,13,2025-09-06,56,Toys,86.9,Aadhya Joshi,31,Female,2022-06-01,Product_021,Books,3055.12,169
T000032,U0147,P025,62.17,Debit Card,2025-04-21,61.44818181818182,12,2025-10-25,7,Beauty,40.02,Ishaan Mehta,22,Male,2023-09-14,Product_025,Electronics,1408.97,272
T000032,U0147,P025,62.17,Debit Card,2025-04-21,61.44818181818182,12,2025-10-25,7,Books,257.28,Ishaan Mehta,22,Male,2023-09-14,Product_025,Electronics,1408.97,272
T000032,U0147,P025,62.17,Debit Card,2025-04-21,61.44818181818182,12,2025-10-25,7,Clothing,32.85,Ishaan Mehta,22,Male,2023-09-14,Product_025,Electronics,1408.97,272
T000032,U0147,P025,62.17,Debit Card,2025-04-21,61.44818181818182,12,2025-10-25,7,Electronics,103.53999999999999,Ishaan Mehta,22,Male,2023-09-14,Product_025,Electronics,1408.97,272
T000032,U0147,P025,62.17,Debit Card,2025-04-21,61.44818181818182,12,2025-10-25,7,Grocery,77.19,Ishaan Mehta,22,Male,2023-09-14,Product_025,Electronics,1408.97,272
T000032,U0147,P025,62.17,Debit Card,2025-04-21,61.44818181818182,12,2025-10-25,7,Home,141.2,Ishaan Mehta,22,Male,2023-09-14,Product_025,Electronics,1408.97,272
T000032,U0147,P025,62.17,Debit Card,2025-04-21,61.44818181818182,12,2025-10-25,7,Toys,23.85,Ishaan Mehta,22,Male,2023-09-14,Product_025,Electronics,1408.97,272
T000033,U0012,P021,56.11,Wallet,2025-08-26,87.68714285714285,8,2025-10-05,27,Beauty,49.85,Aarohi Singh,28,Other,2024-06-25,Product_021,Books,3055.12,169
T000033,U0012,P021,56.11,Wallet,2025-08-26,87.68714285714285,8,2025-10-05,27,Books,185.72,Aarohi Singh,28,Other,2024-06-25,Product_021,Books,3055.12,169
T000033,U0012,P021,56.11,Wallet,2025-08-26,87.68714285714285,8,2025-10-05,27,Electronics,215.85,Aarohi Singh,28,Other,2024-06-25,Product_021,Books,3055.12,169
T000033,U0012,P021,56.11,Wallet,2025-08-26,87.68714285714285,8,2025-10-05,27,Grocery,54.06,Aarohi Singh,28,Other,2024-06-25,Product_021,Books,3055.12,169
T000033,U0012,P021,56.11,Wallet,2025-08-26,87.68714285714285,8,2025-10-05,27,Home,23.59,Aarohi Singh,28,Other,2024-06-25,Product_021,Books,3055.12,169
T000033,U0012,P021,56.11,Wallet,2025-08-26,87.68714285714285,8,2025-10-05,27,Toys,84.74,Aarohi Singh,28,Other,2024-06-25,Product_021,Books,3055.12,169
T000034,U0181,P025,36.93,Net Banking,2023-11-08,48.4,4,2023-12-04,698,Electronics,36.93,Aditya Bose,37,Female,2023-08-14,Product_025,Electronics,1408.97,272
T000034,U0181,P025,36.93,Net Banking,2023-11-08,48.4,4,2023-12-04,698,Grocery,116.47,Aditya Bose,37,Female,2023-08-14,Product_025,Electronics,1408.97,272
T000034,U0181,P025,36.93,Net Banking,2023-11-08,48.4,4,2023-12-04,698,Toys,40.2,Aditya Bose,37,Female,2023-08-14,Product_025,Electronics,1408.97,272
T000035,U0127,P003,197.62,Debit Card,2025-10-25,130.4,2,2025-10-25,7,Beauty,197.62,Ishaan Nair,24,Female,2022-03-24,Product_003,Beauty,3027.98,127
T000035,U0127,P003,197.62,Debit Card,2025-10-25,130.4,2,2025-10-25,7,Sports,63.18,Ishaan Nair,24,Female,2022-03-24,Product_003,Beauty,3027.98,127
T000036,U0152,P022,79.87,Credit Card,2025-06-20,59.41,4,2025-09-30,32,Books,21.86,Vivaan Mehta,34,Other,2023-11-09,Product_022,Electronics,3207.91,466
T000036,U0152,P022,79.87,Credit Card,2025-06-20,59.41,4,2025-09-30,32,Electronics,179.73000000000002,Vivaan Mehta,34,Other,2023-11-09,Product_022,Electronics,3207.91,466
T000036,U0152,P022,79.87,Credit Card,2025-06-20,59.41,4,2025-09-30,32,Grocery,36.05,Vivaan Mehta,34,Other,2023-11-09,Product_022,Electronics,3207.91,466
T000037,U0026,P034,16.2,Net Banking,2023-02-01,41.928,5,2024-03-16,595,Beauty,55.2,Ira Joshi,32,Male,2024-05-31,Product_034,Books,474.01,362
T000037,U0026,P034,16.2,Net Banking,2023-02-01,41.928,5,2024-03-16,595,Books,16.2,Ira Joshi,32,Male,2024-05-31,Product_034,Books,474.01,362
T000037,U0026,P034,16.2,Net Banking,2023-02-01,41.928,5,2024-03-16,595,Electronics,27.25,Ira Joshi,32,Male,2024-05-31,Product_034,Books,474.01,362
T000037,U0026,P034,16.2,Net Banking,2023-02-01,41.928,5,2024-03-16,595,Grocery,66.32,Ira Joshi,32,Male,2024-05-31,Product_034,Books,474.01,362
T000037,U0026,P034,16.2,Net Banking,2023-02-01,41.928,5,2024-03-16,595,Home,44.67,Ira Joshi,32,Male,2024-05-31,Product_034,Books,474.01,362
T000038,U0185,P010,61.06,Net Banking,2023-11-13,72.525,4,2025-09-10,52,Books,40.7,Ira Bose,30,Female,2022-11-01,Product_010,Sports,1315.44,77
T000038,U0185,P010,61.06,Net Banking,2023-11-13,72.525,4,2025-09-10,52,Clothing,58.68,Ira Bose,30,Female,2022-11-01,Product_010,Sports,1315.44,77
T000038,U0185,P010,61.06,Net Banking,2023-11-13,72.525,4,2025-09-10,52,Sports,61.06,Ira Bose,30,Female,2022-11-01,Product_010,Sports,1315.44,77
T000038,U0185,P010,61.06,Net Banking,2023-11-13,72.525,4,2025-09-10,52,Toys,129.66,Ira Bose,30,Female,2022-11-01,Product_010,Sports,1315.44,77
T000039,U0020,P031,36.71,UPI,2024-11-24,71.65,4,2025-04-05,210,Clothing,123.15,Vivaan Ghosh,20,Male,2023-02-15,Product_031,Grocery,3035.94,111
T000039,U0020,P031,36.71,UPI,2024-11-24,71.65,4,2025-04-05,210,Grocery,36.71,Vivaan Ghosh,20,Male,2023-02-15,Product_031,Grocery,3035.94,111
T000039,U0020,P031,36.71,UPI,2024-11-24,71.65,4,2025-04-05,210,Home,48.81,Vivaan Ghosh,20,Male,2023-02-15,Product_031,Grocery,3035.94,111
T000039,U0020,P031,36.71,UPI,2024-11-24,71.65,4,2025-04-05,210,Toys,77.93,Vivaan Ghosh,20,Male,2023-02-15,Product_031,Grocery,3035.94,111
T000040,U0160,P045,91.05,Net Banking,2023-06-14,67.83,3,2025-06-24,130,Beauty,31.73,Myra Chopra,37,Other,2022-12-11,Product_045,Grocery,992.11,139
T000040,U0160,P045,91.05,Net Banking,2023-06-14,67.83,3,2025-06-24,130,Grocery,91.05,Myra Chopra,37,Other,2022-12-11,Product_045,Grocery,992.11,139
T000040,U0160,P045,91.05,Net Banking,2023-06-14,67.83,3,2025-06-24,130,Home,80.71,Myra Chopra,37,Other,2022-12-11,Product_045,Grocery,992.11,139
T000041,U0085,P044,33.94,Cash,2025-02-17,65.51666666666667,6,2025-07-10,114,Beauty,33.94,Arjun Kapoor,25,Male,2023-08-20,Product_044,Beauty,1655.45,268
T000041,U0085,P044,33.94,Cash,2025-02-17,65.51666666666667,6,2025-07-10,114,Books,229.31,Arjun Kapoor,25,Male,2023-08-20,Product_044,Beauty,1655.45,268
T000041,U0085,P044,33.94,Cash,2025-02-17,65.51666666666667,6,2025-07-10,114,Clothing,55.21,Arjun Kapoor,25,Male,2023-08-20,Product_044,Beauty,1655.45,268
T000041,U0085,P044,33.94,Cash,2025-02-17,65.51666666666667,6,2025-07-10,114,Electronics,28.28,Arjun Kapoor,25,Male,2023-08-20,Product_044,Beauty,1655.45,268
T000041,U0085,P044,33.94,Cash,2025-02-17,65.51666666666667,6,2025-07-10,114,Home,46.36,Arjun Kapoor,25,Male,2023-08-20,Product_044,Beauty,1655.45,268
T000042,U0082,P041,50.97,Wallet,2025-09-26,57.357142857142854,7,2025-10-02,30,Books,188.73000000000002,Ishaan Verma,34,Male,2024-02-29,Product_041,Home,3218.83,273
T000042,U0082,P041,50.97,Wallet,2025-09-26,57.357142857142854,7,2025-10-02,30,Electronics,61.47,Ishaan Verma,34,Male,2024-02-29,Product_041,Home,3218.83,273
T000042,U0082,P041,50.97,Wallet,2025-09-26,57.357142857142854,7,2025-10-02,30,Grocery,38.92,Ishaan Verma,34,Male,2024-02-29,Product_041,Home,3218.83,273
T000042,U0082,P041,50.97,Wallet,2025-09-26,57.357142857142854,7,2025-10-02,30,Home,112.38,Ishaan Verma,34,Male,2024-02-29,Product_041,Home,3218.83,273
T000043,U0139,P003,73.92,Cash,2023-05-21,85.75750000000001,4,2025-06-22,132,Beauty,73.92,Kiara Reddy,38,Female,2022-02-21,Product_003,Beauty,3027.98,127
T000043,U0139,P003,73.92,Cash,2023-05-21,85.75750000000001,4,2025-06-22,132,Books,110.12,Kiara Reddy,38,Female,2022-02-21,Product_003,Beauty,3027.98,127
T000043,U0139,P003,73.92,Cash,2023-05-21,85.75750000000001,4,2025-06-22,132,Grocery,94.73,Kiara Reddy,38,Female,2022-02-21,Product_003,Beauty,3027.98,127
T000043,U0139,P003,73.92,Cash,2023-05-21,85.75750000000001,4,2025-06-22,132,Home,64.26,Kiara Reddy,38,Female,2022-02-21,Product_003,Beauty,3027.98,127
T000044,U0061,P041,91.79,Wallet,2024-08-11,101.10333333333334,7,2025-06-28,126,Books,78.55,Aarohi Joshi,28,Male,2022-10-31,Product_041,Home,3218.83,273
T000044,U0061,P041,91.79,Wallet,2024-08-11,101.10333333333334,7,2025-06-28,126,Clothing,163.11,Aarohi Joshi,28,Male,2022-10-31,Product_041,Home,3218.83,273
T000044,U0061,P041,91.79,Wallet,2024-08-11,101.10333333333334,7,2025-06-28,126,Grocery,230.91,Aarohi Joshi,28,Male,2022-10-31,Product_041,Home,3218.83,273
T000044,U0061,P041,91.79,Wallet,2024-08-11,101.10333333333334,7,2025-06-28,126,Home,91.79,Aarohi Joshi,28,Male,2022-10-31,Product_041,Home,3218.83,273
T000044,U0061,P041,91.79,Wallet,2024-08-11,101.10333333333334,7,2025-06-28,126,Toys,42.26,Aarohi Joshi,28,Male,2022-10-31,Product_041,Home,3218.83,273
T000045,U0059,P048,26.57,Credit Card,2025-06-07,63.89,5,2025-08-31,62,Beauty,71.28,Vivaan Iyer,34,Female,2023-02-04,Product_048,Clothing,3666.72,295
T000045,U0059,P048,26.57,Credit Card,2025-06-07,63.89,5,2025-08-31,62,Clothing,144.87,Vivaan Iyer,34,Female,2023-02-04,Product_048,Clothing,3666.72,295
T000045,U0059,P048,26.57,Credit Card,2025-06-07,63.89,5,2025-08-31,62,Electronics,39.41,Vivaan Iyer,34,Female,2023-02-04,Product_048,Clothing,3666.72,295
T000046,U0026,P049,44.67,Wallet,2023-07-25,41.928,5,2024-03-16,595,Beauty,55.2,Ira Joshi,32,Male,2024-05-31,Product_049,Home,1701.17,159
T000046,U0026,P049,44.67,Wallet,2023-07-25,41.928,5,2024-03-16,595,Books,16.2,Ira Joshi,32,Male,2024-05-31,Product_049,Home,1701.17,159
T000046,U0026,P049,44.67,Wallet,2023-07-25,41.928,5,2024-03-16,595,Electronics,27.25,Ira Joshi,32,Male,2024-05-31,Product_049,Home,1701.17,159
T000046,U0026,P049,44.67,Wallet,2023-07-25,41.928,5,2024-03-16,595,Grocery,66.32,Ira Joshi,32,Male,2024-05-31,Product_049,Home,1701.17,159
T000046,U0026,P049,44.67,Wallet,2023-07-25,41.928,5,2024-03-16,595,Home,44.67,Ira Joshi,32,Male,2024-05-31,Product_049,Home,1701.17,159
T000047,U0114,P011,41.06,Wallet,2024-09-05,72.976,7,2025-09-19,43,Beauty,29.56,Sai Singh,51,Male,2022-05-31,Product_011,Electronics,1410.29,28
T000047,U0114,P011,41.06,Wallet,2024-09-05,72.976,7,2025-09-19,43,Books,126.61000000000001,Sai Singh,51,Male,2022-05-31,Product_011,Electronics,1410.29,28
T000047,U0114,P011,41.06,Wallet,2024-09-05,72.976,7,2025-09-19,43,Electronics,41.06,Sai Singh,51,Male,2022-05-31,Product_011,Electronics,1410.29,28
T000047,U0114,P011,41.06,Wallet,2024-09-05,72.976,7,2025-09-19,43,Grocery,83.68,Sai Singh,51,Male,2022-05-31,Product_011,Electronics,1410.29,28
T000047,U0114,P011,41.06,Wallet,2024-09-05,72.976,7,2025-09-19,43,Home,83.97,Sai Singh,51,Male,2022-05-31,Product_011,Electronics,1410.29,28
T000048,U0008,P003,36.89,UPI,2023-04-25,52.05666666666667,3,2025-06-16,138,Beauty,36.89,Ishaan Reddy,38,Male,2022-04-15,Product_003,Beauty,3027.98,127
T000048,U0008,P003,36.89,UPI,2023-04-25,52.05666666666667,3,2025-06-16,138,Sports,119.28,Ishaan Reddy,38,Male,2022-04-15,Product_003,Beauty,3027.98,127
T000049,U0076,P023,157.48,UPI,2025-06-01,71.53428571428572,7,2025-10-13,19,Books,240.39999999999998,Ira Sharma,38,Other,2022-11-03,Product_023,Books,1984.98,450
T000049,U0076,P023,157.48,UPI,2025-06-01,71.53428571428572,7,2025-10-13,19,Clothing,60.89,Ira Sharma,38,Other,2022-11-03,Product_023,Books,1984.98,450
T000049,U0076,P023,157.48,UPI,2025-06-01,71.53428571428572,7,2025-10-13,19,Electronics,59.75,Ira Sharma,38,Other,2022-11-03,Product_023,Books,1984.98,450
T000049,U0076,P023,157.48,UPI,2025-06-01,71.53428571428572,7,2025-10-13,19,Grocery,86.16,Ira Sharma,38,Other,2022-11-03,Product_023,Books,1984.98,450
T000049,U0076,P023,157.48,UPI,2025-06-01,71.53428571428572,7,2025-10-13,19,Sports,53.54,Ira Sharma,38,Other,2022-11-03,Product_023,Books,1984.98,450
T000050,U0038,P016,69.62,Cash,2025-04-23,95.24666666666667,4,2025-04-23,192,Beauty,33.85,Vivaan Ghosh,18,Other,2022-03-29,Product_016,Books,807.27,58
T000050,U0038,P016,69.62,Cash,2025-04-23,95.24666666666667,4,2025-04-23,192,Books,69.62,Vivaan Ghosh,18,Other,2022-03-29,Product_016,Books,807.27,58
T000050,U0038,P016,69.62,Cash,2025-04-23,95.24666666666667,4,2025-04-23,192,Clothing,124.11,Vivaan Ghosh,18,Other,2022-03-29,Product_016,Books,807.27,58
T000050,U0038,P016,69.62,Cash,2025-04-23,95.24666666666667,4,2025-04-23,192,Toys,58.16,Vivaan Ghosh,18,Other,2022-03-29,Product_016,Books,807.27,58
T000051,U0145,P044,25.62,Debit Card,2023-12-15,67.94875,8,2025-03-29,217,Beauty,296.62,Aarav Kulkarni,34,Male,2022-05-10,Product_044,Beauty,1655.45,268
T000051,U0145,P044,25.62,Debit Card,2023-12-15,67.94875,8,2025-03-29,217,Books,141.0,Aarav Kulkarni,34,Male,2022-05-10,Product_044,Beauty,1655.45,268
T000051,U0145,P044,25.62,Debit Card,2023-12-15,67.94875,8,2025-03-29,217,Clothing,70.65,Aarav Kulkarni,34,Male,2022-05-10,Product_044,Beauty,1655.45,268
T000051,U0145,P044,25.62,Debit Card,2023-12-15,67.94875,8,2025-03-29,217,Home,35.32,Aarav Kulkarni,34,Male,2022-05-10,Product_044,Beauty,1655.45,268
T000052,U0045,P006,94.7,Cash,2025-02-22,85.19375,8,2025-04-10,205,Beauty,120.96,Sai Chopra,20,Male,2022-03-14,Product_006,Clothing,3250.7,481
T000052,U0045,P006,94.7,Cash,2025-02-22,85.19375,8,2025-04-10,205,Books,218.42,Sai Chopra,20,Male,2022-03-14,Product_006,Clothing,3250.7,481
T000052,U0045,P006,94.7,Cash,2025-02-22,85.19375,8,2025-04-10,205,Clothing,94.7,Sai Chopra,20,Male,2022-03-14,Product_006,Clothing,3250.7,481
T000052,U0045,P006,94.7,Cash,2025-02-22,85.19375,8,2025-04-10,205,Grocery,63.37,Sai Chopra,20,Male,2022-03-14,Product_006,Clothing,3250.7,481
T000052,U0045,P006,94.7,Cash,2025-02-22,85.19375,8,2025-04-10,205,Toys,184.1,Sai Chopra,20,Male,2022-03-14,Product_006,Clothing,3250.7,481
T000053,U0159,P044,195.06,Debit Card,2025-10-16,150.3,3,2025-10-16,16,Beauty,195.06,Aditya Khan,22,Female,2024-02-08,Product_044,Beauty,1655.45,268
T000053,U0159,P044,195.06,Debit Card,2025-10-16,150.3,3,2025-10-16,16,Home,36.95,Aditya Khan,22,Female,2024-02-08,Product_044,Beauty,1655.45,268
T000053,U0159,P044,195.06,Debit Card,2025-10-16,150.3,3,2025-10-16,16,Toys,68.59,Aditya Khan,22,Female,2024-02-08,Product_044,Beauty,1655.45,268
T000054,U0150,P010,101.44,Debit Card,2025-08-02,57.31125,9,2025-08-02,91,Beauty,25.34,Muhammad Gupta,34,Other,2022-04-15,Product_010,Sports,1315.44,77
T000054,U0150,P010,101.44,Debit Card,2025-08-02,57.31125,9,2025-08-02,91,Books,139.48000000000002,Muhammad Gupta,34,Other,2022-04-15,Product_010,Sports,1315.44,77
T000054,U0150,P010,101.44,Debit Card,2025-08-02,57.31125,9,2025-08-02,91,Clothing,30.15,Muhammad Gupta,34,Other,2022-04-15,Product_010,Sports,1315.44,77
T000054,U0150,P010,101.44,Debit Card,2025-08-02,57.31125,9,2025-08-02,91,Electronics,58.45,Muhammad Gupta,34,Other,2022-04-15,Product_010,Sports,1315.44,77
T000054,U0150,P010,101.44,Debit Card,2025-08-02,57.31125,9,2025-08-02,91,Home,84.41,Muhammad Gupta,34,Other,2022-04-15,Product_010,Sports,1315.44,77
T000054,U0150,P010,101.44,Debit Card,2025-08-02,57.31125,9,2025-08-02,91,Sports,101.44,Muhammad Gupta,34,Other,2022-04-15,Product_010,Sports,1315.44,77
T000054,U0150,P010,101.44,Debit Card,2025-08-02,57.31125,9,2025-08-02,91,Toys,19.22,Muhammad Gupta,34,Other,2022-04-15,Product_010,Sports,1315.44,77
T000055,U0164,P017,21.94,Net Banking,2024-06-06,63.097142857142856,7,2025-10-13,19,Beauty,65.06,Muhammad Gupta,25,Male,2023-05-16,Product_017,Beauty,3697.53,235
T000055,U0164,P017,21.94,Net Banking,2024-06-06,63.097142857142856,7,2025-10-13,19,Books,98.06,Muhammad Gupta,25,Male,2023-05-16,Product_017,Beauty,3697.53,235
T000055,U0164,P017,21.94,Net Banking,2024-06-06,63.097142857142856,7,2025-10-13,19,Clothing,160.86,Muhammad Gupta,25,Male,2023-05-16,Product_017,Beauty,3697.53,235
T000055,U0164,P017,21.94,Net Banking,2024-06-06,63.097142857142856,7,2025-10-13,19,Home,117.7,Muhammad Gupta,25,Male,2023-05-16,Product_017,Beauty,3697.53,235
T000056,U0171,P001,40.83,Net Banking,2024-08-12,60.115,2,2024-08-12,446,Grocery,40.83,Sai Patel,24,Other,2022-11-20,Product_001,Grocery,264.89,371
T000056,U0171,P001,40.83,Net Banking,2024-08-12,60.115,2,2024-08-12,446,Home,79.4,Sai Patel,24,Other,2022-11-20,Product_001,Grocery,264.89,371
T000057,U0174,P035,116.76,Debit Card,2023-06-01,50.70142857142857,7,2025-09-23,39,Beauty,48.04,Ira Kulkarni,34,Female,2024-05-02,Product_035,Sports,2998.97,82
T000057,U0174,P035,116.76,Debit Card,2023-06-01,50.70142857142857,7,2025-09-23,39,Books,100.94,Ira Kulkarni,34,Female,2024-05-02,Product_035,Sports,2998.97,82
T000057,U0174,P035,116.76,Debit Card,2023-06-01,50.70142857142857,7,2025-09-23,39,Clothing,13.72,Ira Kulkarni,34,Female,2024-05-02,Product_035,Sports,2998.97,82
T000057,U0174,P035,116.76,Debit Card,2023-06-01,50.70142857142857,7,2025-09-23,39,Grocery,52.3,Ira Kulkarni,34,Female,2024-05-02,Product_035,Sports,2998.97,82
T000057,U0174,P035,116.76,Debit Card,2023-06-01,50.70142857142857,7,2025-09-23,39,Home,23.15,Ira Kulkarni,34,Female,2024-05-02,Product_035,Sports,2998.97,82
T000057,U0174,P035,116.76,Debit Card,2023-06-01,50.70142857142857,7,2025-09-23,39,Sports,116.76,Ira Kulkarni,34,Female,2024-05-02,Product_035,Sports,2998.97,82
T000058,U0114,P023,35.71,Cash,2024-09-04,72.976,7,2025-09-19,43,Beauty,29.56,Sai Singh,51,Male,2022-05-31,Product_023,Books,1984.98,450
T000058,U0114,P023,35.71,Cash,2024-09-04,72.976,7,2025-09-19,43,Books,126.61000000000001,Sai Singh,51,Male,2022-05-31,Product_023,Books,1984.98,450
T000058,U0114,P023,35.71,Cash,2024-09-04,72.976,7,2025-09-19,43,Electronics,41.06,Sai Singh,51,Male,2022-05-31,Product_023,Books,1984.98,450
T000058,U0114,P023,35.71,Cash,2024-09-04,72.976,7,2025-09-19,43,Grocery,83.68,Sai Singh,51,Male,2022-05-31,Product_023,Books,1984.98,450
T000058,U0114,P023,35.71,Cash,2024-09-04,72.976,7,2025-09-19,43,Home,83.97,Sai Singh,51,Male,2022-05-31,Product_023,Books,1984.98,450
T000059,U0164,P028,71.26,Wallet,2024-05-27,63.097142857142856,7,2025-10-13,19,Beauty,65.06,Muhammad Gupta,25,Male,2023-05-16,Product_028,Home,3602.11,250
T000059,U0164,P028,71.26,Wallet,2024-05-27,63.097142857142856,7,2025-10-13,19,Books,98.06,Muhammad Gupta,25,Male,2023-05-16,Product_028,Home,3602.11,250
T000059,U0164,P028,71.26,Wallet,2024-05-27,63.097142857142856,7,2025-10-13,19,Clothing,160.86,Muhammad Gupta,25,Male,2023-05-16,Product_028,Home,3602.11,250
T000059,U0164,P028,71.26,Wallet,2024-05-27,63.097142857142856,7,2025-10-13,19,Home,117.7,Muhammad Gupta,25,Male,2023-05-16,Product_028,Home,3602.11,250
T000060,U0117,P020,86.9,Debit Card,2025-02-26,148.54888888888888,13,2025-09-06,56,Books,165.31,Aadhya Joshi,31,Female,2022-06-01,Product_020,Toys,1595.75,428
T000060,U0117,P020,86.9,Debit Card,2025-02-26,148.54888888888888,13,2025-09-06,56,Clothing,790.84,Aadhya Joshi,31,Female,2022-06-01,Product_020,Toys,1595.75,428
T000060,U0117,P020,86.9,Debit Card,2025-02-26,148.54888888888888,13,2025-09-06,56,Electronics,102.63,Aadhya Joshi,31,Female,2022-06-01,Product_020,Toys,1595.75,428
T000060,U0117,P020,86.9,Debit Card,2025-02-26,148.54888888888888,13,2025-09-06,56,Grocery,127.18,Aadhya Joshi,31,Female,2022-06-01,Product_020,Toys,1595.75,428
T000060,U0117,P020,86.9,Debit Card,2025-02-26,148.54888888888888,13,2025-09-06,56,Home,43.33,Aadhya Joshi,31,Female,2022-06-01,Product_020,Toys,1595.75,428
T000060,U0117,P020,86.9,Debit Card,2025-02-26,148.54888888888888,13,2025-09-06,56,Sports,20.75,Aadhya Joshi,31,Female,2022-06-01,Product_020,Toys,1595.75,428
T000060,U0117,P020,86.9,Debit Card,2025-02-26,148.54888888888888,13,2025-09-06,56,Toys,86.9,Aadhya Joshi,31,Female,2022-06-01,Product_020,Toys,1595.75,428
T000061,U0124,P007,31.31,Debit Card,2025-02-20,97.11,3,2025-04-11,204,Books,194.22000000000003,Ishaan Ghosh,20,Other,2024-02-24,Product_007,Books,2084.59,134
T000062,U0147,P023,52.68,Cash,2024-08-28,61.44818181818182,12,2025-10-25,7,Beauty,40.02,Ishaan Mehta,22,Male,2023-09-14,Product_023,Books,1984.98,450
T000062,U0147,P023,52.68,Cash,2024-08-28,61.44818181818182,12,2025-10-25,7,Books,257.28,Ishaan Mehta,22,Male,2023-09-14,Product_023,Books,1984.98,450
T000062,U0147,P023,52.68,Cash,2024-08-28,61.44818181818182,12,2025-10-25,7,Clothing,32.85,Ishaan Mehta,22,Male,2023-09-14,Product_023,Books,1984.98,450
T000062,U0147,P023,52.68,Cash,2024-08-28,61.44818181818182,12,2025-10-25,7,Electronics,103.53999999999999,Ishaan Mehta,22,Male,2023-09-14,Product_023,Books,1984.98,450
T000062,U0147,P023,52.68,Cash,2024-08-28,61.44818181818182,12,2025-10-25,7,Grocery,77.19,Ishaan Mehta,22,Male,2023-09-14,Product_023,Books,1984.98,450
T000062,U0147,P023,52.68,Cash,2024-08-28,61.44818181818182,12,2025-10-25,7,Home,141.2,Ishaan Mehta,22,Male,2023-09-14,Product_023,Books,1984.98,450
T000062,U0147,P023,52.68,Cash,2024-08-28,61.44818181818182,12,2025-10-25,7,Toys,23.85,Ishaan Mehta,22,Male,2023-09-14,Product_023,Books,1984.98,450
T000063,U0180,P019,7.81,Credit Card,2025-03-21,69.09142857142858,7,2025-10-13,19,Clothing,190.78,Reyansh Verma,53,Female,2022-04-27,Product_019,Home,523.79,441
T000063,U0180,P019,7.81,Credit Card,2025-03-21,69.09142857142858,7,2025-10-13,19,Grocery,221.44,Reyansh Verma,53,Female,2022-04-27,Product_019,Home,523.79,441
T000063,U0180,P019,7.81,Credit Card,2025-03-21,69.09142857142858,7,2025-10-13,19,Home,41.25,Reyansh Verma,53,Female,2022-04-27,Product_019,Home,523.79,441
T000063,U0180,P019,7.81,Credit Card,2025-03-21,69.09142857142858,7,2025-10-13,19,Sports,30.17,Reyansh Verma,53,Female,2022-04-27,Product_019,Home,523.79,441
T000064,U0071,P001,29.53,Cash,2023-04-11,73.29333333333334,9,2024-12-21,315,Beauty,156.49,Kabir Roy,34,Female,2022-01-10,Product_001,Grocery,264.89,371
T000064,U0071,P001,29.53,Cash,2023-04-11,73.29333333333334,9,2024-12-21,315,Books,36.11,Kabir Roy,34,Female,2022-01-10,Product_001,Grocery,264.89,371
T000064,U0071,P001,29.53,Cash,2023-04-11,73.29333333333334,9,2024-12-21,315,Electronics,52.49,Kabir Roy,34,Female,2022-01-10,Product_001,Grocery,264.89,371
T000064,U0071,P001,29.53,Cash,2023-04-11,73.29333333333334,9,2024-12-21,315,Grocery,29.53,Kabir Roy,34,Female,2022-01-10,Product_001,Grocery,264.89,371
T000064,U0071,P001,29.53,Cash,2023-04-11,73.29333333333334,9,2024-12-21,315,Home,299.53,Kabir Roy,34,Female,2022-01-10,Product_001,Grocery,264.89,371
T000064,U0071,P001,29.53,Cash,2023-04-11,73.29333333333334,9,2024-12-21,315,Sports,85.49,Kabir Roy,34,Female,2022-01-10,Product_001,Grocery,264.89,371
T000065,U0156,P048,46.92,Net Banking,2024-08-09,92.12,4,2024-08-09,449,Clothing,46.92,Reyansh Amin,26,Other,2023-09-23,Product_048,Clothing,3666.72,295
T000065,U0156,P048,46.92,Net Banking,2024-08-09,92.12,4,2024-08-09,449,Home,104.47,Reyansh Amin,26,Other,2023-09-23,Product_048,Clothing,3666.72,295
T000065,U0156,P048,46.92,Net Banking,2024-08-09,92.12,4,2024-08-09,449,Toys,124.97,Reyansh Amin,26,Other,2023-09-23,Product_048,Clothing,3666.72,295
T000066,U0199,P015,25.82,Cash,2024-12-22,76.08555555555556,9,2025-08-12,81,Books,288.35,Meera Roy,32,Male,2022-02-10,Product_015,Books,2286.25,251
T000066,U0199,P015,25.82,Cash,2024-12-22,76.08555555555556,9,2025-08-12,81,Clothing,40.28,Meera Roy,32,Male,2022-02-10,Product_015,Books,2286.25,251
T000066,U0199,P015,25.82,Cash,2024-12-22,76.08555555555556,9,2025-08-12,81,Electronics,61.43,Meera Roy,32,Male,2022-02-10,Product_015,Books,2286.25,251
T000066,U0199,P015,25.82,Cash,2024-12-22,76.08555555555556,9,2025-08-12,81,Home,255.7,Meera Roy,32,Male,2022-02-10,Product_015,Books,2286.25,251
T000066,U0199,P015,25.82,Cash,2024-12-22,76.08555555555556,9,2025-08-12,81,Sports,39.01,Meera Roy,32,Male,2022-02-10,Product_015,Books,2286.25,251
T000067,U0057,P041,145.39,Debit Card,2024-05-28,87.152,5,2024-09-20,407,Beauty,132.32,Aarav Gupta,25,Male,2023-02-21,Product_041,Home,3218.83,273
T000067,U0057,P041,145.39,Debit Card,2024-05-28,87.152,5,2024-09-20,407,Books,72.69,Aarav Gupta,25,Male,2023-02-21,Product_041,Home,3218.83,273
T000067,U0057,P041,145.39,Debit Card,2024-05-28,87.152,5,2024-09-20,407,Clothing,30.35,Aarav Gupta,25,Male,2023-02-21,Product_041,Home,3218.83,273
T000067,U0057,P041,145.39,Debit Card,2024-05-28,87.152,5,2024-09-20,407,Electronics,55.01,Aarav Gupta,25,Male,2023-02-21,Product_041,Home,3218.83,273
T000067,U0057,P041,145.39,Debit Card,2024-05-28,87.152,5,2024-09-20,407,Home,145.39,Aarav Gupta,25,Male,2023-02-21,Product_041,Home,3218.83,273
T000068,U0174,P049,23.15,Wallet,2023-10-08,50.70142857142857,7,2025-09-23,39,Beauty,48.04,Ira Kulkarni,34,Female,2024-05-02,Product_049,Home,1701.17,159
T000068,U0174,P049,23.15,Wallet,2023-10-08,50.70142857142857,7,2025-09-23,39,Books,100.94,Ira Kulkarni,34,Female,2024-05-02,Product_049,Home,1701.17,159
T000068,U0174,P049,23.15,Wallet,2023-10-08,50.70142857142857,7,2025-09-23,39,Clothing,13.72,Ira Kulkarni,34,Female,2024-05-02,Product_049,Home,1701.17,159
T000068,U0174,P049,23.15,Wallet,2023-10-08,50.70142857142857,7,2025-09-23,39,Grocery,52.3,Ira Kulkarni,34,Female,2024-05-02,Product_049,Home,1701.17,159
T000068,U0174,P049,23.15,Wallet,2023-10-08,50.70142857142857,7,2025-09-23,39,Home,23.15,Ira Kulkarni,34,Female,2024-05-02,Product_049,Home,1701.17,159
T000068,U0174,P049,23.15,Wallet,2023-10-08,50.70142857142857,7,2025-09-23,39,Sports,116.76,Ira Kulkarni,34,Female,2024-05-02,Product_049,Home,1701.17,159
T000069,U0161,P007,41.93,Wallet,2023-03-22,59.246,5,2025-10-12,20,Beauty,89.47,Aarav Joshi,24,Female,2023-05-15,Product_007,Books,2084.59,134
T000069,U0161,P007,41.93,Wallet,2023-03-22,59.246,5,2025-10-12,20,Books,134.08,Aarav Joshi,24,Female,2023-05-15,Product_007,Books,2084.59,134
T000069,U0161,P007,41.93,Wallet,2023-03-22,59.246,5,2025-10-12,20,Sports,40.76,Aarav Joshi,24,Female,2023-05-15,Product_007,Books,2084.59,134
T000069,U0161,P007,41.93,Wallet,2023-03-22,59.246,5,2025-10-12,20,Toys,31.92,Aarav Joshi,24,Female,2023-05-15,Product_007,Books,2084.59,134
T000070,U0080,P029,59.05,Credit Card,2025-01-17,62.012857142857136,7,2025-04-15,200,Clothing,59.05,Ishaan Amin,18,Female,2024-07-16,Product_029,Clothing,128.31,289
T000070,U0080,P029,59.05,Credit Card,2025-01-17,62.012857142857136,7,2025-04-15,200,Electronics,101.83,Ishaan Amin,18,Female,2024-07-16,Product_029,Clothing,128.31,289
T000070,U0080,P029,59.05,Credit Card,2025-01-17,62.012857142857136,7,2025-04-15,200,Grocery,138.17,Ishaan Amin,18,Female,2024-07-16,Product_029,Clothing,128.31,289
T000070,U0080,P029,59.05,Credit Card,2025-01-17,62.012857142857136,7,2025-04-15,200,Home,43.27,Ishaan Amin,18,Female,2024-07-16,Product_029,Clothing,128.31,289
T000070,U0080,P029,59.05,Credit Card,2025-01-17,62.012857142857136,7,2025-04-15,200,Sports,91.77,Ishaan Amin,18,Female,2024-07-16,Product_029,Clothing,128.31,289
T000071,U0188,P009,129.64,Credit Card,2024-08-27,60.9925,8,2025-03-04,242,Books,49.1,Muhammad Das,31,Female,2022-06-10,Product_009,Clothing,1799.44,163
T000071,U0188,P009,129.64,Credit Card,2024-08-27,60.9925,8,2025-03-04,242,Clothing,222.48,Muhammad Das,31,Female,2022-06-10,Product_009,Clothing,1799.44,163
T000071,U0188,P009,129.64,Credit Card,2024-08-27,60.9925,8,2025-03-04,242,Home,142.34,Muhammad Das,31,Female,2022-06-10,Product_009,Clothing,1799.44,163
T000071,U0188,P009,129.64,Credit Card,2024-08-27,60.9925,8,2025-03-04,242,Sports,74.02,Muhammad Das,31,Female,2022-06-10,Product_009,Clothing,1799.44,163
T000072,U0084,P048,23.07,Net Banking,2023-12-26,45.8425,4,2025-10-15,17,Books,53.98,Kiara Kapoor,27,Male,2022-03-19,Product_048,Clothing,3666.72,295
T000072,U0084,P048,23.07,Net Banking,2023-12-26,45.8425,4,2025-10-15,17,Clothing,96.81,Kiara Kapoor,27,Male,2022-03-19,Product_048,Clothing,3666.72,295
T000072,U0084,P048,23.07,Net Banking,2023-12-26,45.8425,4,2025-10-15,17,Grocery,32.58,Kiara Kapoor,27,Male,2022-03-19,Product_048,Clothing,3666.72,295
T000073,U0052,P009,109.72,Cash,2025-01-19,69.11,12,2025-10-08,24,Beauty,57.08,Vivaan Patel,28,Male,2024-01-16,Product_009,Clothing,1799.44,163
T000073,U0052,P009,109.72,Cash,2025-01-19,69.11,12,2025-10-08,24,Books,122.91999999999999,Vivaan Patel,28,Male,2024-01-16,Product_009,Clothing,1799.44,163
T000073,U0052,P009,109.72,Cash,2025-01-19,69.11,12,2025-10-08,24,Clothing,157.13,Vivaan Patel,28,Male,2024-01-16,Product_009,Clothing,1799.44,163
T000073,U0052,P009,109.72,Cash,2025-01-19,69.11,12,2025-10-08,24,Electronics,134.35,Vivaan Patel,28,Male,2024-01-16,Product_009,Clothing,1799.44,163
T000073,U0052,P009,109.72,Cash,2025-01-19,69.11,12,2025-10-08,24,Grocery,97.29,Vivaan Patel,28,Male,2024-01-16,Product_009,Clothing,1799.44,163
T000073,U0052,P009,109.72,Cash,2025-01-19,69.11,12,2025-10-08,24,Home,191.44,Vivaan Patel,28,Male,2024-01-16,Product_009,Clothing,1799.44,163
T000074,U0136,P033,54.93,UPI,2023-12-03,86.9,5,2025-03-06,240,Books,92.16,Anaya Bose,44,Other,2024-05-10,Product_033,Clothing,3874.48,45
T000074,U0136,P033,54.93,UPI,2023-12-03,86.9,5,2025-03-06,240,Clothing,54.93,Anaya Bose,44,Other,2024-05-10,Product_033,Clothing,3874.48,45
T000074,U0136,P033,54.93,UPI,2023-12-03,86.9,5,2025-03-06,240,Grocery,37.57,Anaya Bose,44,Other,2024-05-10,Product_033,Clothing,3874.48,45
T000074,U0136,P033,54.93,UPI,2023-12-03,86.9,5,2025-03-06,240,Home,162.94,Anaya Bose,44,Other,2024-05-10,Product_033,Clothing,3874.48,45
T000075,U0066,P031,30.3,UPI,2024-11-24,41.803333333333335,3,2025-10-01,31,Books,36.91,Aditya Ghosh,42,Female,2024-08-22,Product_031,Grocery,3035.94,111
T000075,U0066,P031,30.3,UPI,2024-11-24,41.803333333333335,3,2025-10-01,31,Grocery,30.3,Aditya Ghosh,42,Female,2024-08-22,Product_031,Grocery,3035.94,111
T000075,U0066,P031,30.3,UPI,2024-11-24,41.803333333333335,3,2025-10-01,31,Home,58.2,Aditya Ghosh,42,Female,2024-08-22,Product_031,Grocery,3035.94,111
T000076,U0030,P030,72.04,Credit Card,2023-10-16,84.85857142857142,9,2025-09-29,33,Beauty,168.95,Aarohi Sharma,29,Other,2023-11-30,Product_030,Home,685.55,28
T000076,U0030,P030,72.04,Credit Card,2023-10-16,84.85857142857142,9,2025-09-29,33,Books,176.11,Aarohi Sharma,29,Other,2023-11-30,Product_030,Home,685.55,28
T000076,U0030,P030,72.04,Credit Card,2023-10-16,84.85857142857142,9,2025-09-29,33,Electronics,102.74,Aarohi Sharma,29,Other,2023-11-30,Product_030,Home,685.55,28
T000076,U0030,P030,72.04,Credit Card,2023-10-16,84.85857142857142,9,2025-09-29,33,Home,146.21,Aarohi Sharma,29,Other,2023-11-30,Product_030,Home,685.55,28
T000077,U0194,P015,61.52,Wallet,2025-03-24,54.482000000000006,5,2025-03-24,222,Books,110.05000000000001,Vihaan Kapoor,22,Male,2024-07-19,Product_015,Books,2286.25,251
T000077,U0194,P015,61.52,Wallet,2025-03-24,54.482000000000006,5,2025-03-24,222,Home,56.59,Vihaan Kapoor,22,Male,2024-07-19,Product_015,Books,2286.25,251
T000077,U0194,P015,61.52,Wallet,2025-03-24,54.482000000000006,5,2025-03-24,222,Sports,85.99,Vihaan Kapoor,22,Male,2024-07-19,Product_015,Books,2286.25,251
T000077,U0194,P015,61.52,Wallet,2025-03-24,54.482000000000006,5,2025-03-24,222,Toys,19.78,Vihaan Kapoor,22,Male,2024-07-19,Product_015,Books,2286.25,251
T000078,U0143,P024,38.09,Credit Card,2025-03-19,39.68666666666667,3,2025-03-19,227,Electronics,60.74,Aarohi Verma,19,Female,2023-10-28,Product_024,Home,2509.0,267
T000078,U0143,P024,38.09,Credit Card,2025-03-19,39.68666666666667,3,2025-03-19,227,Home,58.32000000000001,Aarohi Verma,19,Female,2023-10-28,Product_024,Home,2509.0,267
T000079,U0004,P017,56.93,Cash,2023-09-11,100.21333333333332,3,2024-04-03,577,Beauty,222.5,Aarav Gupta,44,Male,2023-06-02,Product_017,Beauty,3697.53,235
T000079,U0004,P017,56.93,Cash,2023-09-11,100.21333333333332,3,2024-04-03,577,Toys,78.14,Aarav Gupta,44,Male,2023-06-02,Product_017,Beauty,3697.53,235
T000080,U0117,P024,43.33,Wallet,2024-06-20,148.54888888888888,13,2025-09-06,56,Books,165.31,Aadhya Joshi,31,Female,2022-06-01,Product_024,Home,2509.0,267
T000080,U0117,P024,43.33,Wallet,2024-06-20,148.54888888888888,13,2025-09-06,56,Clothing,790.84,Aadhya Joshi,31,Female,2022-06-01,Product_024,Home,2509.0,267
T000080,U0117,P024,43.33,Wallet,2024-06-20,148.54888888888888,13,2025-09-06,56,Electronics,102.63,Aadhya Joshi,31,Female,2022-06-01,Product_024,Home,2509.0,267
T000080,U0117,P024,43.33,Wallet,2024-06-20,148.54888888888888,13,2025-09-06,56,Grocery,127.18,Aadhya Joshi,31,Female,2022-06-01,Product_024,Home,2509.0,267
T000080,U0117,P024,43.33,Wallet,2024-06-20,148.54888888888888,13,2025-09-06,56,Home,43.33,Aadhya Joshi,31,Female,2022-06-01,Product_024,Home,2509.0,267
T000080,U0117,P024,43.33,Wallet,2024-06-20,148.54888888888888,13,2025-09-06,56,Sports,20.75,Aadhya Joshi,31,Female,2022-06-01,Product_024,Home,2509.0,267
T000080,U0117,P024,43.33,Wallet,2024-06-20,148.54888888888888,13,2025-09-06,56,Toys,86.9,Aadhya Joshi,31,Female,2022-06-01,Product_024,Home,2509.0,267
T000081,U0150,P025,58.45,Wallet,2025-01-30,57.31125,9,2025-08-02,91,Beauty,25.34,Muhammad Gupta,34,Other,2022-04-15,Product_025,Electronics,1408.97,272
T000081,U0150,P025,58.45,Wallet,2025-01-30,57.31125,9,2025-08-02,91,Books,139.48000000000002,Muhammad Gupta,34,Other,2022-04-15,Product_025,Electronics,1408.97,272
T000081,U0150,P025,58.45,Wallet,2025-01-30,57.31125,9,2025-08-02,91,Clothing,30.15,Muhammad Gupta,34,Other,2022-04-15,Product_025,Electronics,1408.97,272
T000081,U0150,P025,58.45,Wallet,2025-01-30,57.31125,9,2025-08-02,91,Electronics,58.45,Muhammad Gupta,34,Other,2022-04-15,Product_025,Electronics,1408.97,272
T000081,U0150,P025,58.45,Wallet,2025-01-30,57.31125,9,2025-08-02,91,Home,84.41,Muhammad Gupta,34,Other,2022-04-15,Product_025,Electronics,1408.97,272
T000081,U0150,P025,58.45,Wallet,2025-01-30,57.31125,9,2025-08-02,91,Sports,101.44,Muhammad Gupta,34,Other,2022-04-15,Product_025,Electronics,1408.97,272
T000081,U0150,P025,58.45,Wallet,2025-01-30,57.31125,9,2025-08-02,91,Toys,19.22,Muhammad Gupta,34,Other,2022-04-15,Product_025,Electronics,1408.97,272
T000082,U0028,P044,81.23,Debit Card,2025-08-23,78.77333333333334,9,2025-08-23,70,Beauty,101.57000000000001,Kiara Kulkarni,35,Male,2023-01-26,Product_044,Beauty,1655.45,268
T000082,U0028,P044,81.23,Debit Card,2025-08-23,78.77333333333334,9,2025-08-23,70,Books,174.23000000000002,Kiara Kulkarni,35,Male,2023-01-26,Product_044,Beauty,1655.45,268
T000082,U0028,P044,81.23,Debit Card,2025-08-23,78.77333333333334,9,2025-08-23,70,Clothing,252.42000000000002,Kiara Kulkarni,35,Male,2023-01-26,Product_044,Beauty,1655.45,268
T000082,U0028,P044,81.23,Debit Card,2025-08-23,78.77333333333334,9,2025-08-23,70,Home,125.28,Kiara Kulkarni,35,Male,2023-01-26,Product_044,Beauty,1655.45,268
T000082,U0028,P044,81.23,Debit Card,2025-08-23,78.77333333333334,9,2025-08-23,70,Toys,55.46,Kiara Kulkarni,35,Male,2023-01-26,Product_044,Beauty,1655.45,268
T000083,U0007,P040,141.4,Cash,2024-11-02,85.938,5,2025-10-19,13,Clothing,47.02,Ishaan Sharma,44,Male,2022-12-15,Product_040,Grocery,4011.76,36
T000083,U0007,P040,141.4,Cash,2024-11-02,85.938,5,2025-10-19,13,Electronics,47.71,Ishaan Sharma,44,Male,2022-12-15,Product_040,Grocery,4011.76,36
T000083,U0007,P040,141.4,Cash,2024-11-02,85.938,5,2025-10-19,13,Grocery,141.4,Ishaan Sharma,44,Male,2022-12-15,Product_040,Grocery,4011.76,36
T000083,U0007,P040,141.4,Cash,2024-11-02,85.938,5,2025-10-19,13,Home,37.04,Ishaan Sharma,44,Male,2022-12-15,Product_040,Grocery,4011.76,36
T000083,U0007,P040,141.4,Cash,2024-11-02,85.938,5,2025-10-19,13,Toys,156.52,Ishaan Sharma,44,Male,2022-12-15,Product_040,Grocery,4011.76,36
T000084,U0157,P015,25.98,Wallet,2023-05-10,45.112,5,2025-06-20,134,Beauty,79.79,Aarohi Joshi,46,Female,2024-04-25,Product_015,Books,2286.25,251
T000084,U0157,P015,25.98,Wallet,2023-05-10,45.112,5,2025-06-20,134,Books,25.98,Aarohi Joshi,46,Female,2024-04-25,Product_015,Books,2286.25,251
T000084,U0157,P015,25.98,Wallet,2023-05-10,45.112,5,2025-06-20,134,Electronics,47.16,Aarohi Joshi,46,Female,2024-04-25,Product_015,Books,2286.25,251
T000084,U0157,P015,25.98,Wallet,2023-05-10,45.112,5,2025-06-20,134,Grocery,42.64,Aarohi Joshi,46,Female,2024-04-25,Product_015,Books,2286.25,251
T000084,U0157,P015,25.98,Wallet,2023-05-10,45.112,5,2025-06-20,134,Home,29.99,Aarohi Joshi,46,Female,2024-04-25,Product_015,Books,2286.25,251
T000085,U0163,P030,196.33,Wallet,2024-09-10,127.97166666666668,7,2025-01-23,282,Beauty,76.58,Sara Khan,41,Other,2023-06-14,Product_030,Home,685.55,28
T000085,U0163,P030,196.33,Wallet,2024-09-10,127.97166666666668,7,2025-01-23,282,Books,62.47,Sara Khan,41,Other,2023-06-14,Product_030,Home,685.55,28
T000085,U0163,P030,196.33,Wallet,2024-09-10,127.97166666666668,7,2025-01-23,282,Clothing,58.96,Sara Khan,41,Other,2023-06-14,Product_030,Home,685.55,28
T000085,U0163,P030,196.33,Wallet,2024-09-10,127.97166666666668,7,2025-01-23,282,Home,297.73,Sara Khan,41,Other,2023-06-14,Product_030,Home,685.55,28
T000085,U0163,P030,196.33,Wallet,2024-09-10,127.97166666666668,7,2025-01-23,282,Toys,272.09000000000003,Sara Khan,41,Other,2023-06-14,Product_030,Home,685.55,28
T000086,U0167,P027,16.92,Credit Card,2023-10-14,76.80250000000001,4,2025-05-03,182,Beauty,76.54,Sai Bose,38,Other,2022-11-10,Product_027,Toys,2241.45,134
T000086,U0167,P027,16.92,Credit Card,2023-10-14,76.80250000000001,4,2025-05-03,182,Electronics,146.49,Sai Bose,38,Other,2022-11-10,Product_027,Toys,2241.45,134
T000086,U0167,P027,16.92,Credit Card,2023-10-14,76.80250000000001,4,2025-05-03,182,Grocery,67.26,Sai Bose,38,Other,2022-11-10,Product_027,Toys,2241.45,134
T000086,U0167,P027,16.92,Credit Card,2023-10-14,76.80250000000001,4,2025-05-03,182,Toys,16.92,Sai Bose,38,Other,2022-11-10,Product_027,Toys,2241.45,134
T000087,U0012,P003,49.85,UPI,2025-10-05,87.68714285714285,8,2025-10-05,27,Beauty,49.85,Aarohi Singh,28,Other,2024-06-25,Product_003,Beauty,3027.98,127
T000087,U0012,P003,49.85,UPI,2025-10-05,87.68714285714285,8,2025-10-05,27,Books,185.72,Aarohi Singh,28,Other,2024-06-25,Product_003,Beauty,3027.98,127
T000087,U0012,P003,49.85,UPI,2025-10-05,87.68714285714285,8,2025-10-05,27,Electronics,215.85,Aarohi Singh,28,Other,2024-06-25,Product_003,Beauty,3027.98,127
T000087,U0012,P003,49.85,UPI,2025-10-05,87.68714285714285,8,2025-10-05,27,Grocery,54.06,Aarohi Singh,28,Other,2024-06-25,Product_003,Beauty,3027.98,127
T000087,U0012,P003,49.85,UPI,2025-10-05,87.68714285714285,8,2025-10-05,27,Home,23.59,Aarohi Singh,28,Other,2024-06-25,Product_003,Beauty,3027.98,127
T000087,U0012,P003,49.85,UPI,2025-10-05,87.68714285714285,8,2025-10-05,27,Toys,84.74,Aarohi Singh,28,Other,2024-06-25,Product_003,Beauty,3027.98,127
T000088,U0030,P007,77.71,Debit Card,2023-10-05,84.85857142857142,9,2025-09-29,33,Beauty,168.95,Aarohi Sharma,29,Other,2023-11-30,Product_007,Books,2084.59,134
T000088,U0030,P007,77.71,Debit Card,2023-10-05,84.85857142857142,9,2025-09-29,33,Books,176.11,Aarohi Sharma,29,Other,2023-11-30,Product_007,Books,2084.59,134
T000088,U0030,P007,77.71,Debit Card,2023-10-05,84.85857142857142,9,2025-09-29,33,Electronics,102.74,Aarohi Sharma,29,Other,2023-11-30,Product_007,Books,2084.59,134
T000088,U0030,P007,77.71,Debit Card,2023-10-05,84.85857142857142,9,2025-09-29,33,Home,146.21,Aarohi Sharma,29,Other,2023-11-30,Product_007,Books,2084.59,134
T000089,U0100,P030,64.62,UPI,2025-05-08,80.97857142857143,8,2025-08-30,63,Books,84.14,Anaya Mukherjee,30,Other,2022-04-29,Product_030,Home,685.55,28
T000089,U0100,P030,64.62,UPI,2025-05-08,80.97857142857143,8,2025-08-30,63,Electronics,63.2,Anaya Mukherjee,30,Other,2022-04-29,Product_030,Home,685.55,28
T000089,U0100,P030,64.62,UPI,2025-05-08,80.97857142857143,8,2025-08-30,63,Grocery,52.81,Anaya Mukherjee,30,Other,2022-04-29,Product_030,Home,685.55,28
T000089,U0100,P030,64.62,UPI,2025-05-08,80.97857142857143,8,2025-08-30,63,Home,64.62,Anaya Mukherjee,30,Other,2022-04-29,Product_030,Home,685.55,28
T000089,U0100,P030,64.62,UPI,2025-05-08,80.97857142857143,8,2025-08-30,63,Sports,189.65,Anaya Mukherjee,30,Other,2022-04-29,Product_030,Home,685.55,28
T000089,U0100,P030,64.62,UPI,2025-05-08,80.97857142857143,8,2025-08-30,63,Toys,112.43,Anaya Mukherjee,30,Other,2022-04-29,Product_030,Home,685.55,28
T000090,U0151,P048,37.58,Wallet,2023-11-13,71.11875,8,2025-03-26,220,Beauty,33.2,Kabir Kulkarni,34,Male,2024-03-12,Product_048,Clothing,3666.72,295
T000090,U0151,P048,37.58,Wallet,2023-11-13,71.11875,8,2025-03-26,220,Books,263.46,Kabir Kulkarni,34,Male,2024-03-12,Product_048,Clothing,3666.72,295
T000090,U0151,P048,37.58,Wallet,2023-11-13,71.11875,8,2025-03-26,220,Clothing,136.95,Kabir Kulkarni,34,Male,2024-03-12,Product_048,Clothing,3666.72,295
T000090,U0151,P048,37.58,Wallet,2023-11-13,71.11875,8,2025-03-26,220,Sports,79.01,Kabir Kulkarni,34,Male,2024-03-12,Product_048,Clothing,3666.72,295
T000090,U0151,P048,37.58,Wallet,2023-11-13,71.11875,8,2025-03-26,220,Toys,56.33,Kabir Kulkarni,34,Male,2024-03-12,Product_048,Clothing,3666.72,295
T000091,U0107,P042,48.19,Credit Card,2025-09-29,43.097142857142856,7,2025-09-29,33,Clothing,29.26,Kiara Bose,47,Other,2023-09-23,Product_042,Home,4406.39,59
T000091,U0107,P042,48.19,Credit Card,2025-09-29,43.097142857142856,7,2025-09-29,33,Electronics,23.47,Kiara Bose,47,Other,2023-09-23,Product_042,Home,4406.39,59
T000091,U0107,P042,48.19,Credit Card,2025-09-29,43.097142857142856,7,2025-09-29,33,Grocery,150.88,Kiara Bose,47,Other,2023-09-23,Product_042,Home,4406.39,59
T000091,U0107,P042,48.19,Credit Card,2025-09-29,43.097142857142856,7,2025-09-29,33,Home,75.91,Kiara Bose,47,Other,2023-09-23,Product_042,Home,4406.39,59
T000091,U0107,P042,48.19,Credit Card,2025-09-29,43.097142857142856,7,2025-09-29,33,Sports,22.16,Kiara Bose,47,Other,2023-09-23,Product_042,Home,4406.39,59
T000092,U0158,P027,40.62,UPI,2023-03-09,68.458,5,2025-05-29,156,Beauty,129.83,Saanvi Khan,35,Female,2024-04-30,Product_027,Toys,2241.45,134
T000092,U0158,P027,40.62,UPI,2023-03-09,68.458,5,2025-05-29,156,Grocery,15.27,Saanvi Khan,35,Female,2024-04-30,Product_027,Toys,2241.45,134
T000092,U0158,P027,40.62,UPI,2023-03-09,68.458,5,2025-05-29,156,Home,70.67,Saanvi Khan,35,Female,2024-04-30,Product_027,Toys,2241.45,134
T000092,U0158,P027,40.62,UPI,2023-03-09,68.458,5,2025-05-29,156,Toys,126.52000000000001,Saanvi Khan,35,Female,2024-04-30,Product_027,Toys,2241.45,134
T000093,U0177,P024,38.34,Debit Card,2025-06-27,77.21000000000001,5,2025-10-22,10,Clothing,252.76,Ishaan Verma,32,Male,2022-10-27,Product_024,Home,2509.0,267
T000093,U0177,P024,38.34,Debit Card,2025-06-27,77.21000000000001,5,2025-10-22,10,Electronics,25.77,Ishaan Verma,32,Male,2022-10-27,Product_024,Home,2509.0,267
T000093,U0177,P024,38.34,Debit Card,2025-06-27,77.21000000000001,5,2025-10-22,10,Home,38.34,Ishaan Verma,32,Male,2022-10-27,Product_024,Home,2509.0,267
T000093,U0177,P024,38.34,Debit Card,2025-06-27,77.21000000000001,5,2025-10-22,10,Toys,69.18,Ishaan Verma,32,Male,2022-10-27,Product_024,Home,2509.0,267
T000094,U0114,P016,90.9,UPI,2023-07-23,72.976,7,2025-09-19,43,Beauty,29.56,Sai Singh,51,Male,2022-05-31,Product_016,Books,807.27,58
T000094,U0114,P016,90.9,UPI,2023-07-23,72.976,7,2025-09-19,43,Books,126.61000000000001,Sai Singh,51,Male,2022-05-31,Product_016,Books,807.27,58
T000094,U0114,P016,90.9,UPI,2023-07-23,72.976,7,2025-09-19,43,Electronics,41.06,Sai Singh,51,Male,2022-05-31,Product_016,Books,807.27,58
T000094,U0114,P016,90.9,UPI,2023-07-23,72.976,7,2025-09-19,43,Grocery,83.68,Sai Singh,51,Male,2022-05-31,Product_016,Books,807.27,58
T000094,U0114,P016,90.9,UPI,2023-07-23,72.976,7,2025-09-19,43,Home,83.97,Sai Singh,51,Male,2022-05-31,Product_016,Books,807.27,58
T000095,U0176,P024,67.64,Cash,2025-01-04,70.8,5,2025-09-16,46,Books,60.82,Kabir Sharma,38,Other,2022-05-10,Product_024,Home,2509.0,267
T000095,U0176,P024,67.64,Cash,2025-01-04,70.8,5,2025-09-16,46,Electronics,97.36,Kabir Sharma,38,Other,2022-05-10,Product_024,Home,2509.0,267
T000095,U0176,P024,67.64,Cash,2025-01-04,70.8,5,2025-09-16,46,Home,97.13,Kabir Sharma,38,Other,2022-05-10,Product_024,Home,2509.0,267
T000095,U0176,P024,67.64,Cash,2025-01-04,70.8,5,2025-09-16,46,Sports,27.89,Kabir Sharma,38,Other,2022-05-10,Product_024,Home,2509.0,267
T000096,U0016,P026,36.03,UPI,2024-01-24,51.365,2,2025-08-11,82,Beauty,36.03,Diya Iyer,27,Female,2022-08-03,Product_026,Beauty,3490.97,332
T000096,U0016,P026,36.03,UPI,2024-01-24,51.365,2,2025-08-11,82,Home,66.7,Diya Iyer,27,Female,2022-08-03,Product_026,Beauty,3490.97,332
T000097,U0032,P030,93.67,Credit Card,2024-03-10,155.01,2,2024-03-31,580,Grocery,61.34,Kabir Mukherjee,46,Male,2022-01-04,Product_030,Home,685.55,28
T000097,U0032,P030,93.67,Credit Card,2024-03-10,155.01,2,2024-03-31,580,Home,93.67,Kabir Mukherjee,46,Male,2022-01-04,Product_030,Home,685.55,28
T000098,U0165,P041,65.65,Cash,2023-02-13,84.41333333333334,3,2025-08-09,84,Books,105.99,Aarohi Ghosh,39,Other,2023-10-24,Product_041,Home,3218.83,273
T000098,U0165,P041,65.65,Cash,2023-02-13,84.41333333333334,3,2025-08-09,84,Home,65.65,Aarohi Ghosh,39,Other,2023-10-24,Product_041,Home,3218.83,273
T000098,U0165,P041,65.65,Cash,2023-02-13,84.41333333333334,3,2025-08-09,84,Sports,81.6,Aarohi Ghosh,39,Other,2023-10-24,Product_041,Home,3218.83,273
T000099,U0013,P022,88.92,Debit Card,2023-09-15,96.2925,4,2025-05-09,176,Books,57.05,Diya Chopra,33,Male,2022-02-16,Product_022,Electronics,3207.91,466
T000099,U0013,P022,88.92,Debit Card,2023-09-15,96.2925,4,2025-05-09,176,Clothing,197.43,Diya Chopra,33,Male,2022-02-16,Product_022,Electronics,3207.91,466
T000099,U0013,P022,88.92,Debit Card,2023-09-15,96.2925,4,2025-05-09,176,Electronics,130.69,Diya Chopra,33,Male,2022-02-16,Product_022,Electronics,3207.91,466
T000100,U0145,P014,79.66,Credit Card,2024-02-29,67.94875,8,2025-03-29,217,Beauty,296.62,Aarav Kulkarni,34,Male,2022-05-10,Product_014,Beauty,3844.95,467
T000100,U0145,P014,79.66,Credit Card,2024-02-29,67.94875,8,2025-03-29,217,Books,141.0,Aarav Kulkarni,34,Male,2022-05-10,Product_014,Beauty,3844.95,467
T000100,U0145,P014,79.66,Credit Card,2024-02-29,67.94875,8,2025-03-29,217,Clothing,70.65,Aarav Kulkarni,34,Male,2022-05-10,Product_014,Beauty,3844.95,467
T000100,U0145,P014,79.66,Credit Card,2024-02-29,67.94875,8,2025-03-29,217,Home,35.32,Aarav Kulkarni,34,Male,2022-05-10,Product_014,Beauty,3844.95,467
T000101,U0151,P014,33.2,Debit Card,2024-11-03,71.11875,8,2025-03-26,220,Beauty,33.2,Kabir Kulkarni,34,Male,2024-03-12,Product_014,Beauty,3844.95,467
T000101,U0151,P014,33.2,Debit Card,2024-11-03,71.11875,8,2025-03-26,220,Books,263.46,Kabir Kulkarni,34,Male,2024-03-12,Product_014,Beauty,3844.95,467
T000101,U0151,P014,33.2,Debit Card,2024-11-03,71.11875,8,2025-03-26,220,Clothing,136.95,Kabir Kulkarni,34,Male,2024-03-12,Product_014,Beauty,3844.95,467
T000101,U0151,P014,33.2,Debit Card,2024-11-03,71.11875,8,2025-03-26,220,Sports,79.01,Kabir Kulkarni,34,Male,2024-03-12,Product_014,Beauty,3844.95,467
T000101,U0151,P014,33.2,Debit Card,2024-11-03,71.11875,8,2025-03-26,220,Toys,56.33,Kabir Kulkarni,34,Male,2024-03-12,Product_014,Beauty,3844.95,467
T000102,U0199,P010,39.01,Cash,2023-01-06,76.08555555555556,9,2025-08-12,81,Books,288.35,Meera Roy,32,Male,2022-02-10,Product_010,Sports,1315.44,77
T000102,U0199,P010,39.01,Cash,2023-01-06,76.08555555555556,9,2025-08-12,81,Clothing,40.28,Meera Roy,32,Male,2022-02-10,Product_010,Sports,1315.44,77
T000102,U0199,P010,39.01,Cash,2023-01-06,76.08555555555556,9,2025-08-12,81,Electronics,61.43,Meera Roy,32,Male,2022-02-10,Product_010,Sports,1315.44,77
T000102,U0199,P010,39.01,Cash,2023-01-06,76.08555555555556,9,2025-08-12,81,Home,255.7,Meera Roy,32,Male,2022-02-10,Product_010,Sports,1315.44,77
T000102,U0199,P010,39.01,Cash,2023-01-06,76.08555555555556,9,2025-08-12,81,Sports,39.01,Meera Roy,32,Male,2022-02-10,Product_010,Sports,1315.44,77
T000103,U0071,P010,85.49,Debit Card,2024-05-28,73.29333333333334,9,2024-12-21,315,Beauty,156.49,Kabir Roy,34,Female,2022-01-10,Product_010,Sports,1315.44,77
T000103,U0071,P010,85.49,Debit Card,2024-05-28,73.29333333333334,9,2024-12-21,315,Books,36.11,Kabir Roy,34,Female,2022-01-10,Product_010,Sports,1315.44,77
T000103,U0071,P010,85.49,Debit Card,2024-05-28,73.29333333333334,9,2024-12-21,315,Electronics,52.49,Kabir Roy,34,Female,2022-01-10,Product_010,Sports,1315.44,77
T000103,U0071,P010,85.49,Debit Card,2024-05-28,73.29333333333334,9,2024-12-21,315,Grocery,29.53,Kabir Roy,34,Female,2022-01-10,Product_010,Sports,1315.44,77
T000103,U0071,P010,85.49,Debit Card,2024-05-28,73.29333333333334,9,2024-12-21,315,Home,299.53,Kabir Roy,34,Female,2022-01-10,Product_010,Sports,1315.44,77
T000103,U0071,P010,85.49,Debit Card,2024-05-28,73.29333333333334,9,2024-12-21,315,Sports,85.49,Kabir Roy,34,Female,2022-01-10,Product_010,Sports,1315.44,77
T000104,U0045,P008,78.75,Wallet,2023-02-22,85.19375,8,2025-04-10,205,Beauty,120.96,Sai Chopra,20,Male,2022-03-14,Product_008,Books,4534.16,161
T000104,U0045,P008,78.75,Wallet,2023-02-22,85.19375,8,2025-04-10,205,Books,218.42,Sai Chopra,20,Male,2022-03-14,Product_008,Books,4534.16,161
T000104,U0045,P008,78.75,Wallet,2023-02-22,85.19375,8,2025-04-10,205,Clothing,94.7,Sai Chopra,20,Male,2022-03-14,Product_008,Books,4534.16,161
T000104,U0045,P008,78.75,Wallet,2023-02-22,85.19375,8,2025-04-10,205,Grocery,63.37,Sai Chopra,20,Male,2022-03-14,Product_008,Books,4534.16,161
T000104,U0045,P008,78.75,Wallet,2023-02-22,85.19375,8,2025-04-10,205,Toys,184.1,Sai Chopra,20,Male,2022-03-14,Product_008,Books,4534.16,161
T000105,U0034,P001,53.92,UPI,2024-05-02,85.23375,9,2025-10-27,5,Beauty,103.98,Vihaan Singh,23,Other,2023-09-16,Product_001,Grocery,264.89,371
T000105,U0034,P001,53.92,UPI,2024-05-02,85.23375,9,2025-10-27,5,Books,84.49,Vihaan Singh,23,Other,2023-09-16,Product_001,Grocery,264.89,371
T000105,U0034,P001,53.92,UPI,2024-05-02,85.23375,9,2025-10-27,5,Clothing,51.52,Vihaan Singh,23,Other,2023-09-16,Product_001,Grocery,264.89,371
T000105,U0034,P001,53.92,UPI,2024-05-02,85.23375,9,2025-10-27,5,Electronics,39.12,Vihaan Singh,23,Other,2023-09-16,Product_001,Grocery,264.89,371
T000105,U0034,P001,53.92,UPI,2024-05-02,85.23375,9,2025-10-27,5,Grocery,247.26999999999998,Vihaan Singh,23,Other,2023-09-16,Product_001,Grocery,264.89,371
T000105,U0034,P001,53.92,UPI,2024-05-02,85.23375,9,2025-10-27,5,Home,46.11,Vihaan Singh,23,Other,2023-09-16,Product_001,Grocery,264.89,371
T000105,U0034,P001,53.92,UPI,2024-05-02,85.23375,9,2025-10-27,5,Sports,109.38,Vihaan Singh,23,Other,2023-09-16,Product_001,Grocery,264.89,371
T000106,U0151,P021,58.58,Credit Card,2023-12-23,71.11875,8,2025-03-26,220,Beauty,33.2,Kabir Kulkarni,34,Male,2024-03-12,Product_021,Books,3055.12,169
T000106,U0151,P021,58.58,Credit Card,2023-12-23,71.11875,8,2025-03-26,220,Books,263.46,Kabir Kulkarni,34,Male,2024-03-12,Product_021,Books,3055.12,169
T000106,U0151,P021,58.58,Credit Card,2023-12-23,71.11875,8,2025-03-26,220,Clothing,136.95,Kabir Kulkarni,34,Male,2024-03-12,Product_021,Books,3055.12,169
T000106,U0151,P021,58.58,Credit Card,2023-12-23,71.11875,8,2025-03-26,220,Sports,79.01,Kabir Kulkarni,34,Male,2024-03-12,Product_021,Books,3055.12,169
T000106,U0151,P021,58.58,Credit Card,2023-12-23,71.11875,8,2025-03-26,220,Toys,56.33,Kabir Kulkarni,34,Male,2024-03-12,Product_021,Books,3055.12,169
T000107,U0068,P004,117.52,Debit Card,2025-05-12,79.6225,4,2025-07-02,122,Home,111.3,Sara Gupta,40,Female,2023-08-02,Product_004,Toys,2600.12,229
T000107,U0068,P004,117.52,Debit Card,2025-05-12,79.6225,4,2025-07-02,122,Toys,207.19,Sara Gupta,40,Female,2023-08-02,Product_004,Toys,2600.12,229
T000108,U0135,P008,38.28,Wallet,2023-05-11,66.34857142857143,8,2025-05-02,183,Beauty,105.1,Ishaan Mukherjee,24,Female,2023-02-03,Product_008,Books,4534.16,161
T000108,U0135,P008,38.28,Wallet,2023-05-11,66.34857142857143,8,2025-05-02,183,Books,63.46,Ishaan Mukherjee,24,Female,2023-02-03,Product_008,Books,4534.16,161
T000108,U0135,P008,38.28,Wallet,2023-05-11,66.34857142857143,8,2025-05-02,183,Clothing,92.0,Ishaan Mukherjee,24,Female,2023-02-03,Product_008,Books,4534.16,161
T000108,U0135,P008,38.28,Wallet,2023-05-11,66.34857142857143,8,2025-05-02,183,Grocery,25.77,Ishaan Mukherjee,24,Female,2023-02-03,Product_008,Books,4534.16,161
T000108,U0135,P008,38.28,Wallet,2023-05-11,66.34857142857143,8,2025-05-02,183,Home,85.44999999999999,Ishaan Mukherjee,24,Female,2023-02-03,Product_008,Books,4534.16,161
T000108,U0135,P008,38.28,Wallet,2023-05-11,66.34857142857143,8,2025-05-02,183,Toys,92.66,Ishaan Mukherjee,24,Female,2023-02-03,Product_008,Books,4534.16,161
T000109,U0122,P029,75.81,UPI,2023-08-12,44.423333333333325,3,2025-03-25,221,Books,36.26,Myra Kulkarni,24,Other,2023-03-13,Product_029,Clothing,128.31,289
T000109,U0122,P029,75.81,UPI,2023-08-12,44.423333333333325,3,2025-03-25,221,Clothing,97.01,Myra Kulkarni,24,Other,2023-03-13,Product_029,Clothing,128.31,289
T000110,U0116,P033,48.36,Debit Card,2023-03-30,62.73777777777778,11,2025-06-30,124,Beauty,32.99,Aditya Roy,34,Female,2022-07-19,Product_033,Clothing,3874.48,45
T000110,U0116,P033,48.36,Debit Card,2023-03-30,62.73777777777778,11,2025-06-30,124,Books,35.78,Aditya Roy,34,Female,2022-07-19,Product_033,Clothing,3874.48,45
T000110,U0116,P033,48.36,Debit Card,2023-03-30,62.73777777777778,11,2025-06-30,124,Clothing,159.60999999999999,Aditya Roy,34,Female,2022-07-19,Product_033,Clothing,3874.48,45
T000110,U0116,P033,48.36,Debit Card,2023-03-30,62.73777777777778,11,2025-06-30,124,Electronics,56.14,Aditya Roy,34,Female,2022-07-19,Product_033,Clothing,3874.48,45
T000110,U0116,P033,48.36,Debit Card,2023-03-30,62.73777777777778,11,2025-06-30,124,Home,168.49,Aditya Roy,34,Female,2022-07-19,Product_033,Clothing,3874.48,45
T000110,U0116,P033,48.36,Debit Card,2023-03-30,62.73777777777778,11,2025-06-30,124,Sports,111.63,Aditya Roy,34,Female,2022-07-19,Product_033,Clothing,3874.48,45
T000111,U0187,P043,47.91,Cash,2024-09-09,76.19800000000001,7,2025-05-31,154,Books,164.03,Vivaan Kulkarni,35,Other,2024-08-28,Product_043,Home,3416.65,309
T000111,U0187,P043,47.91,Cash,2024-09-09,76.19800000000001,7,2025-05-31,154,Clothing,67.21,Vivaan Kulkarni,35,Other,2024-08-28,Product_043,Home,3416.65,309
T000111,U0187,P043,47.91,Cash,2024-09-09,76.19800000000001,7,2025-05-31,154,Home,149.75,Vivaan Kulkarni,35,Other,2024-08-28,Product_043,Home,3416.65,309
T000112,U0118,P042,105.56,Credit Card,2023-05-05,127.7,4,2024-12-22,314,Beauty,236.0,Aarav Patel,22,Female,2022-06-30,Product_042,Home,4406.39,59
T000112,U0118,P042,105.56,Credit Card,2023-05-05,127.7,4,2024-12-22,314,Books,122.39,Aarav Patel,22,Female,2022-06-30,Product_042,Home,4406.39,59
T000112,U0118,P042,105.56,Credit Card,2023-05-05,127.7,4,2024-12-22,314,Electronics,46.85,Aarav Patel,22,Female,2022-06-30,Product_042,Home,4406.39,59
T000112,U0118,P042,105.56,Credit Card,2023-05-05,127.7,4,2024-12-22,314,Home,105.56,Aarav Patel,22,Female,2022-06-30,Product_042,Home,4406.39,59
T000113,U0123,P026,89.59,Net Banking,2023-08-10,51.17285714285714,7,2025-03-26,220,Beauty,172.5,Aarohi Roy,43,Male,2023-04-06,Product_026,Beauty,3490.97,332
T000113,U0123,P026,89.59,Net Banking,2023-08-10,51.17285714285714,7,2025-03-26,220,Books,106.53,Aarohi Roy,43,Male,2023-04-06,Product_026,Beauty,3490.97,332
T000113,U0123,P026,89.59,Net Banking,2023-08-10,51.17285714285714,7,2025-03-26,220,Clothing,12.75,Aarohi Roy,43,Male,2023-04-06,Product_026,Beauty,3490.97,332
T000113,U0123,P026,89.59,Net Banking,2023-08-10,51.17285714285714,7,2025-03-26,220,Home,66.43,Aarohi Roy,43,Male,2023-04-06,Product_026,Beauty,3490.97,332
T000114,U0126,P046,88.95,Net Banking,2023-05-31,79.38199999999999,6,2024-07-27,462,Beauty,47.24,Myra Gupta,49,Other,2022-08-29,Product_046,Toys,4970.99,267
T000114,U0126,P046,88.95,Net Banking,2023-05-31,79.38199999999999,6,2024-07-27,462,Books,16.46,Myra Gupta,49,Other,2022-08-29,Product_046,Toys,4970.99,267
T000114,U0126,P046,88.95,Net Banking,2023-05-31,79.38199999999999,6,2024-07-27,462,Home,68.66,Myra Gupta,49,Other,2022-08-29,Product_046,Toys,4970.99,267
T000114,U0126,P046,88.95,Net Banking,2023-05-31,79.38199999999999,6,2024-07-27,462,Sports,115.98,Myra Gupta,49,Other,2022-08-29,Product_046,Toys,4970.99,267
T000114,U0126,P046,88.95,Net Banking,2023-05-31,79.38199999999999,6,2024-07-27,462,Toys,148.57,Myra Gupta,49,Other,2022-08-29,Product_046,Toys,4970.99,267
T000115,U0021,P021,119.5,Cash,2023-10-31,83.7875,4,2024-07-16,473,Beauty,117.85,Ishaan Gupta,43,Male,2024-06-16,Product_021,Books,3055.12,169
T000115,U0021,P021,119.5,Cash,2023-10-31,83.7875,4,2024-07-16,473,Books,119.5,Ishaan Gupta,43,Male,2024-06-16,Product_021,Books,3055.12,169
T000115,U0021,P021,119.5,Cash,2023-10-31,83.7875,4,2024-07-16,473,Home,97.8,Ishaan Gupta,43,Male,2024-06-16,Product_021,Books,3055.12,169
T000116,U0017,P009,55.29,UPI,2024-10-27,91.42,5,2025-09-07,55,Books,83.98,Ishaan Gupta,23,Other,2023-07-01,Product_009,Clothing,1799.44,163
T000116,U0017,P009,55.29,UPI,2024-10-27,91.42,5,2025-09-07,55,Clothing,55.29,Ishaan Gupta,23,Other,2023-07-01,Product_009,Clothing,1799.44,163
T000116,U0017,P009,55.29,UPI,2024-10-27,91.42,5,2025-09-07,55,Electronics,53.77,Ishaan Gupta,23,Other,2023-07-01,Product_009,Clothing,1799.44,163
T000116,U0017,P009,55.29,UPI,2024-10-27,91.42,5,2025-09-07,55,Sports,22.39,Ishaan Gupta,23,Other,2023-07-01,Product_009,Clothing,1799.44,163
T000116,U0017,P009,55.29,UPI,2024-10-27,91.42,5,2025-09-07,55,Toys,150.25,Ishaan Gupta,23,Other,2023-07-01,Product_009,Clothing,1799.44,163
T000117,U0098,P039,82.2,Cash,2024-08-26,66.34666666666668,3,2024-08-26,432,Grocery,82.2,Ishaan Iyer,34,Other,2022-02-09,Product_039,Grocery,4167.72,453
T000117,U0098,P039,82.2,Cash,2024-08-26,66.34666666666668,3,2024-08-26,432,Sports,54.0,Ishaan Iyer,34,Other,2022-02-09,Product_039,Grocery,4167.72,453
T000117,U0098,P039,82.2,Cash,2024-08-26,66.34666666666668,3,2024-08-26,432,Toys,62.84,Ishaan Iyer,34,Other,2022-02-09,Product_039,Grocery,4167.72,453
T000118,U0117,P033,45.32,Cash,2025-05-31,148.54888888888888,13,2025-09-06,56,Books,165.31,Aadhya Joshi,31,Female,2022-06-01,Product_033,Clothing,3874.48,45
T000118,U0117,P033,45.32,Cash,2025-05-31,148.54888888888888,13,2025-09-06,56,Clothing,790.84,Aadhya Joshi,31,Female,2022-06-01,Product_033,Clothing,3874.48,45
T000118,U0117,P033,45.32,Cash,2025-05-31,148.54888888888888,13,2025-09-06,56,Electronics,102.63,Aadhya Joshi,31,Female,2022-06-01,Product_033,Clothing,3874.48,45
T000118,U0117,P033,45.32,Cash,2025-05-31,148.54888888888888,13,2025-09-06,56,Grocery,127.18,Aadhya Joshi,31,Female,2022-06-01,Product_033,Clothing,3874.48,45
T000118,U0117,P033,45.32,Cash,2025-05-31,148.54888888888888,13,2025-09-06,56,Home,43.33,Aadhya Joshi,31,Female,2022-06-01,Product_033,Clothing,3874.48,45
T000118,U0117,P033,45.32,Cash,2025-05-31,148.54888888888888,13,2025-09-06,56,Sports,20.75,Aadhya Joshi,31,Female,2022-06-01,Product_033,Clothing,3874.48,45
T000118,U0117,P033,45.32,Cash,2025-05-31,148.54888888888888,13,2025-09-06,56,Toys,86.9,Aadhya Joshi,31,Female,2022-06-01,Product_033,Clothing,3874.48,45
T000119,U0026,P045,66.32,Credit Card,2024-03-16,41.928,5,2024-03-16,595,Beauty,55.2,Ira Joshi,32,Male,2024-05-31,Product_045,Grocery,992.11,139
T000119,U0026,P045,66.32,Credit Card,2024-03-16,41.928,5,2024-03-16,595,Books,16.2,Ira Joshi,32,Male,2024-05-31,Product_045,Grocery,992.11,139
T000119,U0026,P045,66.32,Credit Card,2024-03-16,41.928,5,2024-03-16,595,Electronics,27.25,Ira Joshi,32,Male,2024-05-31,Product_045,Grocery,992.11,139
T000119,U0026,P045,66.32,Credit Card,2024-03-16,41.928,5,2024-03-16,595,Grocery,66.32,Ira Joshi,32,Male,2024-05-31,Product_045,Grocery,992.11,139
T000119,U0026,P045,66.32,Credit Card,2024-03-16,41.928,5,2024-03-16,595,Home,44.67,Ira Joshi,32,Male,2024-05-31,Product_045,Grocery,992.11,139
T000120,U0111,P029,50.5,Debit Card,2025-04-27,43.57,3,2025-04-27,188,Clothing,85.03999999999999,Myra Roy,18,Other,2023-06-08,Product_029,Clothing,128.31,289
T000120,U0111,P029,50.5,Debit Card,2025-04-27,43.57,3,2025-04-27,188,Home,45.67,Myra Roy,18,Other,2023-06-08,Product_029,Clothing,128.31,289
T000121,U0087,P030,57.87,Net Banking,2025-05-01,39.2425,4,2025-10-15,17,Books,45.02,Kabir Mehta,39,Male,2022-08-04,Product_030,Home,685.55,28
T000121,U0087,P030,57.87,Net Banking,2025-05-01,39.2425,4,2025-10-15,17,Home,57.87,Kabir Mehta,39,Male,2022-08-04,Product_030,Home,685.55,28
T000121,U0087,P030,57.87,Net Banking,2025-05-01,39.2425,4,2025-10-15,17,Sports,54.08,Kabir Mehta,39,Male,2022-08-04,Product_030,Home,685.55,28
T000122,U0187,P007,78.03,UPI,2025-05-24,76.19800000000001,7,2025-05-31,154,Books,164.03,Vivaan Kulkarni,35,Other,2024-08-28,Product_007,Books,2084.59,134
T000122,U0187,P007,78.03,UPI,2025-05-24,76.19800000000001,7,2025-05-31,154,Clothing,67.21,Vivaan Kulkarni,35,Other,2024-08-28,Product_007,Books,2084.59,134
T000122,U0187,P007,78.03,UPI,2025-05-24,76.19800000000001,7,2025-05-31,154,Home,149.75,Vivaan Kulkarni,35,Other,2024-08-28,Product_007,Books,2084.59,134
T000123,U0081,P043,33.42,UPI,2025-02-05,67.868,6,2025-04-08,207,Clothing,74.56,Vivaan Gupta,30,Other,2024-04-29,Product_043,Home,3416.65,309
T000123,U0081,P043,33.42,UPI,2025-02-05,67.868,6,2025-04-08,207,Home,86.89,Vivaan Gupta,30,Other,2024-04-29,Product_043,Home,3416.65,309
T000123,U0081,P043,33.42,UPI,2025-02-05,67.868,6,2025-04-08,207,Sports,63.6,Vivaan Gupta,30,Other,2024-04-29,Product_043,Home,3416.65,309
T000123,U0081,P043,33.42,UPI,2025-02-05,67.868,6,2025-04-08,207,Toys,114.28999999999999,Vivaan Gupta,30,Other,2024-04-29,Product_043,Home,3416.65,309
T000124,U0040,P044,191.6,Net Banking,2023-05-18,91.0975,4,2025-07-09,115,Beauty,191.6,Meera Kapoor,33,Male,2023-06-25,Product_044,Beauty,1655.45,268
T000124,U0040,P044,191.6,Net Banking,2023-05-18,91.0975,4,2025-07-09,115,Books,85.43,Meera Kapoor,33,Male,2023-06-25,Product_044,Beauty,1655.45,268
T000124,U0040,P044,191.6,Net Banking,2023-05-18,91.0975,4,2025-07-09,115,Home,31.87,Meera Kapoor,33,Male,2023-06-25,Product_044,Beauty,1655.45,268
T000124,U0040,P044,191.6,Net Banking,2023-05-18,91.0975,4,2025-07-09,115,Toys,55.49,Meera Kapoor,33,Male,2023-06-25,Product_044,Beauty,1655.45,268
T000125,U0024,P006,29.86,Credit Card,2025-06-03,75.43,11,2025-08-03,90,Beauty,112.61,Aarohi Kapoor,20,Female,2023-03-15,Product_006,Clothing,3250.7,481
T000125,U0024,P006,29.86,Credit Card,2025-06-03,75.43,11,2025-08-03,90,Books,313.02,Aarohi Kapoor,20,Female,2023-03-15,Product_006,Clothing,3250.7,481
T000125,U0024,P006,29.86,Credit Card,2025-06-03,75.43,11,2025-08-03,90,Clothing,89.07000000000001,Aarohi Kapoor,20,Female,2023-03-15,Product_006,Clothing,3250.7,481
T000125,U0024,P006,29.86,Credit Card,2025-06-03,75.43,11,2025-08-03,90,Electronics,62.27,Aarohi Kapoor,20,Female,2023-03-15,Product_006,Clothing,3250.7,481
T000125,U0024,P006,29.86,Credit Card,2025-06-03,75.43,11,2025-08-03,90,Grocery,55.78,Aarohi Kapoor,20,Female,2023-03-15,Product_006,Clothing,3250.7,481
T000125,U0024,P006,29.86,Credit Card,2025-06-03,75.43,11,2025-08-03,90,Home,46.12,Aarohi Kapoor,20,Female,2023-03-15,Product_006,Clothing,3250.7,481
T000126,U0025,P048,26.35,Wallet,2025-02-02,74.69,6,2025-10-02,30,Clothing,99.75,Saanvi Bose,27,Female,2022-05-22,Product_048,Clothing,3666.72,295
T000126,U0025,P048,26.35,Wallet,2025-02-02,74.69,6,2025-10-02,30,Home,187.25,Saanvi Bose,27,Female,2022-05-22,Product_048,Clothing,3666.72,295
T000126,U0025,P048,26.35,Wallet,2025-02-02,74.69,6,2025-10-02,30,Toys,86.45,Saanvi Bose,27,Female,2022-05-22,Product_048,Clothing,3666.72,295
T000127,U0034,P036,109.38,Credit Card,2024-11-06,85.23375,9,2025-10-27,5,Beauty,103.98,Vihaan Singh,23,Other,2023-09-16,Product_036,Sports,1650.69,388
T000127,U0034,P036,109.38,Credit Card,2024-11-06,85.23375,9,2025-10-27,5,Books,84.49,Vihaan Singh,23,Other,2023-09-16,Product_036,Sports,1650.69,388
T000127,U0034,P036,109.38,Credit Card,2024-11-06,85.23375,9,2025-10-27,5,Clothing,51.52,Vihaan Singh,23,Other,2023-09-16,Product_036,Sports,1650.69,388
T000127,U0034,P036,109.38,Credit Card,2024-11-06,85.23375,9,2025-10-27,5,Electronics,39.12,Vihaan Singh,23,Other,2023-09-16,Product_036,Sports,1650.69,388
T000127,U0034,P036,109.38,Credit Card,2024-11-06,85.23375,9,2025-10-27,5,Grocery,247.26999999999998,Vihaan Singh,23,Other,2023-09-16,Product_036,Sports,1650.69,388
T000127,U0034,P036,109.38,Credit Card,2024-11-06,85.23375,9,2025-10-27,5,Home,46.11,Vihaan Singh,23,Other,2023-09-16,Product_036,Sports,1650.69,388
T000127,U0034,P036,109.38,Credit Card,2024-11-06,85.23375,9,2025-10-27,5,Sports,109.38,Vihaan Singh,23,Other,2023-09-16,Product_036,Sports,1650.69,388
T000128,U0172,P008,87.79,Net Banking,2024-12-25,63.964,5,2025-01-14,291,Books,112.9,Vihaan Kapoor,25,Other,2022-07-16,Product_008,Books,4534.16,161
T000128,U0172,P008,87.79,Net Banking,2024-12-25,63.964,5,2025-01-14,291,Electronics,83.15,Vihaan Kapoor,25,Other,2022-07-16,Product_008,Books,4534.16,161
T000128,U0172,P008,87.79,Net Banking,2024-12-25,63.964,5,2025-01-14,291,Home,47.82,Vihaan Kapoor,25,Other,2022-07-16,Product_008,Books,4534.16,161
T000128,U0172,P008,87.79,Net Banking,2024-12-25,63.964,5,2025-01-14,291,Toys,75.95,Vihaan Kapoor,25,Other,2022-07-16,Product_008,Books,4534.16,161
T000129,U0171,P049,79.4,Net Banking,2023-04-16,60.115,2,2024-08-12,446,Grocery,40.83,Sai Patel,24,Other,2022-11-20,Product_049,Home,1701.17,159
T000129,U0171,P049,79.4,Net Banking,2023-04-16,60.115,2,2024-08-12,446,Home,79.4,Sai Patel,24,Other,2022-11-20,Product_049,Home,1701.17,159
T000130,U0074,P039,79.6,UPI,2024-12-21,60.69333333333333,6,2025-02-16,258,Books,133.3,Diya Gupta,44,Male,2022-10-19,Product_039,Grocery,4167.72,453
T000130,U0074,P039,79.6,UPI,2024-12-21,60.69333333333333,6,2025-02-16,258,Grocery,79.6,Diya Gupta,44,Male,2022-10-19,Product_039,Grocery,4167.72,453
T000130,U0074,P039,79.6,UPI,2024-12-21,60.69333333333333,6,2025-02-16,258,Home,74.37,Diya Gupta,44,Male,2022-10-19,Product_039,Grocery,4167.72,453
T000130,U0074,P039,79.6,UPI,2024-12-21,60.69333333333333,6,2025-02-16,258,Sports,76.89,Diya Gupta,44,Male,2022-10-19,Product_039,Grocery,4167.72,453
T000131,U0027,P037,54.2,Cash,2024-03-11,60.365,4,2024-12-25,311,Books,87.49,Vihaan Reddy,22,Other,2024-03-22,Product_037,Clothing,1750.62,496
T000131,U0027,P037,54.2,Cash,2024-03-11,60.365,4,2024-12-25,311,Clothing,54.2,Vihaan Reddy,22,Other,2024-03-22,Product_037,Clothing,1750.62,496
T000131,U0027,P037,54.2,Cash,2024-03-11,60.365,4,2024-12-25,311,Grocery,69.37,Vihaan Reddy,22,Other,2024-03-22,Product_037,Clothing,1750.62,496
T000131,U0027,P037,54.2,Cash,2024-03-11,60.365,4,2024-12-25,311,Home,30.4,Vihaan Reddy,22,Other,2024-03-22,Product_037,Clothing,1750.62,496
T000132,U0040,P043,31.87,Net Banking,2024-04-04,91.0975,4,2025-07-09,115,Beauty,191.6,Meera Kapoor,33,Male,2023-06-25,Product_043,Home,3416.65,309
T000132,U0040,P043,31.87,Net Banking,2024-04-04,91.0975,4,2025-07-09,115,Books,85.43,Meera Kapoor,33,Male,2023-06-25,Product_043,Home,3416.65,309
T000132,U0040,P043,31.87,Net Banking,2024-04-04,91.0975,4,2025-07-09,115,Home,31.87,Meera Kapoor,33,Male,2023-06-25,Product_043,Home,3416.65,309
T000132,U0040,P043,31.87,Net Banking,2024-04-04,91.0975,4,2025-07-09,115,Toys,55.49,Meera Kapoor,33,Male,2023-06-25,Product_043,Home,3416.65,309
T000133,U0028,P023,57.14,Cash,2025-01-22,78.77333333333334,9,2025-08-23,70,Beauty,101.57000000000001,Kiara Kulkarni,35,Male,2023-01-26,Product_023,Books,1984.98,450
T000133,U0028,P023,57.14,Cash,2025-01-22,78.77333333333334,9,2025-08-23,70,Books,174.23000000000002,Kiara Kulkarni,35,Male,2023-01-26,Product_023,Books,1984.98,450
T000133,U0028,P023,57.14,Cash,2025-01-22,78.77333333333334,9,2025-08-23,70,Clothing,252.42000000000002,Kiara Kulkarni,35,Male,2023-01-26,Product_023,Books,1984.98,450
T000133,U0028,P023,57.14,Cash,2025-01-22,78.77333333333334,9,2025-08-23,70,Home,125.28,Kiara Kulkarni,35,Male,2023-01-26,Product_023,Books,1984.98,450
T000133,U0028,P023,57.14,Cash,2025-01-22,78.77333333333334,9,2025-08-23,70,Toys,55.46,Kiara Kulkarni,35,Male,2023-01-26,Product_023,Books,1984.98,450
T000134,U0030,P049,36.37,UPI,2024-04-08,84.85857142857142,9,2025-09-29,33,Beauty,168.95,Aarohi Sharma,29,Other,2023-11-30,Product_049,Home,1701.17,159
T000134,U0030,P049,36.37,UPI,2024-04-08,84.85857142857142,9,2025-09-29,33,Books,176.11,Aarohi Sharma,29,Other,2023-11-30,Product_049,Home,1701.17,159
T000134,U0030,P049,36.37,UPI,2024-04-08,84.85857142857142,9,2025-09-29,33,Electronics,102.74,Aarohi Sharma,29,Other,2023-11-30,Product_049,Home,1701.17,159
T000134,U0030,P049,36.37,UPI,2024-04-08,84.85857142857142,9,2025-09-29,33,Home,146.21,Aarohi Sharma,29,Other,2023-11-30,Product_049,Home,1701.17,159
T000135,U0110,P036,98.01,Cash,2023-02-23,59.848,5,2025-09-10,52,Beauty,64.09,Saanvi Kulkarni,31,Other,2023-04-22,Product_036,Sports,1650.69,388
T000135,U0110,P036,98.01,Cash,2023-02-23,59.848,5,2025-09-10,52,Clothing,103.32,Saanvi Kulkarni,31,Other,2023-04-22,Product_036,Sports,1650.69,388
T000135,U0110,P036,98.01,Cash,2023-02-23,59.848,5,2025-09-10,52,Electronics,33.82,Saanvi Kulkarni,31,Other,2023-04-22,Product_036,Sports,1650.69,388
T000135,U0110,P036,98.01,Cash,2023-02-23,59.848,5,2025-09-10,52,Sports,98.01,Saanvi Kulkarni,31,Other,2023-04-22,Product_036,Sports,1650.69,388
T000136,U0156,P043,49.99,Wallet,2024-07-01,92.12,4,2024-08-09,449,Clothing,46.92,Reyansh Amin,26,Other,2023-09-23,Product_043,Home,3416.65,309
T000136,U0156,P043,49.99,Wallet,2024-07-01,92.12,4,2024-08-09,449,Home,104.47,Reyansh Amin,26,Other,2023-09-23,Product_043,Home,3416.65,309
T000136,U0156,P043,49.99,Wallet,2024-07-01,92.12,4,2024-08-09,449,Toys,124.97,Reyansh Amin,26,Other,2023-09-23,Product_043,Home,3416.65,309
T000137,U0008,P012,33.27,UPI,2024-09-24,52.05666666666667,3,2025-06-16,138,Beauty,36.89,Ishaan Reddy,38,Male,2022-04-15,Product_012,Sports,4263.31,176
T000137,U0008,P012,33.27,UPI,2024-09-24,52.05666666666667,3,2025-06-16,138,Sports,119.28,Ishaan Reddy,38,Male,2022-04-15,Product_012,Sports,4263.31,176
T000138,U0087,P023,45.02,Credit Card,2024-01-07,39.2425,4,2025-10-15,17,Books,45.02,Kabir Mehta,39,Male,2022-08-04,Product_023,Books,1984.98,450
T000138,U0087,P023,45.02,Credit Card,2024-01-07,39.2425,4,2025-10-15,17,Home,57.87,Kabir Mehta,39,Male,2022-08-04,Product_023,Books,1984.98,450
T000138,U0087,P023,45.02,Credit Card,2024-01-07,39.2425,4,2025-10-15,17,Sports,54.08,Kabir Mehta,39,Male,2022-08-04,Product_023,Books,1984.98,450
T000139,U0037,P037,69.95,Wallet,2025-03-31,63.22,4,2025-04-02,213,Books,90.93,Aarav Patel,33,Female,2022-09-03,Product_037,Clothing,1750.62,496
T000139,U0037,P037,69.95,Wallet,2025-03-31,63.22,4,2025-04-02,213,Clothing,69.95,Aarav Patel,33,Female,2022-09-03,Product_037,Clothing,1750.62,496
T000139,U0037,P037,69.95,Wallet,2025-03-31,63.22,4,2025-04-02,213,Electronics,53.3,Aarav Patel,33,Female,2022-09-03,Product_037,Clothing,1750.62,496
T000139,U0037,P037,69.95,Wallet,2025-03-31,63.22,4,2025-04-02,213,Grocery,38.7,Aarav Patel,33,Female,2022-09-03,Product_037,Clothing,1750.62,496
T000140,U0018,P010,38.93,Wallet,2023-03-04,116.02000000000001,5,2024-11-27,339,Books,138.42,Sai Iyer,34,Female,2022-10-04,Product_010,Sports,1315.44,77
T000140,U0018,P010,38.93,Wallet,2023-03-04,116.02000000000001,5,2024-11-27,339,Electronics,104.94,Sai Iyer,34,Female,2022-10-04,Product_010,Sports,1315.44,77
T000140,U0018,P010,38.93,Wallet,2023-03-04,116.02000000000001,5,2024-11-27,339,Grocery,297.81,Sai Iyer,34,Female,2022-10-04,Product_010,Sports,1315.44,77
T000140,U0018,P010,38.93,Wallet,2023-03-04,116.02000000000001,5,2024-11-27,339,Sports,38.93,Sai Iyer,34,Female,2022-10-04,Product_010,Sports,1315.44,77
T000141,U0024,P048,33.34,Cash,2024-03-16,75.43,11,2025-08-03,90,Beauty,112.61,Aarohi Kapoor,20,Female,2023-03-15,Product_048,Clothing,3666.72,295
T000141,U0024,P048,33.34,Cash,2024-03-16,75.43,11,2025-08-03,90,Books,313.02,Aarohi Kapoor,20,Female,2023-03-15,Product_048,Clothing,3666.72,295
T000141,U0024,P048,33.34,Cash,2024-03-16,75.43,11,2025-08-03,90,Clothing,89.07000000000001,Aarohi Kapoor,20,Female,2023-03-15,Product_048,Clothing,3666.72,295
T000141,U0024,P048,33.34,Cash,2024-03-16,75.43,11,2025-08-03,90,Electronics,62.27,Aarohi Kapoor,20,Female,2023-03-15,Product_048,Clothing,3666.72,295
T000141,U0024,P048,33.34,Cash,2024-03-16,75.43,11,2025-08-03,90,Grocery,55.78,Aarohi Kapoor,20,Female,2023-03-15,Product_048,Clothing,3666.72,295
T000141,U0024,P048,33.34,Cash,2024-03-16,75.43,11,2025-08-03,90,Home,46.12,Aarohi Kapoor,20,Female,2023-03-15,Product_048,Clothing,3666.72,295
T000142,U0097,P027,63.19,Net Banking,2024-11-29,85.14,6,2025-09-08,54,Books,18.09,Aarohi Nair,34,Male,2024-06-17,Product_027,Toys,2241.45,134
T000142,U0097,P027,63.19,Net Banking,2024-11-29,85.14,6,2025-09-08,54,Clothing,84.39,Aarohi Nair,34,Male,2024-06-17,Product_027,Toys,2241.45,134
T000142,U0097,P027,63.19,Net Banking,2024-11-29,85.14,6,2025-09-08,54,Electronics,70.48,Aarohi Nair,34,Male,2024-06-17,Product_027,Toys,2241.45,134
T000142,U0097,P027,63.19,Net Banking,2024-11-29,85.14,6,2025-09-08,54,Home,191.14,Aarohi Nair,34,Male,2024-06-17,Product_027,Toys,2241.45,134
T000142,U0097,P027,63.19,Net Banking,2024-11-29,85.14,6,2025-09-08,54,Toys,146.74,Aarohi Nair,34,Male,2024-06-17,Product_027,Toys,2241.45,134
T000143,U0041,P024,63.24,UPI,2024-10-26,96.9475,5,2025-09-18,44,Books,224.42000000000002,Sara Mukherjee,37,Male,2024-02-13,Product_024,Home,2509.0,267
T000143,U0041,P024,63.24,UPI,2024-10-26,96.9475,5,2025-09-18,44,Clothing,56.21,Sara Mukherjee,37,Male,2024-02-13,Product_024,Home,2509.0,267
T000143,U0041,P024,63.24,UPI,2024-10-26,96.9475,5,2025-09-18,44,Electronics,43.92,Sara Mukherjee,37,Male,2024-02-13,Product_024,Home,2509.0,267
T000143,U0041,P024,63.24,UPI,2024-10-26,96.9475,5,2025-09-18,44,Home,63.24,Sara Mukherjee,37,Male,2024-02-13,Product_024,Home,2509.0,267
T000144,U0199,P037,40.28,Cash,2023-06-23,76.08555555555556,9,2025-08-12,81,Books,288.35,Meera Roy,32,Male,2022-02-10,Product_037,Clothing,1750.62,496
T000144,U0199,P037,40.28,Cash,2023-06-23,76.08555555555556,9,2025-08-12,81,Clothing,40.28,Meera Roy,32,Male,2022-02-10,Product_037,Clothing,1750.62,496
T000144,U0199,P037,40.28,Cash,2023-06-23,76.08555555555556,9,2025-08-12,81,Electronics,61.43,Meera Roy,32,Male,2022-02-10,Product_037,Clothing,1750.62,496
T000144,U0199,P037,40.28,Cash,2023-06-23,76.08555555555556,9,2025-08-12,81,Home,255.7,Meera Roy,32,Male,2022-02-10,Product_037,Clothing,1750.62,496
T000144,U0199,P037,40.28,Cash,2023-06-23,76.08555555555556,9,2025-08-12,81,Sports,39.01,Meera Roy,32,Male,2022-02-10,Product_037,Clothing,1750.62,496
T000145,U0014,P010,41.16,Debit Card,2023-04-12,114.965,5,2025-01-30,275,Beauty,227.37,Sai Singh,18,Male,2024-06-06,Product_010,Sports,1315.44,77
T000145,U0014,P010,41.16,Debit Card,2023-04-12,114.965,5,2025-01-30,275,Electronics,52.85,Sai Singh,18,Male,2024-06-06,Product_010,Sports,1315.44,77
T000145,U0014,P010,41.16,Debit Card,2023-04-12,114.965,5,2025-01-30,275,Home,138.48,Sai Singh,18,Male,2024-06-06,Product_010,Sports,1315.44,77
T000145,U0014,P010,41.16,Debit Card,2023-04-12,114.965,5,2025-01-30,275,Sports,41.16,Sai Singh,18,Male,2024-06-06,Product_010,Sports,1315.44,77
T000146,U0173,P006,62.75,UPI,2025-06-26,70.39666666666666,6,2025-06-26,128,Clothing,180.04000000000002,Muhammad Joshi,31,Female,2024-09-27,Product_006,Clothing,3250.7,481
T000146,U0173,P006,62.75,UPI,2025-06-26,70.39666666666666,6,2025-06-26,128,Toys,242.34,Muhammad Joshi,31,Female,2024-09-27,Product_006,Clothing,3250.7,481
T000147,U0170,P028,22.9,Net Banking,2025-06-24,99.21571428571428,7,2025-07-02,122,Books,172.16,Diya Roy,25,Female,2022-09-15,Product_028,Home,3602.11,250
T000147,U0170,P028,22.9,Net Banking,2025-06-24,99.21571428571428,7,2025-07-02,122,Electronics,79.34,Diya Roy,25,Female,2022-09-15,Product_028,Home,3602.11,250
T000147,U0170,P028,22.9,Net Banking,2025-06-24,99.21571428571428,7,2025-07-02,122,Grocery,110.02,Diya Roy,25,Female,2022-09-15,Product_028,Home,3602.11,250
T000147,U0170,P028,22.9,Net Banking,2025-06-24,99.21571428571428,7,2025-07-02,122,Home,292.81,Diya Roy,25,Female,2022-09-15,Product_028,Home,3602.11,250
T000147,U0170,P028,22.9,Net Banking,2025-06-24,99.21571428571428,7,2025-07-02,122,Toys,40.18,Diya Roy,25,Female,2022-09-15,Product_028,Home,3602.11,250
T000148,U0107,P018,23.47,Debit Card,2023-08-22,43.097142857142856,7,2025-09-29,33,Clothing,29.26,Kiara Bose,47,Other,2023-09-23,Product_018,Electronics,2390.82,158
T000148,U0107,P018,23.47,Debit Card,2023-08-22,43.097142857142856,7,2025-09-29,33,Electronics,23.47,Kiara Bose,47,Other,2023-09-23,Product_018,Electronics,2390.82,158
T000148,U0107,P018,23.47,Debit Card,2023-08-22,43.097142857142856,7,2025-09-29,33,Grocery,150.88,Kiara Bose,47,Other,2023-09-23,Product_018,Electronics,2390.82,158
T000148,U0107,P018,23.47,Debit Card,2023-08-22,43.097142857142856,7,2025-09-29,33,Home,75.91,Kiara Bose,47,Other,2023-09-23,Product_018,Electronics,2390.82,158
T000148,U0107,P018,23.47,Debit Card,2023-08-22,43.097142857142856,7,2025-09-29,33,Sports,22.16,Kiara Bose,47,Other,2023-09-23,Product_018,Electronics,2390.82,158
T000149,U0089,P028,35.48,Credit Card,2024-08-03,66.04666666666667,7,2025-02-11,263,Books,81.05,Kiara Kulkarni,27,Other,2024-08-05,Product_028,Home,3602.11,250
T000149,U0089,P028,35.48,Credit Card,2024-08-03,66.04666666666667,7,2025-02-11,263,Clothing,128.41,Kiara Kulkarni,27,Other,2024-08-05,Product_028,Home,3602.11,250
T000149,U0089,P028,35.48,Credit Card,2024-08-03,66.04666666666667,7,2025-02-11,263,Electronics,123.55000000000001,Kiara Kulkarni,27,Other,2024-08-05,Product_028,Home,3602.11,250
T000149,U0089,P028,35.48,Credit Card,2024-08-03,66.04666666666667,7,2025-02-11,263,Grocery,27.79,Kiara Kulkarni,27,Other,2024-08-05,Product_028,Home,3602.11,250
T000149,U0089,P028,35.48,Credit Card,2024-08-03,66.04666666666667,7,2025-02-11,263,Home,35.48,Kiara Kulkarni,27,Other,2024-08-05,Product_028,Home,3602.11,250
T000150,U0174,P044,48.04,Cash,2025-09-23,50.70142857142857,7,2025-09-23,39,Beauty,48.04,Ira Kulkarni,34,Female,2024-05-02,Product_044,Beauty,1655.45,268
T000150,U0174,P044,48.04,Cash,2025-09-23,50.70142857142857,7,2025-09-23,39,Books,100.94,Ira Kulkarni,34,Female,2024-05-02,Product_044,Beauty,1655.45,268
T000150,U0174,P044,48.04,Cash,2025-09-23,50.70142857142857,7,2025-09-23,39,Clothing,13.72,Ira Kulkarni,34,Female,2024-05-02,Product_044,Beauty,1655.45,268
T000150,U0174,P044,48.04,Cash,2025-09-23,50.70142857142857,7,2025-09-23,39,Grocery,52.3,Ira Kulkarni,34,Female,2024-05-02,Product_044,Beauty,1655.45,268
T000150,U0174,P044,48.04,Cash,2025-09-23,50.70142857142857,7,2025-09-23,39,Home,23.15,Ira Kulkarni,34,Female,2024-05-02,Product_044,Beauty,1655.45,268
T000150,U0174,P044,48.04,Cash,2025-09-23,50.70142857142857,7,2025-09-23,39,Sports,116.76,Ira Kulkarni,34,Female,2024-05-02,Product_044,Beauty,1655.45,268
T000151,U0135,P043,65.8,UPI,2023-04-04,66.34857142857143,8,2025-05-02,183,Beauty,105.1,Ishaan Mukherjee,24,Female,2023-02-03,Product_043,Home,3416.65,309
T000151,U0135,P043,65.8,UPI,2023-04-04,66.34857142857143,8,2025-05-02,183,Books,63.46,Ishaan Mukherjee,24,Female,2023-02-03,Product_043,Home,3416.65,309
T000151,U0135,P043,65.8,UPI,2023-04-04,66.34857142857143,8,2025-05-02,183,Clothing,92.0,Ishaan Mukherjee,24,Female,2023-02-03,Product_043,Home,3416.65,309
T000151,U0135,P043,65.8,UPI,2023-04-04,66.34857142857143,8,2025-05-02,183,Grocery,25.77,Ishaan Mukherjee,24,Female,2023-02-03,Product_043,Home,3416.65,309
T000151,U0135,P043,65.8,UPI,2023-04-04,66.34857142857143,8,2025-05-02,183,Home,85.44999999999999,Ishaan Mukherjee,24,Female,2023-02-03,Product_043,Home,3416.65,309
T000151,U0135,P043,65.8,UPI,2023-04-04,66.34857142857143,8,2025-05-02,183,Toys,92.66,Ishaan Mukherjee,24,Female,2023-02-03,Product_043,Home,3416.65,309
T000152,U0057,P026,132.32,Cash,2023-04-23,87.152,5,2024-09-20,407,Beauty,132.32,Aarav Gupta,25,Male,2023-02-21,Product_026,Beauty,3490.97,332
T000152,U0057,P026,132.32,Cash,2023-04-23,87.152,5,2024-09-20,407,Books,72.69,Aarav Gupta,25,Male,2023-02-21,Product_026,Beauty,3490.97,332
T000152,U0057,P026,132.32,Cash,2023-04-23,87.152,5,2024-09-20,407,Clothing,30.35,Aarav Gupta,25,Male,2023-02-21,Product_026,Beauty,3490.97,332
T000152,U0057,P026,132.32,Cash,2023-04-23,87.152,5,2024-09-20,407,Electronics,55.01,Aarav Gupta,25,Male,2023-02-21,Product_026,Beauty,3490.97,332
T000152,U0057,P026,132.32,Cash,2023-04-23,87.152,5,2024-09-20,407,Home,145.39,Aarav Gupta,25,Male,2023-02-21,Product_026,Beauty,3490.97,332
T000153,U0002,P014,91.34,UPI,2024-03-08,129.68,6,2024-04-27,553,Beauty,187.02,Sai Reddy,30,Other,2023-11-24,Product_014,Beauty,3844.95,467
T000153,U0002,P014,91.34,UPI,2024-03-08,129.68,6,2024-04-27,553,Clothing,45.02,Sai Reddy,30,Other,2023-11-24,Product_014,Beauty,3844.95,467
T000153,U0002,P014,91.34,UPI,2024-03-08,129.68,6,2024-04-27,553,Toys,157.0,Sai Reddy,30,Other,2023-11-24,Product_014,Beauty,3844.95,467
T000154,U0197,P009,49.6,UPI,2024-08-15,61.105000000000004,4,2025-10-26,6,Clothing,171.97,Kabir Roy,24,Male,2023-12-07,Product_009,Clothing,1799.44,163
T000154,U0197,P009,49.6,UPI,2024-08-15,61.105000000000004,4,2025-10-26,6,Toys,72.45,Kabir Roy,24,Male,2023-12-07,Product_009,Clothing,1799.44,163
T000155,U0084,P008,53.98,Credit Card,2025-10-15,45.8425,4,2025-10-15,17,Books,53.98,Kiara Kapoor,27,Male,2022-03-19,Product_008,Books,4534.16,161
T000155,U0084,P008,53.98,Credit Card,2025-10-15,45.8425,4,2025-10-15,17,Clothing,96.81,Kiara Kapoor,27,Male,2022-03-19,Product_008,Books,4534.16,161
T000155,U0084,P008,53.98,Credit Card,2025-10-15,45.8425,4,2025-10-15,17,Grocery,32.58,Kiara Kapoor,27,Male,2022-03-19,Product_008,Books,4534.16,161
T000156,U0192,P028,29.92,Debit Card,2023-09-22,121.93,4,2024-05-11,539,Beauty,238.22,Kabir Roy,38,Male,2024-08-04,Product_028,Home,3602.11,250
T000156,U0192,P028,29.92,Debit Card,2023-09-22,121.93,4,2024-05-11,539,Grocery,112.25,Kabir Roy,38,Male,2024-08-04,Product_028,Home,3602.11,250
T000156,U0192,P028,29.92,Debit Card,2023-09-22,121.93,4,2024-05-11,539,Home,137.25,Kabir Roy,38,Male,2024-08-04,Product_028,Home,3602.11,250
T000157,U0098,P035,54.0,Wallet,2024-04-16,66.34666666666668,3,2024-08-26,432,Grocery,82.2,Ishaan Iyer,34,Other,2022-02-09,Product_035,Sports,2998.97,82
T000157,U0098,P035,54.0,Wallet,2024-04-16,66.34666666666668,3,2024-08-26,432,Sports,54.0,Ishaan Iyer,34,Other,2022-02-09,Product_035,Sports,2998.97,82
T000157,U0098,P035,54.0,Wallet,2024-04-16,66.34666666666668,3,2024-08-26,432,Toys,62.84,Ishaan Iyer,34,Other,2022-02-09,Product_035,Sports,2998.97,82
T000158,U0129,P036,45.92,Wallet,2024-12-26,73.32000000000001,7,2025-03-01,245,Beauty,26.4,Arjun Das,32,Male,2023-02-22,Product_036,Sports,1650.69,388
T000158,U0129,P036,45.92,Wallet,2024-12-26,73.32000000000001,7,2025-03-01,245,Books,66.65,Arjun Das,32,Male,2023-02-22,Product_036,Sports,1650.69,388
T000158,U0129,P036,45.92,Wallet,2024-12-26,73.32000000000001,7,2025-03-01,245,Clothing,93.42,Arjun Das,32,Male,2023-02-22,Product_036,Sports,1650.69,388
T000158,U0129,P036,45.92,Wallet,2024-12-26,73.32000000000001,7,2025-03-01,245,Home,207.53,Arjun Das,32,Male,2023-02-22,Product_036,Sports,1650.69,388
T000158,U0129,P036,45.92,Wallet,2024-12-26,73.32000000000001,7,2025-03-01,245,Sports,45.92,Arjun Das,32,Male,2023-02-22,Product_036,Sports,1650.69,388
T000159,U0019,P026,66.26,Wallet,2023-03-28,61.866666666666674,3,2025-03-21,225,Beauty,113.79,Aarohi Ghosh,24,Other,2024-05-13,Product_026,Beauty,3490.97,332
T000159,U0019,P026,66.26,Wallet,2023-03-28,61.866666666666674,3,2025-03-21,225,Home,71.81,Aarohi Ghosh,24,Other,2024-05-13,Product_026,Beauty,3490.97,332
T000160,U0112,P002,33.24,Net Banking,2023-06-09,59.4525,5,2024-12-02,334,Beauty,57.24,Meera Iyer,31,Other,2022-10-18,Product_002,Grocery,605.91,150
T000160,U0112,P002,33.24,Net Banking,2023-06-09,59.4525,5,2024-12-02,334,Books,48.86,Meera Iyer,31,Other,2022-10-18,Product_002,Grocery,605.91,150
T000160,U0112,P002,33.24,Net Banking,2023-06-09,59.4525,5,2024-12-02,334,Grocery,33.24,Meera Iyer,31,Other,2022-10-18,Product_002,Grocery,605.91,150
T000160,U0112,P002,33.24,Net Banking,2023-06-09,59.4525,5,2024-12-02,334,Home,98.47,Meera Iyer,31,Other,2022-10-18,Product_002,Grocery,605.91,150
T000161,U0081,P037,74.56,Net Banking,2025-04-08,67.868,6,2025-04-08,207,Clothing,74.56,Vivaan Gupta,30,Other,2024-04-29,Product_037,Clothing,1750.62,496
T000161,U0081,P037,74.56,Net Banking,2025-04-08,67.868,6,2025-04-08,207,Home,86.89,Vivaan Gupta,30,Other,2024-04-29,Product_037,Clothing,1750.62,496
T000161,U0081,P037,74.56,Net Banking,2025-04-08,67.868,6,2025-04-08,207,Sports,63.6,Vivaan Gupta,30,Other,2024-04-29,Product_037,Clothing,1750.62,496
T000161,U0081,P037,74.56,Net Banking,2025-04-08,67.868,6,2025-04-08,207,Toys,114.28999999999999,Vivaan Gupta,30,Other,2024-04-29,Product_037,Clothing,1750.62,496
T000162,U0182,P041,136.95,Net Banking,2024-08-15,73.22555555555556,11,2025-10-28,4,Books,104.02,Vivaan Reddy,25,Male,2024-08-29,Product_041,Home,3218.83,273
T000162,U0182,P041,136.95,Net Banking,2024-08-15,73.22555555555556,11,2025-10-28,4,Clothing,236.67,Vivaan Reddy,25,Male,2024-08-29,Product_041,Home,3218.83,273
T000162,U0182,P041,136.95,Net Banking,2024-08-15,73.22555555555556,11,2025-10-28,4,Grocery,55.53,Vivaan Reddy,25,Male,2024-08-29,Product_041,Home,3218.83,273
T000162,U0182,P041,136.95,Net Banking,2024-08-15,73.22555555555556,11,2025-10-28,4,Home,262.81,Vivaan Reddy,25,Male,2024-08-29,Product_041,Home,3218.83,273
T000163,U0030,P026,51.15,Credit Card,2024-10-27,84.85857142857142,9,2025-09-29,33,Beauty,168.95,Aarohi Sharma,29,Other,2023-11-30,Product_026,Beauty,3490.97,332
T000163,U0030,P026,51.15,Credit Card,2024-10-27,84.85857142857142,9,2025-09-29,33,Books,176.11,Aarohi Sharma,29,Other,2023-11-30,Product_026,Beauty,3490.97,332
T000163,U0030,P026,51.15,Credit Card,2024-10-27,84.85857142857142,9,2025-09-29,33,Electronics,102.74,Aarohi Sharma,29,Other,2023-11-30,Product_026,Beauty,3490.97,332
T000163,U0030,P026,51.15,Credit Card,2024-10-27,84.85857142857142,9,2025-09-29,33,Home,146.21,Aarohi Sharma,29,Other,2023-11-30,Product_026,Beauty,3490.97,332
T000164,U0044,P040,69.48,Net Banking,2025-01-11,73.16857142857144,7,2025-09-27,35,Books,12.39,Aditya Nair,29,Male,2023-07-22,Product_040,Grocery,4011.76,36
T000164,U0044,P040,69.48,Net Banking,2025-01-11,73.16857142857144,7,2025-09-27,35,Clothing,178.51000000000002,Aditya Nair,29,Male,2023-07-22,Product_040,Grocery,4011.76,36
T000164,U0044,P040,69.48,Net Banking,2025-01-11,73.16857142857144,7,2025-09-27,35,Grocery,69.48,Aditya Nair,29,Male,2023-07-22,Product_040,Grocery,4011.76,36
T000164,U0044,P040,69.48,Net Banking,2025-01-11,73.16857142857144,7,2025-09-27,35,Home,251.8,Aditya Nair,29,Male,2023-07-22,Product_040,Grocery,4011.76,36
T000165,U0023,P028,82.61,Credit Card,2024-05-13,49.03,5,2024-12-12,324,Beauty,30.77,Myra Reddy,32,Female,2022-09-10,Product_028,Home,3602.11,250
T000165,U0023,P028,82.61,Credit Card,2024-05-13,49.03,5,2024-12-12,324,Clothing,53.32,Myra Reddy,32,Female,2022-09-10,Product_028,Home,3602.11,250
T000165,U0023,P028,82.61,Credit Card,2024-05-13,49.03,5,2024-12-12,324,Electronics,34.44,Myra Reddy,32,Female,2022-09-10,Product_028,Home,3602.11,250
T000165,U0023,P028,82.61,Credit Card,2024-05-13,49.03,5,2024-12-12,324,Home,82.61,Myra Reddy,32,Female,2022-09-10,Product_028,Home,3602.11,250
T000165,U0023,P028,82.61,Credit Card,2024-05-13,49.03,5,2024-12-12,324,Sports,44.01,Myra Reddy,32,Female,2022-09-10,Product_028,Home,3602.11,250
T000166,U0112,P038,42.92,Net Banking,2023-06-11,59.4525,5,2024-12-02,334,Beauty,57.24,Meera Iyer,31,Other,2022-10-18,Product_038,Home,393.65,58
T000166,U0112,P038,42.92,Net Banking,2023-06-11,59.4525,5,2024-12-02,334,Books,48.86,Meera Iyer,31,Other,2022-10-18,Product_038,Home,393.65,58
T000166,U0112,P038,42.92,Net Banking,2023-06-11,59.4525,5,2024-12-02,334,Grocery,33.24,Meera Iyer,31,Other,2022-10-18,Product_038,Home,393.65,58
T000166,U0112,P038,42.92,Net Banking,2023-06-11,59.4525,5,2024-12-02,334,Home,98.47,Meera Iyer,31,Other,2022-10-18,Product_038,Home,393.65,58
T000167,U0102,P020,62.46,Wallet,2024-11-26,96.24166666666667,7,2025-02-17,257,Beauty,52.81,Kiara Sharma,28,Other,2023-12-05,Product_020,Toys,1595.75,428
T000167,U0102,P020,62.46,Wallet,2024-11-26,96.24166666666667,7,2025-02-17,257,Books,304.48,Kiara Sharma,28,Other,2023-12-05,Product_020,Toys,1595.75,428
T000167,U0102,P020,62.46,Wallet,2024-11-26,96.24166666666667,7,2025-02-17,257,Electronics,48.89,Kiara Sharma,28,Other,2023-12-05,Product_020,Toys,1595.75,428
T000167,U0102,P020,62.46,Wallet,2024-11-26,96.24166666666667,7,2025-02-17,257,Grocery,108.81,Kiara Sharma,28,Other,2023-12-05,Product_020,Toys,1595.75,428
T000167,U0102,P020,62.46,Wallet,2024-11-26,96.24166666666667,7,2025-02-17,257,Toys,62.46,Kiara Sharma,28,Other,2023-12-05,Product_020,Toys,1595.75,428
T000168,U0057,P022,55.01,Debit Card,2023-06-06,87.152,5,2024-09-20,407,Beauty,132.32,Aarav Gupta,25,Male,2023-02-21,Product_022,Electronics,3207.91,466
T000168,U0057,P022,55.01,Debit Card,2023-06-06,87.152,5,2024-09-20,407,Books,72.69,Aarav Gupta,25,Male,2023-02-21,Product_022,Electronics,3207.91,466
T000168,U0057,P022,55.01,Debit Card,2023-06-06,87.152,5,2024-09-20,407,Clothing,30.35,Aarav Gupta,25,Male,2023-02-21,Product_022,Electronics,3207.91,466
T000168,U0057,P022,55.01,Debit Card,2023-06-06,87.152,5,2024-09-20,407,Electronics,55.01,Aarav Gupta,25,Male,2023-02-21,Product_022,Electronics,3207.91,466
T000168,U0057,P022,55.01,Debit Card,2023-06-06,87.152,5,2024-09-20,407,Home,145.39,Aarav Gupta,25,Male,2023-02-21,Product_022,Electronics,3207.91,466
T000169,U0131,P041,57.89,Credit Card,2024-02-02,73.65,5,2025-07-23,101,Beauty,61.67,Muhammad Mukherjee,19,Female,2024-08-26,Product_041,Home,3218.83,273
T000169,U0131,P041,57.89,Credit Card,2024-02-02,73.65,5,2025-07-23,101,Clothing,37.83,Muhammad Mukherjee,19,Female,2024-08-26,Product_041,Home,3218.83,273
T000169,U0131,P041,57.89,Credit Card,2024-02-02,73.65,5,2025-07-23,101,Home,57.89,Muhammad Mukherjee,19,Female,2024-08-26,Product_041,Home,3218.83,273
T000169,U0131,P041,57.89,Credit Card,2024-02-02,73.65,5,2025-07-23,101,Sports,146.23,Muhammad Mukherjee,19,Female,2024-08-26,Product_041,Home,3218.83,273
T000169,U0131,P041,57.89,Credit Card,2024-02-02,73.65,5,2025-07-23,101,Toys,64.63,Muhammad Mukherjee,19,Female,2024-08-26,Product_041,Home,3218.83,273
T000170,U0199,P023,34.34,UPI,2023-10-30,76.08555555555556,9,2025-08-12,81,Books,288.35,Meera Roy,32,Male,2022-02-10,Product_023,Books,1984.98,450
T000170,U0199,P023,34.34,UPI,2023-10-30,76.08555555555556,9,2025-08-12,81,Clothing,40.28,Meera Roy,32,Male,2022-02-10,Product_023,Books,1984.98,450
T000170,U0199,P023,34.34,UPI,2023-10-30,76.08555555555556,9,2025-08-12,81,Electronics,61.43,Meera Roy,32,Male,2022-02-10,Product_023,Books,1984.98,450
T000170,U0199,P023,34.34,UPI,2023-10-30,76.08555555555556,9,2025-08-12,81,Home,255.7,Meera Roy,32,Male,2022-02-10,Product_023,Books,1984.98,450
T000170,U0199,P023,34.34,UPI,2023-10-30,76.08555555555556,9,2025-08-12,81,Sports,39.01,Meera Roy,32,Male,2022-02-10,Product_023,Books,1984.98,450
T000171,U0061,P007,55.41,Debit Card,2024-06-08,101.10333333333334,7,2025-06-28,126,Books,78.55,Aarohi Joshi,28,Male,2022-10-31,Product_007,Books,2084.59,134
T000171,U0061,P007,55.41,Debit Card,2024-06-08,101.10333333333334,7,2025-06-28,126,Clothing,163.11,Aarohi Joshi,28,Male,2022-10-31,Product_007,Books,2084.59,134
T000171,U0061,P007,55.41,Debit Card,2024-06-08,101.10333333333334,7,2025-06-28,126,Grocery,230.91,Aarohi Joshi,28,Male,2022-10-31,Product_007,Books,2084.59,134
T000171,U0061,P007,55.41,Debit Card,2024-06-08,101.10333333333334,7,2025-06-28,126,Home,91.79,Aarohi Joshi,28,Male,2022-10-31,Product_007,Books,2084.59,134
T000171,U0061,P007,55.41,Debit Card,2024-06-08,101.10333333333334,7,2025-06-28,126,Toys,42.26,Aarohi Joshi,28,Male,2022-10-31,Product_007,Books,2084.59,134
T000172,U0051,P012,73.61,Cash,2023-11-10,72.70333333333333,3,2025-04-02,213,Grocery,144.5,Kiara Mehta,34,Female,2023-04-24,Product_012,Sports,4263.31,176
T000172,U0051,P012,73.61,Cash,2023-11-10,72.70333333333333,3,2025-04-02,213,Sports,73.61,Kiara Mehta,34,Female,2023-04-24,Product_012,Sports,4263.31,176
T000173,U0195,P049,130.41,Wallet,2023-06-04,94.738,5,2025-01-29,276,Books,108.28,Ishaan Reddy,33,Male,2022-06-19,Product_049,Home,1701.17,159
T000173,U0195,P049,130.41,Wallet,2023-06-04,94.738,5,2025-01-29,276,Home,130.41,Ishaan Reddy,33,Male,2022-06-19,Product_049,Home,1701.17,159
T000173,U0195,P049,130.41,Wallet,2023-06-04,94.738,5,2025-01-29,276,Toys,235.0,Ishaan Reddy,33,Male,2022-06-19,Product_049,Home,1701.17,159
T000174,U0046,P050,97.08,Wallet,2025-10-08,131.065,4,2025-10-08,24,Beauty,248.68,Vivaan Ghosh,26,Male,2024-05-30,Product_050,Toys,2833.37,45
T000174,U0046,P050,97.08,Wallet,2025-10-08,131.065,4,2025-10-08,24,Books,28.54,Vivaan Ghosh,26,Male,2024-05-30,Product_050,Toys,2833.37,45
T000174,U0046,P050,97.08,Wallet,2025-10-08,131.065,4,2025-10-08,24,Grocery,149.96,Vivaan Ghosh,26,Male,2024-05-30,Product_050,Toys,2833.37,45
T000174,U0046,P050,97.08,Wallet,2025-10-08,131.065,4,2025-10-08,24,Toys,97.08,Vivaan Ghosh,26,Male,2024-05-30,Product_050,Toys,2833.37,45
T000175,U0119,P049,198.72,Cash,2025-07-08,114.93666666666667,6,2025-07-08,116,Beauty,33.16,Ira Roy,41,Male,2022-09-13,Product_049,Home,1701.17,159
T000175,U0119,P049,198.72,Cash,2025-07-08,114.93666666666667,6,2025-07-08,116,Books,253.67,Ira Roy,41,Male,2022-09-13,Product_049,Home,1701.17,159
T000175,U0119,P049,198.72,Cash,2025-07-08,114.93666666666667,6,2025-07-08,116,Home,238.55,Ira Roy,41,Male,2022-09-13,Product_049,Home,1701.17,159
T000175,U0119,P049,198.72,Cash,2025-07-08,114.93666666666667,6,2025-07-08,116,Toys,164.24,Ira Roy,41,Male,2022-09-13,Product_049,Home,1701.17,159
T000176,U0175,P037,34.45,Wallet,2024-10-23,63.688,6,2025-02-17,257,Clothing,121.2,Muhammad Singh,34,Male,2022-07-03,Product_037,Clothing,1750.62,496
T000176,U0175,P037,34.45,Wallet,2024-10-23,63.688,6,2025-02-17,257,Electronics,74.53999999999999,Muhammad Singh,34,Male,2022-07-03,Product_037,Clothing,1750.62,496
T000176,U0175,P037,34.45,Wallet,2024-10-23,63.688,6,2025-02-17,257,Home,21.46,Muhammad Singh,34,Male,2022-07-03,Product_037,Clothing,1750.62,496
T000176,U0175,P037,34.45,Wallet,2024-10-23,63.688,6,2025-02-17,257,Toys,101.24,Muhammad Singh,34,Male,2022-07-03,Product_037,Clothing,1750.62,496
T000177,U0161,P021,92.15,Debit Card,2025-06-19,59.246,5,2025-10-12,20,Beauty,89.47,Aarav Joshi,24,Female,2023-05-15,Product_021,Books,3055.12,169
T000177,U0161,P021,92.15,Debit Card,2025-06-19,59.246,5,2025-10-12,20,Books,134.08,Aarav Joshi,24,Female,2023-05-15,Product_021,Books,3055.12,169
T000177,U0161,P021,92.15,Debit Card,2025-06-19,59.246,5,2025-10-12,20,Sports,40.76,Aarav Joshi,24,Female,2023-05-15,Product_021,Books,3055.12,169
T000177,U0161,P021,92.15,Debit Card,2025-06-19,59.246,5,2025-10-12,20,Toys,31.92,Aarav Joshi,24,Female,2023-05-15,Product_021,Books,3055.12,169
T000178,U0018,P031,60.95,Net Banking,2024-09-12,116.02000000000001,5,2024-11-27,339,Books,138.42,Sai Iyer,34,Female,2022-10-04,Product_031,Grocery,3035.94,111
T000178,U0018,P031,60.95,Net Banking,2024-09-12,116.02000000000001,5,2024-11-27,339,Electronics,104.94,Sai Iyer,34,Female,2022-10-04,Product_031,Grocery,3035.94,111
T000178,U0018,P031,60.95,Net Banking,2024-09-12,116.02000000000001,5,2024-11-27,339,Grocery,297.81,Sai Iyer,34,Female,2022-10-04,Product_031,Grocery,3035.94,111
T000178,U0018,P031,60.95,Net Banking,2024-09-12,116.02000000000001,5,2024-11-27,339,Sports,38.93,Sai Iyer,34,Female,2022-10-04,Product_031,Grocery,3035.94,111
T000179,U0071,P038,203.14,Credit Card,2024-12-21,73.29333333333334,9,2024-12-21,315,Beauty,156.49,Kabir Roy,34,Female,2022-01-10,Product_038,Home,393.65,58
T000179,U0071,P038,203.14,Credit Card,2024-12-21,73.29333333333334,9,2024-12-21,315,Books,36.11,Kabir Roy,34,Female,2022-01-10,Product_038,Home,393.65,58
T000179,U0071,P038,203.14,Credit Card,2024-12-21,73.29333333333334,9,2024-12-21,315,Electronics,52.49,Kabir Roy,34,Female,2022-01-10,Product_038,Home,393.65,58
T000179,U0071,P038,203.14,Credit Card,2024-12-21,73.29333333333334,9,2024-12-21,315,Grocery,29.53,Kabir Roy,34,Female,2022-01-10,Product_038,Home,393.65,58
T000179,U0071,P038,203.14,Credit Card,2024-12-21,73.29333333333334,9,2024-12-21,315,Home,299.53,Kabir Roy,34,Female,2022-01-10,Product_038,Home,393.65,58
T000179,U0071,P038,203.14,Credit Card,2024-12-21,73.29333333333334,9,2024-12-21,315,Sports,85.49,Kabir Roy,34,Female,2022-01-10,Product_038,Home,393.65,58
T000180,U0130,P005,33.62,UPI,2025-08-03,35.656,5,2025-10-23,9,Books,33.62,Anaya Kapoor,27,Female,2022-03-05,Product_005,Books,1178.99,18
T000180,U0130,P005,33.62,UPI,2025-08-03,35.656,5,2025-10-23,9,Electronics,91.47999999999999,Anaya Kapoor,27,Female,2022-03-05,Product_005,Books,1178.99,18
T000180,U0130,P005,33.62,UPI,2025-08-03,35.656,5,2025-10-23,9,Home,53.18000000000001,Anaya Kapoor,27,Female,2022-03-05,Product_005,Books,1178.99,18
T000181,U0116,P003,32.99,Credit Card,2025-01-25,62.73777777777778,11,2025-06-30,124,Beauty,32.99,Aditya Roy,34,Female,2022-07-19,Product_003,Beauty,3027.98,127
T000181,U0116,P003,32.99,Credit Card,2025-01-25,62.73777777777778,11,2025-06-30,124,Books,35.78,Aditya Roy,34,Female,2022-07-19,Product_003,Beauty,3027.98,127
T000181,U0116,P003,32.99,Credit Card,2025-01-25,62.73777777777778,11,2025-06-30,124,Clothing,159.60999999999999,Aditya Roy,34,Female,2022-07-19,Product_003,Beauty,3027.98,127
T000181,U0116,P003,32.99,Credit Card,2025-01-25,62.73777777777778,11,2025-06-30,124,Electronics,56.14,Aditya Roy,34,Female,2022-07-19,Product_003,Beauty,3027.98,127
T000181,U0116,P003,32.99,Credit Card,2025-01-25,62.73777777777778,11,2025-06-30,124,Home,168.49,Aditya Roy,34,Female,2022-07-19,Product_003,Beauty,3027.98,127
T000181,U0116,P003,32.99,Credit Card,2025-01-25,62.73777777777778,11,2025-06-30,124,Sports,111.63,Aditya Roy,34,Female,2022-07-19,Product_003,Beauty,3027.98,127
T000182,U0074,P005,38.11,Wallet,2023-07-04,60.69333333333333,6,2025-02-16,258,Books,133.3,Diya Gupta,44,Male,2022-10-19,Product_005,Books,1178.99,18
T000182,U0074,P005,38.11,Wallet,2023-07-04,60.69333333333333,6,2025-02-16,258,Grocery,79.6,Diya Gupta,44,Male,2022-10-19,Product_005,Books,1178.99,18
T000182,U0074,P005,38.11,Wallet,2023-07-04,60.69333333333333,6,2025-02-16,258,Home,74.37,Diya Gupta,44,Male,2022-10-19,Product_005,Books,1178.99,18
T000182,U0074,P005,38.11,Wallet,2023-07-04,60.69333333333333,6,2025-02-16,258,Sports,76.89,Diya Gupta,44,Male,2022-10-19,Product_005,Books,1178.99,18
T000183,U0158,P039,15.27,Cash,2025-02-26,68.458,5,2025-05-29,156,Beauty,129.83,Saanvi Khan,35,Female,2024-04-30,Product_039,Grocery,4167.72,453
T000183,U0158,P039,15.27,Cash,2025-02-26,68.458,5,2025-05-29,156,Grocery,15.27,Saanvi Khan,35,Female,2024-04-30,Product_039,Grocery,4167.72,453
T000183,U0158,P039,15.27,Cash,2025-02-26,68.458,5,2025-05-29,156,Home,70.67,Saanvi Khan,35,Female,2024-04-30,Product_039,Grocery,4167.72,453
T000183,U0158,P039,15.27,Cash,2025-02-26,68.458,5,2025-05-29,156,Toys,126.52000000000001,Saanvi Khan,35,Female,2024-04-30,Product_039,Grocery,4167.72,453
T000184,U0119,P038,39.83,Cash,2023-03-26,114.93666666666667,6,2025-07-08,116,Beauty,33.16,Ira Roy,41,Male,2022-09-13,Product_038,Home,393.65,58
T000184,U0119,P038,39.83,Cash,2023-03-26,114.93666666666667,6,2025-07-08,116,Books,253.67,Ira Roy,41,Male,2022-09-13,Product_038,Home,393.65,58
T000184,U0119,P038,39.83,Cash,2023-03-26,114.93666666666667,6,2025-07-08,116,Home,238.55,Ira Roy,41,Male,2022-09-13,Product_038,Home,393.65,58
T000184,U0119,P038,39.83,Cash,2023-03-26,114.93666666666667,6,2025-07-08,116,Toys,164.24,Ira Roy,41,Male,2022-09-13,Product_038,Home,393.65,58
T000185,U0116,P037,34.62,Wallet,2024-01-21,62.73777777777778,11,2025-06-30,124,Beauty,32.99,Aditya Roy,34,Female,2022-07-19,Product_037,Clothing,1750.62,496
T000185,U0116,P037,34.62,Wallet,2024-01-21,62.73777777777778,11,2025-06-30,124,Books,35.78,Aditya Roy,34,Female,2022-07-19,Product_037,Clothing,1750.62,496
T000185,U0116,P037,34.62,Wallet,2024-01-21,62.73777777777778,11,2025-06-30,124,Clothing,159.60999999999999,Aditya Roy,34,Female,2022-07-19,Product_037,Clothing,1750.62,496
T000185,U0116,P037,34.62,Wallet,2024-01-21,62.73777777777778,11,2025-06-30,124,Electronics,56.14,Aditya Roy,34,Female,2022-07-19,Product_037,Clothing,1750.62,496
T000185,U0116,P037,34.62,Wallet,2024-01-21,62.73777777777778,11,2025-06-30,124,Home,168.49,Aditya Roy,34,Female,2022-07-19,Product_037,Clothing,1750.62,496
T000185,U0116,P037,34.62,Wallet,2024-01-21,62.73777777777778,11,2025-06-30,124,Sports,111.63,Aditya Roy,34,Female,2022-07-19,Product_037,Clothing,1750.62,496
T000186,U0083,P039,59.75,Net Banking,2025-10-23,59.12375,8,2025-10-23,9,Books,103.51,Arjun Khan,43,Male,2023-07-19,Product_039,Grocery,4167.72,453
T000186,U0083,P039,59.75,Net Banking,2025-10-23,59.12375,8,2025-10-23,9,Clothing,71.42,Arjun Khan,43,Male,2023-07-19,Product_039,Grocery,4167.72,453
T000186,U0083,P039,59.75,Net Banking,2025-10-23,59.12375,8,2025-10-23,9,Grocery,99.24000000000001,Arjun Khan,43,Male,2023-07-19,Product_039,Grocery,4167.72,453
T000186,U0083,P039,59.75,Net Banking,2025-10-23,59.12375,8,2025-10-23,9,Home,140.98,Arjun Khan,43,Male,2023-07-19,Product_039,Grocery,4167.72,453
T000186,U0083,P039,59.75,Net Banking,2025-10-23,59.12375,8,2025-10-23,9,Toys,57.84,Arjun Khan,43,Male,2023-07-19,Product_039,Grocery,4167.72,453
T000187,U0039,P004,67.02,Net Banking,2023-07-31,61.31,6,2025-09-18,44,Books,24.26,Meera Gupta,21,Other,2022-05-12,Product_004,Toys,2600.12,229
T000187,U0039,P004,67.02,Net Banking,2023-07-31,61.31,6,2025-09-18,44,Clothing,97.15,Meera Gupta,21,Other,2022-05-12,Product_004,Toys,2600.12,229
T000187,U0039,P004,67.02,Net Banking,2023-07-31,61.31,6,2025-09-18,44,Sports,49.9,Meera Gupta,21,Other,2022-05-12,Product_004,Toys,2600.12,229
T000187,U0039,P004,67.02,Net Banking,2023-07-31,61.31,6,2025-09-18,44,Toys,135.24,Meera Gupta,21,Other,2022-05-12,Product_004,Toys,2600.12,229
T000188,U0088,P046,168.29,Credit Card,2025-10-30,104.09666666666665,3,2025-10-30,2,Electronics,43.93,Sai Patel,34,Female,2024-06-24,Product_046,Toys,4970.99,267
T000188,U0088,P046,168.29,Credit Card,2025-10-30,104.09666666666665,3,2025-10-30,2,Home,100.07,Sai Patel,34,Female,2024-06-24,Product_046,Toys,4970.99,267
T000188,U0088,P046,168.29,Credit Card,2025-10-30,104.09666666666665,3,2025-10-30,2,Toys,168.29,Sai Patel,34,Female,2024-06-24,Product_046,Toys,4970.99,267
T000189,U0166,P012,96.57,Credit Card,2024-05-22,83.738,5,2025-04-23,192,Books,132.34,Meera Roy,35,Male,2022-10-29,Product_012,Sports,4263.31,176
T000189,U0166,P012,96.57,Credit Card,2024-05-22,83.738,5,2025-04-23,192,Home,189.78,Meera Roy,35,Male,2022-10-29,Product_012,Sports,4263.31,176
T000189,U0166,P012,96.57,Credit Card,2024-05-22,83.738,5,2025-04-23,192,Sports,96.57,Meera Roy,35,Male,2022-10-29,Product_012,Sports,4263.31,176
T000190,U0182,P029,38.62,Net Banking,2023-11-22,73.22555555555556,11,2025-10-28,4,Books,104.02,Vivaan Reddy,25,Male,2024-08-29,Product_029,Clothing,128.31,289
T000190,U0182,P029,38.62,Net Banking,2023-11-22,73.22555555555556,11,2025-10-28,4,Clothing,236.67,Vivaan Reddy,25,Male,2024-08-29,Product_029,Clothing,128.31,289
T000190,U0182,P029,38.62,Net Banking,2023-11-22,73.22555555555556,11,2025-10-28,4,Grocery,55.53,Vivaan Reddy,25,Male,2024-08-29,Product_029,Clothing,128.31,289
T000190,U0182,P029,38.62,Net Banking,2023-11-22,73.22555555555556,11,2025-10-28,4,Home,262.81,Vivaan Reddy,25,Male,2024-08-29,Product_029,Clothing,128.31,289
T000191,U0094,P024,31.85,UPI,2025-03-04,63.004,5,2025-07-26,98,Beauty,74.34,Kabir Ghosh,29,Male,2023-11-07,Product_024,Home,2509.0,267
T000191,U0094,P024,31.85,UPI,2025-03-04,63.004,5,2025-07-26,98,Books,161.98,Kabir Ghosh,29,Male,2023-11-07,Product_024,Home,2509.0,267
T000191,U0094,P024,31.85,UPI,2025-03-04,63.004,5,2025-07-26,98,Home,31.85,Kabir Ghosh,29,Male,2023-11-07,Product_024,Home,2509.0,267
T000191,U0094,P024,31.85,UPI,2025-03-04,63.004,5,2025-07-26,98,Sports,37.25,Kabir Ghosh,29,Male,2023-11-07,Product_024,Home,2509.0,267
T000191,U0094,P024,31.85,UPI,2025-03-04,63.004,5,2025-07-26,98,Toys,9.6,Kabir Ghosh,29,Male,2023-11-07,Product_024,Home,2509.0,267
T000192,U0105,P050,73.34,UPI,2023-04-18,98.976,6,2025-05-10,175,Beauty,202.88,Kabir Amin,30,Female,2022-12-01,Product_050,Toys,2833.37,45
T000192,U0105,P050,73.34,UPI,2023-04-18,98.976,6,2025-05-10,175,Grocery,134.56,Kabir Amin,30,Female,2022-12-01,Product_050,Toys,2833.37,45
T000192,U0105,P050,73.34,UPI,2023-04-18,98.976,6,2025-05-10,175,Sports,84.1,Kabir Amin,30,Female,2022-12-01,Product_050,Toys,2833.37,45
T000192,U0105,P050,73.34,UPI,2023-04-18,98.976,6,2025-05-10,175,Toys,73.34,Kabir Amin,30,Female,2022-12-01,Product_050,Toys,2833.37,45
T000193,U0162,P042,24.73,UPI,2023-05-15,61.4,6,2025-02-22,252,Books,15.74,Muhammad Mehta,38,Female,2022-10-14,Product_042,Home,4406.39,59
T000193,U0162,P042,24.73,UPI,2023-05-15,61.4,6,2025-02-22,252,Clothing,134.48,Muhammad Mehta,38,Female,2022-10-14,Product_042,Home,4406.39,59
T000193,U0162,P042,24.73,UPI,2023-05-15,61.4,6,2025-02-22,252,Grocery,47.37,Muhammad Mehta,38,Female,2022-10-14,Product_042,Home,4406.39,59
T000193,U0162,P042,24.73,UPI,2023-05-15,61.4,6,2025-02-22,252,Home,24.73,Muhammad Mehta,38,Female,2022-10-14,Product_042,Home,4406.39,59
T000193,U0162,P042,24.73,UPI,2023-05-15,61.4,6,2025-02-22,252,Sports,84.68,Muhammad Mehta,38,Female,2022-10-14,Product_042,Home,4406.39,59
T000194,U0085,P007,163.84,Cash,2025-03-02,65.51666666666667,6,2025-07-10,114,Beauty,33.94,Arjun Kapoor,25,Male,2023-08-20,Product_007,Books,2084.59,134
T000194,U0085,P007,163.84,Cash,2025-03-02,65.51666666666667,6,2025-07-10,114,Books,229.31,Arjun Kapoor,25,Male,2023-08-20,Product_007,Books,2084.59,134
T000194,U0085,P007,163.84,Cash,2025-03-02,65.51666666666667,6,2025-07-10,114,Clothing,55.21,Arjun Kapoor,25,Male,2023-08-20,Product_007,Books,2084.59,134
T000194,U0085,P007,163.84,Cash,2025-03-02,65.51666666666667,6,2025-07-10,114,Electronics,28.28,Arjun Kapoor,25,Male,2023-08-20,Product_007,Books,2084.59,134
T000194,U0085,P007,163.84,Cash,2025-03-02,65.51666666666667,6,2025-07-10,114,Home,46.36,Arjun Kapoor,25,Male,2023-08-20,Product_007,Books,2084.59,134
T000195,U0073,P017,110.79,Wallet,2023-11-04,84.952,5,2025-10-16,16,Beauty,110.79,Aarohi Das,31,Other,2022-05-16,Product_017,Beauty,3697.53,235
T000195,U0073,P017,110.79,Wallet,2023-11-04,84.952,5,2025-10-16,16,Books,98.9,Aarohi Das,31,Other,2022-05-16,Product_017,Beauty,3697.53,235
T000195,U0073,P017,110.79,Wallet,2023-11-04,84.952,5,2025-10-16,16,Clothing,110.78,Aarohi Das,31,Other,2022-05-16,Product_017,Beauty,3697.53,235
T000195,U0073,P017,110.79,Wallet,2023-11-04,84.952,5,2025-10-16,16,Grocery,104.29,Aarohi Das,31,Other,2022-05-16,Product_017,Beauty,3697.53,235
T000196,U0086,P006,41.2,Cash,2023-10-17,87.285,4,2025-10-08,24,Books,74.37,Aarohi Reddy,27,Female,2022-02-12,Product_006,Clothing,3250.7,481
T000196,U0086,P006,41.2,Cash,2023-10-17,87.285,4,2025-10-08,24,Clothing,41.2,Aarohi Reddy,27,Female,2022-02-12,Product_006,Clothing,3250.7,481
T000196,U0086,P006,41.2,Cash,2023-10-17,87.285,4,2025-10-08,24,Grocery,125.12,Aarohi Reddy,27,Female,2022-02-12,Product_006,Clothing,3250.7,481
T000196,U0086,P006,41.2,Cash,2023-10-17,87.285,4,2025-10-08,24,Home,108.45,Aarohi Reddy,27,Female,2022-02-12,Product_006,Clothing,3250.7,481
T000197,U0090,P020,19.53,Wallet,2025-03-13,57.08,5,2025-03-13,233,Books,97.86,Sai Iyer,36,Male,2022-01-26,Product_020,Toys,1595.75,428
T000197,U0090,P020,19.53,Wallet,2025-03-13,57.08,5,2025-03-13,233,Electronics,98.55,Sai Iyer,36,Male,2022-01-26,Product_020,Toys,1595.75,428
T000197,U0090,P020,19.53,Wallet,2025-03-13,57.08,5,2025-03-13,233,Home,27.84,Sai Iyer,36,Male,2022-01-26,Product_020,Toys,1595.75,428
T000197,U0090,P020,19.53,Wallet,2025-03-13,57.08,5,2025-03-13,233,Sports,41.62,Sai Iyer,36,Male,2022-01-26,Product_020,Toys,1595.75,428
T000197,U0090,P020,19.53,Wallet,2025-03-13,57.08,5,2025-03-13,233,Toys,19.53,Sai Iyer,36,Male,2022-01-26,Product_020,Toys,1595.75,428
T000198,U0034,P039,123.02,Wallet,2023-06-23,85.23375,9,2025-10-27,5,Beauty,103.98,Vihaan Singh,23,Other,2023-09-16,Product_039,Grocery,4167.72,453
T000198,U0034,P039,123.02,Wallet,2023-06-23,85.23375,9,2025-10-27,5,Books,84.49,Vihaan Singh,23,Other,2023-09-16,Product_039,Grocery,4167.72,453
T000198,U0034,P039,123.02,Wallet,2023-06-23,85.23375,9,2025-10-27,5,Clothing,51.52,Vihaan Singh,23,Other,2023-09-16,Product_039,Grocery,4167.72,453
T000198,U0034,P039,123.02,Wallet,2023-06-23,85.23375,9,2025-10-27,5,Electronics,39.12,Vihaan Singh,23,Other,2023-09-16,Product_039,Grocery,4167.72,453
T000198,U0034,P039,123.02,Wallet,2023-06-23,85.23375,9,2025-10-27,5,Grocery,247.26999999999998,Vihaan Singh,23,Other,2023-09-16,Product_039,Grocery,4167.72,453
T000198,U0034,P039,123.02,Wallet,2023-06-23,85.23375,9,2025-10-27,5,Home,46.11,Vihaan Singh,23,Other,2023-09-16,Product_039,Grocery,4167.72,453
T000198,U0034,P039,123.02,Wallet,2023-06-23,85.23375,9,2025-10-27,5,Sports,109.38,Vihaan Singh,23,Other,2023-09-16,Product_039,Grocery,4167.72,453
T000199,U0080,P036,50.97,Net Banking,2024-11-03,62.012857142857136,7,2025-04-15,200,Clothing,59.05,Ishaan Amin,18,Female,2024-07-16,Product_036,Sports,1650.69,388
T000199,U0080,P036,50.97,Net Banking,2024-11-03,62.012857142857136,7,2025-04-15,200,Electronics,101.83,Ishaan Amin,18,Female,2024-07-16,Product_036,Sports,1650.69,388
T000199,U0080,P036,50.97,Net Banking,2024-11-03,62.012857142857136,7,2025-04-15,200,Grocery,138.17,Ishaan Amin,18,Female,2024-07-16,Product_036,Sports,1650.69,388
T000199,U0080,P036,50.97,Net Banking,2024-11-03,62.012857142857136,7,2025-04-15,200,Home,43.27,Ishaan Amin,18,Female,2024-07-16,Product_036,Sports,1650.69,388
T000199,U0080,P036,50.97,Net Banking,2024-11-03,62.012857142857136,7,2025-04-15,200,Sports,91.77,Ishaan Amin,18,Female,2024-07-16,Product_036,Sports,1650.69,388
T000200,U0033,P043,114.74,Wallet,2023-07-11,83.705,7,2025-02-03,271,Books,134.43,Ishaan Amin,31,Male,2024-07-23,Product_043,Home,3416.65,309
T000200,U0033,P043,114.74,Wallet,2023-07-11,83.705,7,2025-02-03,271,Clothing,111.84,Ishaan Amin,31,Male,2024-07-23,Product_043,Home,3416.65,309
T000200,U0033,P043,114.74,Wallet,2023-07-11,83.705,7,2025-02-03,271,Home,147.03,Ishaan Amin,31,Male,2024-07-23,Product_043,Home,3416.65,309
T000200,U0033,P043,114.74,Wallet,2023-07-11,83.705,7,2025-02-03,271,Sports,51.74,Ishaan Amin,31,Male,2024-07-23,Product_043,Home,3416.65,309
T000200,U0033,P043,114.74,Wallet,2023-07-11,83.705,7,2025-02-03,271,Toys,57.19,Ishaan Amin,31,Male,2024-07-23,Product_043,Home,3416.65,309
T000201,U0166,P043,20.98,Net Banking,2025-01-11,83.738,5,2025-04-23,192,Books,132.34,Meera Roy,35,Male,2022-10-29,Product_043,Home,3416.65,309
T000201,U0166,P043,20.98,Net Banking,2025-01-11,83.738,5,2025-04-23,192,Home,189.78,Meera Roy,35,Male,2022-10-29,Product_043,Home,3416.65,309
T000201,U0166,P043,20.98,Net Banking,2025-01-11,83.738,5,2025-04-23,192,Sports,96.57,Meera Roy,35,Male,2022-10-29,Product_043,Home,3416.65,309
T000202,U0005,P024,38.11,UPI,2024-01-05,57.94833333333333,6,2025-06-22,132,Beauty,103.03,Sara Sharma,30,Other,2024-01-04,Product_024,Home,2509.0,267
T000202,U0005,P024,38.11,UPI,2024-01-05,57.94833333333333,6,2025-06-22,132,Books,68.07,Sara Sharma,30,Other,2024-01-04,Product_024,Home,2509.0,267
T000202,U0005,P024,38.11,UPI,2024-01-05,57.94833333333333,6,2025-06-22,132,Clothing,48.34,Sara Sharma,30,Other,2024-01-04,Product_024,Home,2509.0,267
T000202,U0005,P024,38.11,UPI,2024-01-05,57.94833333333333,6,2025-06-22,132,Home,128.25,Sara Sharma,30,Other,2024-01-04,Product_024,Home,2509.0,267
T000203,U0055,P022,54.77,Net Banking,2024-01-29,200.54,2,2025-10-02,30,Electronics,54.77,Ishaan Roy,40,Male,2023-03-30,Product_022,Electronics,3207.91,466
T000203,U0055,P022,54.77,Net Banking,2024-01-29,200.54,2,2025-10-02,30,Grocery,346.31,Ishaan Roy,40,Male,2023-03-30,Product_022,Electronics,3207.91,466
T000204,U0058,P009,56.16,Debit Card,2023-06-08,52.6725,4,2025-05-02,183,Books,39.71,Meera Joshi,29,Male,2024-07-13,Product_009,Clothing,1799.44,163
T000204,U0058,P009,56.16,Debit Card,2023-06-08,52.6725,4,2025-05-02,183,Clothing,56.16,Meera Joshi,29,Male,2024-07-13,Product_009,Clothing,1799.44,163
T000204,U0058,P009,56.16,Debit Card,2023-06-08,52.6725,4,2025-05-02,183,Grocery,53.39,Meera Joshi,29,Male,2024-07-13,Product_009,Clothing,1799.44,163
T000204,U0058,P009,56.16,Debit Card,2023-06-08,52.6725,4,2025-05-02,183,Home,61.43,Meera Joshi,29,Male,2024-07-13,Product_009,Clothing,1799.44,163
T000205,U0076,P007,41.68,Cash,2023-03-19,71.53428571428572,7,2025-10-13,19,Books,240.39999999999998,Ira Sharma,38,Other,2022-11-03,Product_007,Books,2084.59,134
T000205,U0076,P007,41.68,Cash,2023-03-19,71.53428571428572,7,2025-10-13,19,Clothing,60.89,Ira Sharma,38,Other,2022-11-03,Product_007,Books,2084.59,134
T000205,U0076,P007,41.68,Cash,2023-03-19,71.53428571428572,7,2025-10-13,19,Electronics,59.75,Ira Sharma,38,Other,2022-11-03,Product_007,Books,2084.59,134
T000205,U0076,P007,41.68,Cash,2023-03-19,71.53428571428572,7,2025-10-13,19,Grocery,86.16,Ira Sharma,38,Other,2022-11-03,Product_007,Books,2084.59,134
T000205,U0076,P007,41.68,Cash,2023-03-19,71.53428571428572,7,2025-10-13,19,Sports,53.54,Ira Sharma,38,Other,2022-11-03,Product_007,Books,2084.59,134
T000206,U0170,P022,79.34,Cash,2023-09-26,99.21571428571428,7,2025-07-02,122,Books,172.16,Diya Roy,25,Female,2022-09-15,Product_022,Electronics,3207.91,466
T000206,U0170,P022,79.34,Cash,2023-09-26,99.21571428571428,7,2025-07-02,122,Electronics,79.34,Diya Roy,25,Female,2022-09-15,Product_022,Electronics,3207.91,466
T000206,U0170,P022,79.34,Cash,2023-09-26,99.21571428571428,7,2025-07-02,122,Grocery,110.02,Diya Roy,25,Female,2022-09-15,Product_022,Electronics,3207.91,466
T000206,U0170,P022,79.34,Cash,2023-09-26,99.21571428571428,7,2025-07-02,122,Home,292.81,Diya Roy,25,Female,2022-09-15,Product_022,Electronics,3207.91,466
T000206,U0170,P022,79.34,Cash,2023-09-26,99.21571428571428,7,2025-07-02,122,Toys,40.18,Diya Roy,25,Female,2022-09-15,Product_022,Electronics,3207.91,466
T000207,U0153,P025,28.77,Debit Card,2023-11-29,57.984,5,2025-07-26,98,Beauty,50.63,Diya Gupta,26,Other,2022-01-13,Product_025,Electronics,1408.97,272
T000207,U0153,P025,28.77,Debit Card,2023-11-29,57.984,5,2025-07-26,98,Electronics,28.77,Diya Gupta,26,Other,2022-01-13,Product_025,Electronics,1408.97,272
T000207,U0153,P025,28.77,Debit Card,2023-11-29,57.984,5,2025-07-26,98,Grocery,160.31,Diya Gupta,26,Other,2022-01-13,Product_025,Electronics,1408.97,272
T000207,U0153,P025,28.77,Debit Card,2023-11-29,57.984,5,2025-07-26,98,Toys,50.21,Diya Gupta,26,Other,2022-01-13,Product_025,Electronics,1408.97,272
T000208,U0047,P045,50.13,Cash,2023-12-06,40.7375,4,2025-10-04,28,Books,52.54,Anaya Gupta,28,Other,2022-10-13,Product_045,Grocery,992.11,139
T000208,U0047,P045,50.13,Cash,2023-12-06,40.7375,4,2025-10-04,28,Grocery,86.52000000000001,Anaya Gupta,28,Other,2022-10-13,Product_045,Grocery,992.11,139
T000208,U0047,P045,50.13,Cash,2023-12-06,40.7375,4,2025-10-04,28,Home,23.89,Anaya Gupta,28,Other,2022-10-13,Product_045,Grocery,992.11,139
T000209,U0185,P029,58.68,Credit Card,2025-04-21,72.525,4,2025-09-10,52,Books,40.7,Ira Bose,30,Female,2022-11-01,Product_029,Clothing,128.31,289
T000209,U0185,P029,58.68,Credit Card,2025-04-21,72.525,4,2025-09-10,52,Clothing,58.68,Ira Bose,30,Female,2022-11-01,Product_029,Clothing,128.31,289
T000209,U0185,P029,58.68,Credit Card,2025-04-21,72.525,4,2025-09-10,52,Sports,61.06,Ira Bose,30,Female,2022-11-01,Product_029,Clothing,128.31,289
T000209,U0185,P029,58.68,Credit Card,2025-04-21,72.525,4,2025-09-10,52,Toys,129.66,Ira Bose,30,Female,2022-11-01,Product_029,Clothing,128.31,289
T000210,U0094,P044,74.34,Wallet,2024-05-01,63.004,5,2025-07-26,98,Beauty,74.34,Kabir Ghosh,29,Male,2023-11-07,Product_044,Beauty,1655.45,268
T000210,U0094,P044,74.34,Wallet,2024-05-01,63.004,5,2025-07-26,98,Books,161.98,Kabir Ghosh,29,Male,2023-11-07,Product_044,Beauty,1655.45,268
T000210,U0094,P044,74.34,Wallet,2024-05-01,63.004,5,2025-07-26,98,Home,31.85,Kabir Ghosh,29,Male,2023-11-07,Product_044,Beauty,1655.45,268
T000210,U0094,P044,74.34,Wallet,2024-05-01,63.004,5,2025-07-26,98,Sports,37.25,Kabir Ghosh,29,Male,2023-11-07,Product_044,Beauty,1655.45,268
T000210,U0094,P044,74.34,Wallet,2024-05-01,63.004,5,2025-07-26,98,Toys,9.6,Kabir Ghosh,29,Male,2023-11-07,Product_044,Beauty,1655.45,268
T000211,U0114,P040,83.68,UPI,2025-07-08,72.976,7,2025-09-19,43,Beauty,29.56,Sai Singh,51,Male,2022-05-31,Product_040,Grocery,4011.76,36
T000211,U0114,P040,83.68,UPI,2025-07-08,72.976,7,2025-09-19,43,Books,126.61000000000001,Sai Singh,51,Male,2022-05-31,Product_040,Grocery,4011.76,36
T000211,U0114,P040,83.68,UPI,2025-07-08,72.976,7,2025-09-19,43,Electronics,41.06,Sai Singh,51,Male,2022-05-31,Product_040,Grocery,4011.76,36
T000211,U0114,P040,83.68,UPI,2025-07-08,72.976,7,2025-09-19,43,Grocery,83.68,Sai Singh,51,Male,2022-05-31,Product_040,Grocery,4011.76,36
T000211,U0114,P040,83.68,UPI,2025-07-08,72.976,7,2025-09-19,43,Home,83.97,Sai Singh,51,Male,2022-05-31,Product_040,Grocery,4011.76,36
T000212,U0060,P035,27.8,Debit Card,2024-09-25,47.62,2,2024-09-25,402,Grocery,67.44,Ishaan Roy,39,Female,2023-12-15,Product_035,Sports,2998.97,82
T000212,U0060,P035,27.8,Debit Card,2024-09-25,47.62,2,2024-09-25,402,Sports,27.8,Ishaan Roy,39,Female,2023-12-15,Product_035,Sports,2998.97,82
T000213,U0121,P013,21.75,UPI,2025-06-21,54.67714285714286,7,2025-08-18,75,Beauty,62.35,Ira Kapoor,38,Other,2024-08-30,Product_013,Beauty,3354.37,155
T000213,U0121,P013,21.75,UPI,2025-06-21,54.67714285714286,7,2025-08-18,75,Books,79.14,Ira Kapoor,38,Other,2024-08-30,Product_013,Beauty,3354.37,155
T000213,U0121,P013,21.75,UPI,2025-06-21,54.67714285714286,7,2025-08-18,75,Grocery,30.6,Ira Kapoor,38,Other,2024-08-30,Product_013,Beauty,3354.37,155
T000213,U0121,P013,21.75,UPI,2025-06-21,54.67714285714286,7,2025-08-18,75,Home,111.39,Ira Kapoor,38,Other,2024-08-30,Product_013,Beauty,3354.37,155
T000213,U0121,P013,21.75,UPI,2025-06-21,54.67714285714286,7,2025-08-18,75,Toys,99.26,Ira Kapoor,38,Other,2024-08-30,Product_013,Beauty,3354.37,155
T000214,U0119,P050,117.52,UPI,2025-02-21,114.93666666666667,6,2025-07-08,116,Beauty,33.16,Ira Roy,41,Male,2022-09-13,Product_050,Toys,2833.37,45
T000214,U0119,P050,117.52,UPI,2025-02-21,114.93666666666667,6,2025-07-08,116,Books,253.67,Ira Roy,41,Male,2022-09-13,Product_050,Toys,2833.37,45
T000214,U0119,P050,117.52,UPI,2025-02-21,114.93666666666667,6,2025-07-08,116,Home,238.55,Ira Roy,41,Male,2022-09-13,Product_050,Toys,2833.37,45
T000214,U0119,P050,117.52,UPI,2025-02-21,114.93666666666667,6,2025-07-08,116,Toys,164.24,Ira Roy,41,Male,2022-09-13,Product_050,Toys,2833.37,45
T000215,U0129,P034,66.65,Net Banking,2023-11-28,73.32000000000001,7,2025-03-01,245,Beauty,26.4,Arjun Das,32,Male,2023-02-22,Product_034,Books,474.01,362
T000215,U0129,P034,66.65,Net Banking,2023-11-28,73.32000000000001,7,2025-03-01,245,Books,66.65,Arjun Das,32,Male,2023-02-22,Product_034,Books,474.01,362
T000215,U0129,P034,66.65,Net Banking,2023-11-28,73.32000000000001,7,2025-03-01,245,Clothing,93.42,Arjun Das,32,Male,2023-02-22,Product_034,Books,474.01,362
T000215,U0129,P034,66.65,Net Banking,2023-11-28,73.32000000000001,7,2025-03-01,245,Home,207.53,Arjun Das,32,Male,2023-02-22,Product_034,Books,474.01,362
T000215,U0129,P034,66.65,Net Banking,2023-11-28,73.32000000000001,7,2025-03-01,245,Sports,45.92,Arjun Das,32,Male,2023-02-22,Product_034,Books,474.01,362
T000216,U0052,P039,34.84,Debit Card,2024-05-27,69.11,12,2025-10-08,24,Beauty,57.08,Vivaan Patel,28,Male,2024-01-16,Product_039,Grocery,4167.72,453
T000216,U0052,P039,34.84,Debit Card,2024-05-27,69.11,12,2025-10-08,24,Books,122.91999999999999,Vivaan Patel,28,Male,2024-01-16,Product_039,Grocery,4167.72,453
T000216,U0052,P039,34.84,Debit Card,2024-05-27,69.11,12,2025-10-08,24,Clothing,157.13,Vivaan Patel,28,Male,2024-01-16,Product_039,Grocery,4167.72,453
T000216,U0052,P039,34.84,Debit Card,2024-05-27,69.11,12,2025-10-08,24,Electronics,134.35,Vivaan Patel,28,Male,2024-01-16,Product_039,Grocery,4167.72,453
T000216,U0052,P039,34.84,Debit Card,2024-05-27,69.11,12,2025-10-08,24,Grocery,97.29,Vivaan Patel,28,Male,2024-01-16,Product_039,Grocery,4167.72,453
T000216,U0052,P039,34.84,Debit Card,2024-05-27,69.11,12,2025-10-08,24,Home,191.44,Vivaan Patel,28,Male,2024-01-16,Product_039,Grocery,4167.72,453
T000217,U0014,P042,138.48,Net Banking,2025-01-30,114.965,5,2025-01-30,275,Beauty,227.37,Sai Singh,18,Male,2024-06-06,Product_042,Home,4406.39,59
T000217,U0014,P042,138.48,Net Banking,2025-01-30,114.965,5,2025-01-30,275,Electronics,52.85,Sai Singh,18,Male,2024-06-06,Product_042,Home,4406.39,59
T000217,U0014,P042,138.48,Net Banking,2025-01-30,114.965,5,2025-01-30,275,Home,138.48,Sai Singh,18,Male,2024-06-06,Product_042,Home,4406.39,59
T000217,U0014,P042,138.48,Net Banking,2025-01-30,114.965,5,2025-01-30,275,Sports,41.16,Sai Singh,18,Male,2024-06-06,Product_042,Home,4406.39,59
T000218,U0142,P007,58.52,Wallet,2023-09-13,65.92833333333333,7,2025-09-16,46,Books,58.52,Kiara Khan,42,Male,2022-01-20,Product_007,Books,2084.59,134
T000218,U0142,P007,58.52,Wallet,2023-09-13,65.92833333333333,7,2025-09-16,46,Clothing,53.38,Kiara Khan,42,Male,2022-01-20,Product_007,Books,2084.59,134
T000218,U0142,P007,58.52,Wallet,2023-09-13,65.92833333333333,7,2025-09-16,46,Electronics,82.19,Kiara Khan,42,Male,2022-01-20,Product_007,Books,2084.59,134
T000218,U0142,P007,58.52,Wallet,2023-09-13,65.92833333333333,7,2025-09-16,46,Home,125.42,Kiara Khan,42,Male,2022-01-20,Product_007,Books,2084.59,134
T000218,U0142,P007,58.52,Wallet,2023-09-13,65.92833333333333,7,2025-09-16,46,Toys,76.06,Kiara Khan,42,Male,2022-01-20,Product_007,Books,2084.59,134
T000219,U0073,P006,110.78,Debit Card,2024-07-12,84.952,5,2025-10-16,16,Beauty,110.79,Aarohi Das,31,Other,2022-05-16,Product_006,Clothing,3250.7,481
T000219,U0073,P006,110.78,Debit Card,2024-07-12,84.952,5,2025-10-16,16,Books,98.9,Aarohi Das,31,Other,2022-05-16,Product_006,Clothing,3250.7,481
T000219,U0073,P006,110.78,Debit Card,2024-07-12,84.952,5,2025-10-16,16,Clothing,110.78,Aarohi Das,31,Other,2022-05-16,Product_006,Clothing,3250.7,481
T000219,U0073,P006,110.78,Debit Card,2024-07-12,84.952,5,2025-10-16,16,Grocery,104.29,Aarohi Das,31,Other,2022-05-16,Product_006,Clothing,3250.7,481
T000220,U0116,P033,56.86,Debit Card,2025-06-14,62.73777777777778,11,2025-06-30,124,Beauty,32.99,Aditya Roy,34,Female,2022-07-19,Product_033,Clothing,3874.48,45
T000220,U0116,P033,56.86,Debit Card,2025-06-14,62.73777777777778,11,2025-06-30,124,Books,35.78,Aditya Roy,34,Female,2022-07-19,Product_033,Clothing,3874.48,45
T000220,U0116,P033,56.86,Debit Card,2025-06-14,62.73777777777778,11,2025-06-30,124,Clothing,159.60999999999999,Aditya Roy,34,Female,2022-07-19,Product_033,Clothing,3874.48,45
T000220,U0116,P033,56.86,Debit Card,2025-06-14,62.73777777777778,11,2025-06-30,124,Electronics,56.14,Aditya Roy,34,Female,2022-07-19,Product_033,Clothing,3874.48,45
T000220,U0116,P033,56.86,Debit Card,2025-06-14,62.73777777777778,11,2025-06-30,124,Home,168.49,Aditya Roy,34,Female,2022-07-19,Product_033,Clothing,3874.48,45
T000220,U0116,P033,56.86,Debit Card,2025-06-14,62.73777777777778,11,2025-06-30,124,Sports,111.63,Aditya Roy,34,Female,2022-07-19,Product_033,Clothing,3874.48,45
T000221,U0024,P015,188.0,Net Banking,2024-12-16,75.43,11,2025-08-03,90,Beauty,112.61,Aarohi Kapoor,20,Female,2023-03-15,Product_015,Books,2286.25,251
T000221,U0024,P015,188.0,Net Banking,2024-12-16,75.43,11,2025-08-03,90,Books,313.02,Aarohi Kapoor,20,Female,2023-03-15,Product_015,Books,2286.25,251
T000221,U0024,P015,188.0,Net Banking,2024-12-16,75.43,11,2025-08-03,90,Clothing,89.07000000000001,Aarohi Kapoor,20,Female,2023-03-15,Product_015,Books,2286.25,251
T000221,U0024,P015,188.0,Net Banking,2024-12-16,75.43,11,2025-08-03,90,Electronics,62.27,Aarohi Kapoor,20,Female,2023-03-15,Product_015,Books,2286.25,251
T000221,U0024,P015,188.0,Net Banking,2024-12-16,75.43,11,2025-08-03,90,Grocery,55.78,Aarohi Kapoor,20,Female,2023-03-15,Product_015,Books,2286.25,251
T000221,U0024,P015,188.0,Net Banking,2024-12-16,75.43,11,2025-08-03,90,Home,46.12,Aarohi Kapoor,20,Female,2023-03-15,Product_015,Books,2286.25,251
T000222,U0007,P027,156.52,Credit Card,2025-03-22,85.938,5,2025-10-19,13,Clothing,47.02,Ishaan Sharma,44,Male,2022-12-15,Product_027,Toys,2241.45,134
T000222,U0007,P027,156.52,Credit Card,2025-03-22,85.938,5,2025-10-19,13,Electronics,47.71,Ishaan Sharma,44,Male,2022-12-15,Product_027,Toys,2241.45,134
T000222,U0007,P027,156.52,Credit Card,2025-03-22,85.938,5,2025-10-19,13,Grocery,141.4,Ishaan Sharma,44,Male,2022-12-15,Product_027,Toys,2241.45,134
T000222,U0007,P027,156.52,Credit Card,2025-03-22,85.938,5,2025-10-19,13,Home,37.04,Ishaan Sharma,44,Male,2022-12-15,Product_027,Toys,2241.45,134
T000222,U0007,P027,156.52,Credit Card,2025-03-22,85.938,5,2025-10-19,13,Toys,156.52,Ishaan Sharma,44,Male,2022-12-15,Product_027,Toys,2241.45,134
T000223,U0129,P024,47.02,Debit Card,2025-03-01,73.32000000000001,7,2025-03-01,245,Beauty,26.4,Arjun Das,32,Male,2023-02-22,Product_024,Home,2509.0,267
T000223,U0129,P024,47.02,Debit Card,2025-03-01,73.32000000000001,7,2025-03-01,245,Books,66.65,Arjun Das,32,Male,2023-02-22,Product_024,Home,2509.0,267
T000223,U0129,P024,47.02,Debit Card,2025-03-01,73.32000000000001,7,2025-03-01,245,Clothing,93.42,Arjun Das,32,Male,2023-02-22,Product_024,Home,2509.0,267
T000223,U0129,P024,47.02,Debit Card,2025-03-01,73.32000000000001,7,2025-03-01,245,Home,207.53,Arjun Das,32,Male,2023-02-22,Product_024,Home,2509.0,267
T000223,U0129,P024,47.02,Debit Card,2025-03-01,73.32000000000001,7,2025-03-01,245,Sports,45.92,Arjun Das,32,Male,2023-02-22,Product_024,Home,2509.0,267
T000224,U0021,P024,97.8,Debit Card,2023-02-27,83.7875,4,2024-07-16,473,Beauty,117.85,Ishaan Gupta,43,Male,2024-06-16,Product_024,Home,2509.0,267
T000224,U0021,P024,97.8,Debit Card,2023-02-27,83.7875,4,2024-07-16,473,Books,119.5,Ishaan Gupta,43,Male,2024-06-16,Product_024,Home,2509.0,267
T000224,U0021,P024,97.8,Debit Card,2023-02-27,83.7875,4,2024-07-16,473,Home,97.8,Ishaan Gupta,43,Male,2024-06-16,Product_024,Home,2509.0,267
T000225,U0082,P007,80.42,Wallet,2024-11-17,57.357142857142854,7,2025-10-02,30,Books,188.73000000000002,Ishaan Verma,34,Male,2024-02-29,Product_007,Books,2084.59,134
T000225,U0082,P007,80.42,Wallet,2024-11-17,57.357142857142854,7,2025-10-02,30,Electronics,61.47,Ishaan Verma,34,Male,2024-02-29,Product_007,Books,2084.59,134
T000225,U0082,P007,80.42,Wallet,2024-11-17,57.357142857142854,7,2025-10-02,30,Grocery,38.92,Ishaan Verma,34,Male,2024-02-29,Product_007,Books,2084.59,134
T000225,U0082,P007,80.42,Wallet,2024-11-17,57.357142857142854,7,2025-10-02,30,Home,112.38,Ishaan Verma,34,Male,2024-02-29,Product_007,Books,2084.59,134
T000226,U0038,P009,124.11,Credit Card,2024-08-10,95.24666666666667,4,2025-04-23,192,Beauty,33.85,Vivaan Ghosh,18,Other,2022-03-29,Product_009,Clothing,1799.44,163
T000226,U0038,P009,124.11,Credit Card,2024-08-10,95.24666666666667,4,2025-04-23,192,Books,69.62,Vivaan Ghosh,18,Other,2022-03-29,Product_009,Clothing,1799.44,163
T000226,U0038,P009,124.11,Credit Card,2024-08-10,95.24666666666667,4,2025-04-23,192,Clothing,124.11,Vivaan Ghosh,18,Other,2022-03-29,Product_009,Clothing,1799.44,163
T000226,U0038,P009,124.11,Credit Card,2024-08-10,95.24666666666667,4,2025-04-23,192,Toys,58.16,Vivaan Ghosh,18,Other,2022-03-29,Product_009,Clothing,1799.44,163
T000227,U0121,P045,30.6,Debit Card,2025-08-18,54.67714285714286,7,2025-08-18,75,Beauty,62.35,Ira Kapoor,38,Other,2024-08-30,Product_045,Grocery,992.11,139
T000227,U0121,P045,30.6,Debit Card,2025-08-18,54.67714285714286,7,2025-08-18,75,Books,79.14,Ira Kapoor,38,Other,2024-08-30,Product_045,Grocery,992.11,139
T000227,U0121,P045,30.6,Debit Card,2025-08-18,54.67714285714286,7,2025-08-18,75,Grocery,30.6,Ira Kapoor,38,Other,2024-08-30,Product_045,Grocery,992.11,139
T000227,U0121,P045,30.6,Debit Card,2025-08-18,54.67714285714286,7,2025-08-18,75,Home,111.39,Ira Kapoor,38,Other,2024-08-30,Product_045,Grocery,992.11,139
T000227,U0121,P045,30.6,Debit Card,2025-08-18,54.67714285714286,7,2025-08-18,75,Toys,99.26,Ira Kapoor,38,Other,2024-08-30,Product_045,Grocery,992.11,139
T000228,U0115,P040,82.4,Credit Card,2023-06-12,44.77333333333333,6,2025-10-15,17,Books,30.12,Aarav Verma,30,Male,2023-09-18,Product_040,Grocery,4011.76,36
T000228,U0115,P040,82.4,Credit Card,2023-06-12,44.77333333333333,6,2025-10-15,17,Grocery,118.68,Aarav Verma,30,Male,2023-09-18,Product_040,Grocery,4011.76,36
T000228,U0115,P040,82.4,Credit Card,2023-06-12,44.77333333333333,6,2025-10-15,17,Home,80.47,Aarav Verma,30,Male,2023-09-18,Product_040,Grocery,4011.76,36
T000228,U0115,P040,82.4,Credit Card,2023-06-12,44.77333333333333,6,2025-10-15,17,Sports,39.37,Aarav Verma,30,Male,2023-09-18,Product_040,Grocery,4011.76,36
T000229,U0005,P017,103.03,Debit Card,2023-11-03,57.94833333333333,6,2025-06-22,132,Beauty,103.03,Sara Sharma,30,Other,2024-01-04,Product_017,Beauty,3697.53,235
T000229,U0005,P017,103.03,Debit Card,2023-11-03,57.94833333333333,6,2025-06-22,132,Books,68.07,Sara Sharma,30,Other,2024-01-04,Product_017,Beauty,3697.53,235
T000229,U0005,P017,103.03,Debit Card,2023-11-03,57.94833333333333,6,2025-06-22,132,Clothing,48.34,Sara Sharma,30,Other,2024-01-04,Product_017,Beauty,3697.53,235
T000229,U0005,P017,103.03,Debit Card,2023-11-03,57.94833333333333,6,2025-06-22,132,Home,128.25,Sara Sharma,30,Other,2024-01-04,Product_017,Beauty,3697.53,235
T000230,U0141,P047,19.01,Cash,2025-05-16,70.26857142857143,9,2025-09-15,47,Beauty,78.86,Anaya Nair,33,Female,2024-02-10,Product_047,Electronics,1846.57,300
T000230,U0141,P047,19.01,Cash,2025-05-16,70.26857142857143,9,2025-09-15,47,Books,12.19,Anaya Nair,33,Female,2024-02-10,Product_047,Electronics,1846.57,300
T000230,U0141,P047,19.01,Cash,2025-05-16,70.26857142857143,9,2025-09-15,47,Clothing,186.62,Anaya Nair,33,Female,2024-02-10,Product_047,Electronics,1846.57,300
T000230,U0141,P047,19.01,Cash,2025-05-16,70.26857142857143,9,2025-09-15,47,Electronics,168.29999999999998,Anaya Nair,33,Female,2024-02-10,Product_047,Electronics,1846.57,300
T000230,U0141,P047,19.01,Cash,2025-05-16,70.26857142857143,9,2025-09-15,47,Grocery,22.9,Anaya Nair,33,Female,2024-02-10,Product_047,Electronics,1846.57,300
T000230,U0141,P047,19.01,Cash,2025-05-16,70.26857142857143,9,2025-09-15,47,Home,23.01,Anaya Nair,33,Female,2024-02-10,Product_047,Electronics,1846.57,300
T000231,U0029,P050,26.84,UPI,2024-05-01,47.02,3,2025-10-08,24,Clothing,52.74,Sara Roy,27,Other,2024-09-21,Product_050,Toys,2833.37,45
T000231,U0029,P050,26.84,UPI,2024-05-01,47.02,3,2025-10-08,24,Toys,88.32,Sara Roy,27,Other,2024-09-21,Product_050,Toys,2833.37,45
T000232,U0078,P008,16.06,Credit Card,2024-05-03,42.51,4,2024-10-22,375,Books,16.06,Vihaan Kapoor,29,Male,2022-10-16,Product_008,Books,4534.16,161
T000232,U0078,P008,16.06,Credit Card,2024-05-03,42.51,4,2024-10-22,375,Electronics,75.44,Vihaan Kapoor,29,Male,2022-10-16,Product_008,Books,4534.16,161
T000232,U0078,P008,16.06,Credit Card,2024-05-03,42.51,4,2024-10-22,375,Home,40.99,Vihaan Kapoor,29,Male,2022-10-16,Product_008,Books,4534.16,161
T000232,U0078,P008,16.06,Credit Card,2024-05-03,42.51,4,2024-10-22,375,Toys,37.55,Vihaan Kapoor,29,Male,2022-10-16,Product_008,Books,4534.16,161
T000233,U0108,P041,46.45,Cash,2025-07-25,75.902,6,2025-07-25,99,Beauty,108.77,Saanvi Singh,33,Female,2024-05-03,Product_041,Home,3218.83,273
T000233,U0108,P041,46.45,Cash,2025-07-25,75.902,6,2025-07-25,99,Books,48.7,Saanvi Singh,33,Female,2024-05-03,Product_041,Home,3218.83,273
T000233,U0108,P041,46.45,Cash,2025-07-25,75.902,6,2025-07-25,99,Electronics,57.17,Saanvi Singh,33,Female,2024-05-03,Product_041,Home,3218.83,273
T000233,U0108,P041,46.45,Cash,2025-07-25,75.902,6,2025-07-25,99,Grocery,52.21,Saanvi Singh,33,Female,2024-05-03,Product_041,Home,3218.83,273
T000233,U0108,P041,46.45,Cash,2025-07-25,75.902,6,2025-07-25,99,Home,112.66,Saanvi Singh,33,Female,2024-05-03,Product_041,Home,3218.83,273
T000234,U0017,P008,83.98,Net Banking,2023-02-03,91.42,5,2025-09-07,55,Books,83.98,Ishaan Gupta,23,Other,2023-07-01,Product_008,Books,4534.16,161
T000234,U0017,P008,83.98,Net Banking,2023-02-03,91.42,5,2025-09-07,55,Clothing,55.29,Ishaan Gupta,23,Other,2023-07-01,Product_008,Books,4534.16,161
T000234,U0017,P008,83.98,Net Banking,2023-02-03,91.42,5,2025-09-07,55,Electronics,53.77,Ishaan Gupta,23,Other,2023-07-01,Product_008,Books,4534.16,161
T000234,U0017,P008,83.98,Net Banking,2023-02-03,91.42,5,2025-09-07,55,Sports,22.39,Ishaan Gupta,23,Other,2023-07-01,Product_008,Books,4534.16,161
T000234,U0017,P008,83.98,Net Banking,2023-02-03,91.42,5,2025-09-07,55,Toys,150.25,Ishaan Gupta,23,Other,2023-07-01,Product_008,Books,4534.16,161
T000235,U0162,P033,134.48,Cash,2024-05-10,61.4,6,2025-02-22,252,Books,15.74,Muhammad Mehta,38,Female,2022-10-14,Product_033,Clothing,3874.48,45
T000235,U0162,P033,134.48,Cash,2024-05-10,61.4,6,2025-02-22,252,Clothing,134.48,Muhammad Mehta,38,Female,2022-10-14,Product_033,Clothing,3874.48,45
T000235,U0162,P033,134.48,Cash,2024-05-10,61.4,6,2025-02-22,252,Grocery,47.37,Muhammad Mehta,38,Female,2022-10-14,Product_033,Clothing,3874.48,45
T000235,U0162,P033,134.48,Cash,2024-05-10,61.4,6,2025-02-22,252,Home,24.73,Muhammad Mehta,38,Female,2022-10-14,Product_033,Clothing,3874.48,45
T000235,U0162,P033,134.48,Cash,2024-05-10,61.4,6,2025-02-22,252,Sports,84.68,Muhammad Mehta,38,Female,2022-10-14,Product_033,Clothing,3874.48,45
T000236,U0184,P010,57.08,UPI,2025-05-29,95.79,6,2025-07-15,109,Clothing,23.72,Kiara Kulkarni,35,Other,2022-08-20,Product_010,Sports,1315.44,77
T000236,U0184,P010,57.08,UPI,2025-05-29,95.79,6,2025-07-15,109,Home,228.73,Kiara Kulkarni,35,Other,2022-08-20,Product_010,Sports,1315.44,77
T000236,U0184,P010,57.08,UPI,2025-05-29,95.79,6,2025-07-15,109,Sports,322.28999999999996,Kiara Kulkarni,35,Other,2022-08-20,Product_010,Sports,1315.44,77
T000237,U0001,P040,145.06,UPI,2024-05-07,77.47333333333334,3,2024-08-20,438,Beauty,42.43,Vihaan Sharma,35,Other,2022-09-08,Product_040,Grocery,4011.76,36
T000237,U0001,P040,145.06,UPI,2024-05-07,77.47333333333334,3,2024-08-20,438,Electronics,44.93,Vihaan Sharma,35,Other,2022-09-08,Product_040,Grocery,4011.76,36
T000237,U0001,P040,145.06,UPI,2024-05-07,77.47333333333334,3,2024-08-20,438,Grocery,145.06,Vihaan Sharma,35,Other,2022-09-08,Product_040,Grocery,4011.76,36
T000238,U0147,P027,23.85,Debit Card,2023-06-25,61.44818181818182,12,2025-10-25,7,Beauty,40.02,Ishaan Mehta,22,Male,2023-09-14,Product_027,Toys,2241.45,134
T000238,U0147,P027,23.85,Debit Card,2023-06-25,61.44818181818182,12,2025-10-25,7,Books,257.28,Ishaan Mehta,22,Male,2023-09-14,Product_027,Toys,2241.45,134
T000238,U0147,P027,23.85,Debit Card,2023-06-25,61.44818181818182,12,2025-10-25,7,Clothing,32.85,Ishaan Mehta,22,Male,2023-09-14,Product_027,Toys,2241.45,134
T000238,U0147,P027,23.85,Debit Card,2023-06-25,61.44818181818182,12,2025-10-25,7,Electronics,103.53999999999999,Ishaan Mehta,22,Male,2023-09-14,Product_027,Toys,2241.45,134
T000238,U0147,P027,23.85,Debit Card,2023-06-25,61.44818181818182,12,2025-10-25,7,Grocery,77.19,Ishaan Mehta,22,Male,2023-09-14,Product_027,Toys,2241.45,134
T000238,U0147,P027,23.85,Debit Card,2023-06-25,61.44818181818182,12,2025-10-25,7,Home,141.2,Ishaan Mehta,22,Male,2023-09-14,Product_027,Toys,2241.45,134
T000238,U0147,P027,23.85,Debit Card,2023-06-25,61.44818181818182,12,2025-10-25,7,Toys,23.85,Ishaan Mehta,22,Male,2023-09-14,Product_027,Toys,2241.45,134
T000239,U0135,P024,19.65,Credit Card,2023-02-11,66.34857142857143,8,2025-05-02,183,Beauty,105.1,Ishaan Mukherjee,24,Female,2023-02-03,Product_024,Home,2509.0,267
T000239,U0135,P024,19.65,Credit Card,2023-02-11,66.34857142857143,8,2025-05-02,183,Books,63.46,Ishaan Mukherjee,24,Female,2023-02-03,Product_024,Home,2509.0,267
T000239,U0135,P024,19.65,Credit Card,2023-02-11,66.34857142857143,8,2025-05-02,183,Clothing,92.0,Ishaan Mukherjee,24,Female,2023-02-03,Product_024,Home,2509.0,267
T000239,U0135,P024,19.65,Credit Card,2023-02-11,66.34857142857143,8,2025-05-02,183,Grocery,25.77,Ishaan Mukherjee,24,Female,2023-02-03,Product_024,Home,2509.0,267
T000239,U0135,P024,19.65,Credit Card,2023-02-11,66.34857142857143,8,2025-05-02,183,Home,85.44999999999999,Ishaan Mukherjee,24,Female,2023-02-03,Product_024,Home,2509.0,267
T000239,U0135,P024,19.65,Credit Card,2023-02-11,66.34857142857143,8,2025-05-02,183,Toys,92.66,Ishaan Mukherjee,24,Female,2023-02-03,Product_024,Home,2509.0,267
T000240,U0100,P031,52.81,Credit Card,2025-03-03,80.97857142857143,8,2025-08-30,63,Books,84.14,Anaya Mukherjee,30,Other,2022-04-29,Product_031,Grocery,3035.94,111
T000240,U0100,P031,52.81,Credit Card,2025-03-03,80.97857142857143,8,2025-08-30,63,Electronics,63.2,Anaya Mukherjee,30,Other,2022-04-29,Product_031,Grocery,3035.94,111
T000240,U0100,P031,52.81,Credit Card,2025-03-03,80.97857142857143,8,2025-08-30,63,Grocery,52.81,Anaya Mukherjee,30,Other,2022-04-29,Product_031,Grocery,3035.94,111
T000240,U0100,P031,52.81,Credit Card,2025-03-03,80.97857142857143,8,2025-08-30,63,Home,64.62,Anaya Mukherjee,30,Other,2022-04-29,Product_031,Grocery,3035.94,111
T000240,U0100,P031,52.81,Credit Card,2025-03-03,80.97857142857143,8,2025-08-30,63,Sports,189.65,Anaya Mukherjee,30,Other,2022-04-29,Product_031,Grocery,3035.94,111
T000240,U0100,P031,52.81,Credit Card,2025-03-03,80.97857142857143,8,2025-08-30,63,Toys,112.43,Anaya Mukherjee,30,Other,2022-04-29,Product_031,Grocery,3035.94,111
T000241,U0096,P017,68.75,Wallet,2023-02-03,68.59833333333334,6,2025-09-16,46,Beauty,108.61,Aditya Khan,20,Female,2023-02-14,Product_017,Beauty,3697.53,235
T000241,U0096,P017,68.75,Wallet,2023-02-03,68.59833333333334,6,2025-09-16,46,Electronics,58.3,Aditya Khan,20,Female,2023-02-14,Product_017,Beauty,3697.53,235
T000241,U0096,P017,68.75,Wallet,2023-02-03,68.59833333333334,6,2025-09-16,46,Grocery,200.99,Aditya Khan,20,Female,2023-02-14,Product_017,Beauty,3697.53,235
T000241,U0096,P017,68.75,Wallet,2023-02-03,68.59833333333334,6,2025-09-16,46,Toys,43.69,Aditya Khan,20,Female,2023-02-14,Product_017,Beauty,3697.53,235
T000242,U0092,P005,53.54,UPI,2024-05-08,45.8,2,2024-05-08,542,Books,53.54,Reyansh Patel,39,Female,2024-05-29,Product_005,Books,1178.99,18
T000242,U0092,P005,53.54,UPI,2024-05-08,45.8,2,2024-05-08,542,Clothing,38.06,Reyansh Patel,39,Female,2024-05-29,Product_005,Books,1178.99,18
T000243,U0188,P043,15.79,Wallet,2023-08-01,60.9925,8,2025-03-04,242,Books,49.1,Muhammad Das,31,Female,2022-06-10,Product_043,Home,3416.65,309
T000243,U0188,P043,15.79,Wallet,2023-08-01,60.9925,8,2025-03-04,242,Clothing,222.48,Muhammad Das,31,Female,2022-06-10,Product_043,Home,3416.65,309
T000243,U0188,P043,15.79,Wallet,2023-08-01,60.9925,8,2025-03-04,242,Home,142.34,Muhammad Das,31,Female,2022-06-10,Product_043,Home,3416.65,309
T000243,U0188,P043,15.79,Wallet,2023-08-01,60.9925,8,2025-03-04,242,Sports,74.02,Muhammad Das,31,Female,2022-06-10,Product_043,Home,3416.65,309
T000244,U0198,P038,51.76,Wallet,2024-11-11,80.575,3,2025-10-29,3,Beauty,31.38,Kabir Bose,33,Female,2023-07-07,Product_038,Home,393.65,58
T000244,U0198,P038,51.76,Wallet,2024-11-11,80.575,3,2025-10-29,3,Clothing,78.01,Kabir Bose,33,Female,2023-07-07,Product_038,Home,393.65,58
T000244,U0198,P038,51.76,Wallet,2024-11-11,80.575,3,2025-10-29,3,Home,51.76,Kabir Bose,33,Female,2023-07-07,Product_038,Home,393.65,58
T000245,U0035,P003,24.96,UPI,2024-11-24,51.217999999999996,5,2025-07-26,98,Beauty,24.96,Muhammad Reddy,38,Female,2023-07-07,Product_003,Beauty,3027.98,127
T000245,U0035,P003,24.96,UPI,2024-11-24,51.217999999999996,5,2025-07-26,98,Books,122.17,Muhammad Reddy,38,Female,2023-07-07,Product_003,Beauty,3027.98,127
T000245,U0035,P003,24.96,UPI,2024-11-24,51.217999999999996,5,2025-07-26,98,Clothing,66.89,Muhammad Reddy,38,Female,2023-07-07,Product_003,Beauty,3027.98,127
T000245,U0035,P003,24.96,UPI,2024-11-24,51.217999999999996,5,2025-07-26,98,Home,42.07,Muhammad Reddy,38,Female,2023-07-07,Product_003,Beauty,3027.98,127
T000246,U0165,P012,81.6,Wallet,2025-08-09,84.41333333333334,3,2025-08-09,84,Books,105.99,Aarohi Ghosh,39,Other,2023-10-24,Product_012,Sports,4263.31,176
T000246,U0165,P012,81.6,Wallet,2025-08-09,84.41333333333334,3,2025-08-09,84,Home,65.65,Aarohi Ghosh,39,Other,2023-10-24,Product_012,Sports,4263.31,176
T000246,U0165,P012,81.6,Wallet,2025-08-09,84.41333333333334,3,2025-08-09,84,Sports,81.6,Aarohi Ghosh,39,Other,2023-10-24,Product_012,Sports,4263.31,176
T000247,U0179,P031,68.03,Wallet,2024-01-09,79.445,5,2024-02-23,617,Beauty,95.72,Kabir Joshi,29,Female,2022-12-15,Product_031,Grocery,3035.94,111
T000247,U0179,P031,68.03,Wallet,2024-01-09,79.445,5,2024-02-23,617,Books,107.57000000000001,Kabir Joshi,29,Female,2022-12-15,Product_031,Grocery,3035.94,111
T000247,U0179,P031,68.03,Wallet,2024-01-09,79.445,5,2024-02-23,617,Grocery,114.49000000000001,Kabir Joshi,29,Female,2022-12-15,Product_031,Grocery,3035.94,111
T000248,U0035,P005,31.06,Wallet,2025-07-26,51.217999999999996,5,2025-07-26,98,Beauty,24.96,Muhammad Reddy,38,Female,2023-07-07,Product_005,Books,1178.99,18
T000248,U0035,P005,31.06,Wallet,2025-07-26,51.217999999999996,5,2025-07-26,98,Books,122.17,Muhammad Reddy,38,Female,2023-07-07,Product_005,Books,1178.99,18
T000248,U0035,P005,31.06,Wallet,2025-07-26,51.217999999999996,5,2025-07-26,98,Clothing,66.89,Muhammad Reddy,38,Female,2023-07-07,Product_005,Books,1178.99,18
T000248,U0035,P005,31.06,Wallet,2025-07-26,51.217999999999996,5,2025-07-26,98,Home,42.07,Muhammad Reddy,38,Female,2023-07-07,Product_005,Books,1178.99,18
T000249,U0010,P019,40.11,Debit Card,2023-03-31,47.78,4,2025-04-05,210,Beauty,53.81,Diya Kulkarni,36,Female,2024-01-18,Product_019,Home,523.79,441
T000249,U0010,P019,40.11,Debit Card,2023-03-31,47.78,4,2025-04-05,210,Grocery,22.48,Diya Kulkarni,36,Female,2024-01-18,Product_019,Home,523.79,441
T000249,U0010,P019,40.11,Debit Card,2023-03-31,47.78,4,2025-04-05,210,Home,40.11,Diya Kulkarni,36,Female,2024-01-18,Product_019,Home,523.79,441
T000249,U0010,P019,40.11,Debit Card,2023-03-31,47.78,4,2025-04-05,210,Sports,74.72,Diya Kulkarni,36,Female,2024-01-18,Product_019,Home,523.79,441
T000250,U0052,P003,28.92,UPI,2024-09-27,69.11,12,2025-10-08,24,Beauty,57.08,Vivaan Patel,28,Male,2024-01-16,Product_003,Beauty,3027.98,127
T000250,U0052,P003,28.92,UPI,2024-09-27,69.11,12,2025-10-08,24,Books,122.91999999999999,Vivaan Patel,28,Male,2024-01-16,Product_003,Beauty,3027.98,127
T000250,U0052,P003,28.92,UPI,2024-09-27,69.11,12,2025-10-08,24,Clothing,157.13,Vivaan Patel,28,Male,2024-01-16,Product_003,Beauty,3027.98,127
T000250,U0052,P003,28.92,UPI,2024-09-27,69.11,12,2025-10-08,24,Electronics,134.35,Vivaan Patel,28,Male,2024-01-16,Product_003,Beauty,3027.98,127
T000250,U0052,P003,28.92,UPI,2024-09-27,69.11,12,2025-10-08,24,Grocery,97.29,Vivaan Patel,28,Male,2024-01-16,Product_003,Beauty,3027.98,127
T000250,U0052,P003,28.92,UPI,2024-09-27,69.11,12,2025-10-08,24,Home,191.44,Vivaan Patel,28,Male,2024-01-16,Product_003,Beauty,3027.98,127
T000251,U0132,P026,52.58,Cash,2025-08-27,79.0025,6,2025-08-27,66,Beauty,52.58,Aarav Chopra,32,Female,2022-01-07,Product_026,Beauty,3490.97,332
T000251,U0132,P026,52.58,Cash,2025-08-27,79.0025,6,2025-08-27,66,Clothing,120.87,Aarav Chopra,32,Female,2022-01-07,Product_026,Beauty,3490.97,332
T000251,U0132,P026,52.58,Cash,2025-08-27,79.0025,6,2025-08-27,66,Electronics,20.06,Aarav Chopra,32,Female,2022-01-07,Product_026,Beauty,3490.97,332
T000251,U0132,P026,52.58,Cash,2025-08-27,79.0025,6,2025-08-27,66,Home,57.95,Aarav Chopra,32,Female,2022-01-07,Product_026,Beauty,3490.97,332
T000251,U0132,P026,52.58,Cash,2025-08-27,79.0025,6,2025-08-27,66,Toys,64.55,Aarav Chopra,32,Female,2022-01-07,Product_026,Beauty,3490.97,332
T000252,U0065,P003,96.84,Wallet,2024-01-27,58.0425,4,2025-10-12,20,Beauty,166.07,Ira Gupta,38,Male,2023-09-02,Product_003,Beauty,3027.98,127
T000252,U0065,P003,96.84,Wallet,2024-01-27,58.0425,4,2025-10-12,20,Books,24.31,Ira Gupta,38,Male,2023-09-02,Product_003,Beauty,3027.98,127
T000252,U0065,P003,96.84,Wallet,2024-01-27,58.0425,4,2025-10-12,20,Clothing,41.79,Ira Gupta,38,Male,2023-09-02,Product_003,Beauty,3027.98,127
T000253,U0074,P023,30.22,Credit Card,2024-11-10,60.69333333333333,6,2025-02-16,258,Books,133.3,Diya Gupta,44,Male,2022-10-19,Product_023,Books,1984.98,450
T000253,U0074,P023,30.22,Credit Card,2024-11-10,60.69333333333333,6,2025-02-16,258,Grocery,79.6,Diya Gupta,44,Male,2022-10-19,Product_023,Books,1984.98,450
T000253,U0074,P023,30.22,Credit Card,2024-11-10,60.69333333333333,6,2025-02-16,258,Home,74.37,Diya Gupta,44,Male,2022-10-19,Product_023,Books,1984.98,450
T000253,U0074,P023,30.22,Credit Card,2024-11-10,60.69333333333333,6,2025-02-16,258,Sports,76.89,Diya Gupta,44,Male,2022-10-19,Product_023,Books,1984.98,450
T000254,U0070,P008,73.88,UPI,2025-06-13,58.925,2,2025-06-13,141,Beauty,43.97,Anaya Ghosh,26,Female,2022-05-15,Product_008,Books,4534.16,161
T000254,U0070,P008,73.88,UPI,2025-06-13,58.925,2,2025-06-13,141,Books,73.88,Anaya Ghosh,26,Female,2022-05-15,Product_008,Books,4534.16,161
T000255,U0103,P048,39.72,Net Banking,2025-03-02,36.5125,4,2025-03-02,244,Clothing,92.69999999999999,Muhammad Mehta,29,Female,2024-08-29,Product_048,Clothing,3666.72,295
T000255,U0103,P048,39.72,Net Banking,2025-03-02,36.5125,4,2025-03-02,244,Home,32.79,Muhammad Mehta,29,Female,2024-08-29,Product_048,Clothing,3666.72,295
T000255,U0103,P048,39.72,Net Banking,2025-03-02,36.5125,4,2025-03-02,244,Toys,20.56,Muhammad Mehta,29,Female,2024-08-29,Product_048,Clothing,3666.72,295
T000256,U0087,P012,33.93,Net Banking,2025-10-15,39.2425,4,2025-10-15,17,Books,45.02,Kabir Mehta,39,Male,2022-08-04,Product_012,Sports,4263.31,176
T000256,U0087,P012,33.93,Net Banking,2025-10-15,39.2425,4,2025-10-15,17,Home,57.87,Kabir Mehta,39,Male,2022-08-04,Product_012,Sports,4263.31,176
T000256,U0087,P012,33.93,Net Banking,2025-10-15,39.2425,4,2025-10-15,17,Sports,54.08,Kabir Mehta,39,Male,2022-08-04,Product_012,Sports,4263.31,176
T000257,U0095,P034,51.2,UPI,2023-06-19,68.68499999999999,6,2025-03-23,223,Beauty,77.82,Muhammad Bose,28,Female,2024-06-04,Product_034,Books,474.01,362
T000257,U0095,P034,51.2,UPI,2023-06-19,68.68499999999999,6,2025-03-23,223,Books,51.2,Muhammad Bose,28,Female,2024-06-04,Product_034,Books,474.01,362
T000257,U0095,P034,51.2,UPI,2023-06-19,68.68499999999999,6,2025-03-23,223,Clothing,10.83,Muhammad Bose,28,Female,2024-06-04,Product_034,Books,474.01,362
T000257,U0095,P034,51.2,UPI,2023-06-19,68.68499999999999,6,2025-03-23,223,Electronics,160.25,Muhammad Bose,28,Female,2024-06-04,Product_034,Books,474.01,362
T000257,U0095,P034,51.2,UPI,2023-06-19,68.68499999999999,6,2025-03-23,223,Home,112.00999999999999,Muhammad Bose,28,Female,2024-06-04,Product_034,Books,474.01,362
T000258,U0187,P028,29.34,Credit Card,2025-05-31,76.19800000000001,7,2025-05-31,154,Books,164.03,Vivaan Kulkarni,35,Other,2024-08-28,Product_028,Home,3602.11,250
T000258,U0187,P028,29.34,Credit Card,2025-05-31,76.19800000000001,7,2025-05-31,154,Clothing,67.21,Vivaan Kulkarni,35,Other,2024-08-28,Product_028,Home,3602.11,250
T000258,U0187,P028,29.34,Credit Card,2025-05-31,76.19800000000001,7,2025-05-31,154,Home,149.75,Vivaan Kulkarni,35,Other,2024-08-28,Product_028,Home,3602.11,250
T000259,U0155,P012,39.17,Cash,2024-08-24,53.04,5,2025-03-23,223,Grocery,51.47,Diya Roy,34,Other,2023-03-22,Product_012,Sports,4263.31,176
T000259,U0155,P012,39.17,Cash,2024-08-24,53.04,5,2025-03-23,223,Home,78.89,Diya Roy,34,Other,2023-03-22,Product_012,Sports,4263.31,176
T000259,U0155,P012,39.17,Cash,2024-08-24,53.04,5,2025-03-23,223,Sports,39.17,Diya Roy,34,Other,2023-03-22,Product_012,Sports,4263.31,176
T000259,U0155,P012,39.17,Cash,2024-08-24,53.04,5,2025-03-23,223,Toys,95.67,Diya Roy,34,Other,2023-03-22,Product_012,Sports,4263.31,176
T000260,U0083,P007,26.61,Credit Card,2024-11-02,59.12375,8,2025-10-23,9,Books,103.51,Arjun Khan,43,Male,2023-07-19,Product_007,Books,2084.59,134
T000260,U0083,P007,26.61,Credit Card,2024-11-02,59.12375,8,2025-10-23,9,Clothing,71.42,Arjun Khan,43,Male,2023-07-19,Product_007,Books,2084.59,134
T000260,U0083,P007,26.61,Credit Card,2024-11-02,59.12375,8,2025-10-23,9,Grocery,99.24000000000001,Arjun Khan,43,Male,2023-07-19,Product_007,Books,2084.59,134
T000260,U0083,P007,26.61,Credit Card,2024-11-02,59.12375,8,2025-10-23,9,Home,140.98,Arjun Khan,43,Male,2023-07-19,Product_007,Books,2084.59,134
T000260,U0083,P007,26.61,Credit Card,2024-11-02,59.12375,8,2025-10-23,9,Toys,57.84,Arjun Khan,43,Male,2023-07-19,Product_007,Books,2084.59,134
T000261,U0170,P019,177.48,UPI,2025-07-02,99.21571428571428,7,2025-07-02,122,Books,172.16,Diya Roy,25,Female,2022-09-15,Product_019,Home,523.79,441
T000261,U0170,P019,177.48,UPI,2025-07-02,99.21571428571428,7,2025-07-02,122,Electronics,79.34,Diya Roy,25,Female,2022-09-15,Product_019,Home,523.79,441
T000261,U0170,P019,177.48,UPI,2025-07-02,99.21571428571428,7,2025-07-02,122,Grocery,110.02,Diya Roy,25,Female,2022-09-15,Product_019,Home,523.79,441
T000261,U0170,P019,177.48,UPI,2025-07-02,99.21571428571428,7,2025-07-02,122,Home,292.81,Diya Roy,25,Female,2022-09-15,Product_019,Home,523.79,441
T000261,U0170,P019,177.48,UPI,2025-07-02,99.21571428571428,7,2025-07-02,122,Toys,40.18,Diya Roy,25,Female,2022-09-15,Product_019,Home,523.79,441
T000262,U0155,P046,55.77,Net Banking,2023-12-08,53.04,5,2025-03-23,223,Grocery,51.47,Diya Roy,34,Other,2023-03-22,Product_046,Toys,4970.99,267
T000262,U0155,P046,55.77,Net Banking,2023-12-08,53.04,5,2025-03-23,223,Home,78.89,Diya Roy,34,Other,2023-03-22,Product_046,Toys,4970.99,267
T000262,U0155,P046,55.77,Net Banking,2023-12-08,53.04,5,2025-03-23,223,Sports,39.17,Diya Roy,34,Other,2023-03-22,Product_046,Toys,4970.99,267
T000262,U0155,P046,55.77,Net Banking,2023-12-08,53.04,5,2025-03-23,223,Toys,95.67,Diya Roy,34,Other,2023-03-22,Product_046,Toys,4970.99,267
T000263,U0177,P029,35.88,UPI,2025-07-04,77.21000000000001,5,2025-10-22,10,Clothing,252.76,Ishaan Verma,32,Male,2022-10-27,Product_029,Clothing,128.31,289
T000263,U0177,P029,35.88,UPI,2025-07-04,77.21000000000001,5,2025-10-22,10,Electronics,25.77,Ishaan Verma,32,Male,2022-10-27,Product_029,Clothing,128.31,289
T000263,U0177,P029,35.88,UPI,2025-07-04,77.21000000000001,5,2025-10-22,10,Home,38.34,Ishaan Verma,32,Male,2022-10-27,Product_029,Clothing,128.31,289
T000263,U0177,P029,35.88,UPI,2025-07-04,77.21000000000001,5,2025-10-22,10,Toys,69.18,Ishaan Verma,32,Male,2022-10-27,Product_029,Clothing,128.31,289
T000264,U0011,P047,62.08,UPI,2025-06-09,71.88333333333334,4,2025-06-10,144,Electronics,62.08,Myra Kapoor,28,Male,2022-03-22,Product_047,Electronics,1846.57,300
T000264,U0011,P047,62.08,UPI,2025-06-09,71.88333333333334,4,2025-06-10,144,Home,153.57,Myra Kapoor,28,Male,2022-03-22,Product_047,Electronics,1846.57,300
T000265,U0071,P041,51.04,Credit Card,2023-06-03,73.29333333333334,9,2024-12-21,315,Beauty,156.49,Kabir Roy,34,Female,2022-01-10,Product_041,Home,3218.83,273
T000265,U0071,P041,51.04,Credit Card,2023-06-03,73.29333333333334,9,2024-12-21,315,Books,36.11,Kabir Roy,34,Female,2022-01-10,Product_041,Home,3218.83,273
T000265,U0071,P041,51.04,Credit Card,2023-06-03,73.29333333333334,9,2024-12-21,315,Electronics,52.49,Kabir Roy,34,Female,2022-01-10,Product_041,Home,3218.83,273
T000265,U0071,P041,51.04,Credit Card,2023-06-03,73.29333333333334,9,2024-12-21,315,Grocery,29.53,Kabir Roy,34,Female,2022-01-10,Product_041,Home,3218.83,273
T000265,U0071,P041,51.04,Credit Card,2023-06-03,73.29333333333334,9,2024-12-21,315,Home,299.53,Kabir Roy,34,Female,2022-01-10,Product_041,Home,3218.83,273
T000265,U0071,P041,51.04,Credit Card,2023-06-03,73.29333333333334,9,2024-12-21,315,Sports,85.49,Kabir Roy,34,Female,2022-01-10,Product_041,Home,3218.83,273
T000266,U0172,P041,47.82,Net Banking,2025-01-14,63.964,5,2025-01-14,291,Books,112.9,Vihaan Kapoor,25,Other,2022-07-16,Product_041,Home,3218.83,273
T000266,U0172,P041,47.82,Net Banking,2025-01-14,63.964,5,2025-01-14,291,Electronics,83.15,Vihaan Kapoor,25,Other,2022-07-16,Product_041,Home,3218.83,273
T000266,U0172,P041,47.82,Net Banking,2025-01-14,63.964,5,2025-01-14,291,Home,47.82,Vihaan Kapoor,25,Other,2022-07-16,Product_041,Home,3218.83,273
T000266,U0172,P041,47.82,Net Banking,2025-01-14,63.964,5,2025-01-14,291,Toys,75.95,Vihaan Kapoor,25,Other,2022-07-16,Product_041,Home,3218.83,273
T000267,U0132,P048,78.93,Wallet,2023-11-24,79.0025,6,2025-08-27,66,Beauty,52.58,Aarav Chopra,32,Female,2022-01-07,Product_048,Clothing,3666.72,295
T000267,U0132,P048,78.93,Wallet,2023-11-24,79.0025,6,2025-08-27,66,Clothing,120.87,Aarav Chopra,32,Female,2022-01-07,Product_048,Clothing,3666.72,295
T000267,U0132,P048,78.93,Wallet,2023-11-24,79.0025,6,2025-08-27,66,Electronics,20.06,Aarav Chopra,32,Female,2022-01-07,Product_048,Clothing,3666.72,295
T000267,U0132,P048,78.93,Wallet,2023-11-24,79.0025,6,2025-08-27,66,Home,57.95,Aarav Chopra,32,Female,2022-01-07,Product_048,Clothing,3666.72,295
T000267,U0132,P048,78.93,Wallet,2023-11-24,79.0025,6,2025-08-27,66,Toys,64.55,Aarav Chopra,32,Female,2022-01-07,Product_048,Clothing,3666.72,295
T000268,U0008,P010,86.01,Cash,2025-06-16,52.05666666666667,3,2025-06-16,138,Beauty,36.89,Ishaan Reddy,38,Male,2022-04-15,Product_010,Sports,1315.44,77
T000268,U0008,P010,86.01,Cash,2025-06-16,52.05666666666667,3,2025-06-16,138,Sports,119.28,Ishaan Reddy,38,Male,2022-04-15,Product_010,Sports,1315.44,77
T000269,U0009,P009,39.71,Credit Card,2024-04-28,60.51666666666667,3,2024-12-14,322,Clothing,142.42,Aditya Bose,28,Male,2024-05-17,Product_009,Clothing,1799.44,163
T000269,U0009,P009,39.71,Credit Card,2024-04-28,60.51666666666667,3,2024-12-14,322,Grocery,39.13,Aditya Bose,28,Male,2024-05-17,Product_009,Clothing,1799.44,163
T000270,U0200,P042,38.65,UPI,2025-01-11,57.14833333333333,6,2025-08-24,69,Books,80.5,Kiara Nair,22,Other,2022-01-27,Product_042,Home,4406.39,59
T000270,U0200,P042,38.65,UPI,2025-01-11,57.14833333333333,6,2025-08-24,69,Clothing,44.29,Kiara Nair,22,Other,2022-01-27,Product_042,Home,4406.39,59
T000270,U0200,P042,38.65,UPI,2025-01-11,57.14833333333333,6,2025-08-24,69,Electronics,25.33,Kiara Nair,22,Other,2022-01-27,Product_042,Home,4406.39,59
T000270,U0200,P042,38.65,UPI,2025-01-11,57.14833333333333,6,2025-08-24,69,Grocery,73.37,Kiara Nair,22,Other,2022-01-27,Product_042,Home,4406.39,59
T000270,U0200,P042,38.65,UPI,2025-01-11,57.14833333333333,6,2025-08-24,69,Home,38.65,Kiara Nair,22,Other,2022-01-27,Product_042,Home,4406.39,59
T000270,U0200,P042,38.65,UPI,2025-01-11,57.14833333333333,6,2025-08-24,69,Toys,80.75,Kiara Nair,22,Other,2022-01-27,Product_042,Home,4406.39,59
T000271,U0099,P037,46.29,Credit Card,2023-11-11,70.554,5,2025-08-26,67,Clothing,110.1,Vihaan Kulkarni,32,Female,2024-01-17,Product_037,Clothing,1750.62,496
T000271,U0099,P037,46.29,Credit Card,2023-11-11,70.554,5,2025-08-26,67,Grocery,105.85,Vihaan Kulkarni,32,Female,2024-01-17,Product_037,Clothing,1750.62,496
T000271,U0099,P037,46.29,Credit Card,2023-11-11,70.554,5,2025-08-26,67,Home,136.82,Vihaan Kulkarni,32,Female,2024-01-17,Product_037,Clothing,1750.62,496
T000272,U0174,P029,13.72,UPI,2025-01-31,50.70142857142857,7,2025-09-23,39,Beauty,48.04,Ira Kulkarni,34,Female,2024-05-02,Product_029,Clothing,128.31,289
T000272,U0174,P029,13.72,UPI,2025-01-31,50.70142857142857,7,2025-09-23,39,Books,100.94,Ira Kulkarni,34,Female,2024-05-02,Product_029,Clothing,128.31,289
T000272,U0174,P029,13.72,UPI,2025-01-31,50.70142857142857,7,2025-09-23,39,Clothing,13.72,Ira Kulkarni,34,Female,2024-05-02,Product_029,Clothing,128.31,289
T000272,U0174,P029,13.72,UPI,2025-01-31,50.70142857142857,7,2025-09-23,39,Grocery,52.3,Ira Kulkarni,34,Female,2024-05-02,Product_029,Clothing,128.31,289
T000272,U0174,P029,13.72,UPI,2025-01-31,50.70142857142857,7,2025-09-23,39,Home,23.15,Ira Kulkarni,34,Female,2024-05-02,Product_029,Clothing,128.31,289
T000272,U0174,P029,13.72,UPI,2025-01-31,50.70142857142857,7,2025-09-23,39,Sports,116.76,Ira Kulkarni,34,Female,2024-05-02,Product_029,Clothing,128.31,289
T000273,U0114,P049,22.0,Credit Card,2023-10-09,72.976,7,2025-09-19,43,Beauty,29.56,Sai Singh,51,Male,2022-05-31,Product_049,Home,1701.17,159
T000273,U0114,P049,22.0,Credit Card,2023-10-09,72.976,7,2025-09-19,43,Books,126.61000000000001,Sai Singh,51,Male,2022-05-31,Product_049,Home,1701.17,159
T000273,U0114,P049,22.0,Credit Card,2023-10-09,72.976,7,2025-09-19,43,Electronics,41.06,Sai Singh,51,Male,2022-05-31,Product_049,Home,1701.17,159
T000273,U0114,P049,22.0,Credit Card,2023-10-09,72.976,7,2025-09-19,43,Grocery,83.68,Sai Singh,51,Male,2022-05-31,Product_049,Home,1701.17,159
T000273,U0114,P049,22.0,Credit Card,2023-10-09,72.976,7,2025-09-19,43,Home,83.97,Sai Singh,51,Male,2022-05-31,Product_049,Home,1701.17,159
T000274,U0136,P024,123.98,Net Banking,2024-10-05,86.9,5,2025-03-06,240,Books,92.16,Anaya Bose,44,Other,2024-05-10,Product_024,Home,2509.0,267
T000274,U0136,P024,123.98,Net Banking,2024-10-05,86.9,5,2025-03-06,240,Clothing,54.93,Anaya Bose,44,Other,2024-05-10,Product_024,Home,2509.0,267
T000274,U0136,P024,123.98,Net Banking,2024-10-05,86.9,5,2025-03-06,240,Grocery,37.57,Anaya Bose,44,Other,2024-05-10,Product_024,Home,2509.0,267
T000274,U0136,P024,123.98,Net Banking,2024-10-05,86.9,5,2025-03-06,240,Home,162.94,Anaya Bose,44,Other,2024-05-10,Product_024,Home,2509.0,267
T000275,U0167,P018,146.49,Debit Card,2023-08-21,76.80250000000001,4,2025-05-03,182,Beauty,76.54,Sai Bose,38,Other,2022-11-10,Product_018,Electronics,2390.82,158
T000275,U0167,P018,146.49,Debit Card,2023-08-21,76.80250000000001,4,2025-05-03,182,Electronics,146.49,Sai Bose,38,Other,2022-11-10,Product_018,Electronics,2390.82,158
T000275,U0167,P018,146.49,Debit Card,2023-08-21,76.80250000000001,4,2025-05-03,182,Grocery,67.26,Sai Bose,38,Other,2022-11-10,Product_018,Electronics,2390.82,158
T000275,U0167,P018,146.49,Debit Card,2023-08-21,76.80250000000001,4,2025-05-03,182,Toys,16.92,Sai Bose,38,Other,2022-11-10,Product_018,Electronics,2390.82,158
T000276,U0007,P048,47.02,Debit Card,2025-10-19,85.938,5,2025-10-19,13,Clothing,47.02,Ishaan Sharma,44,Male,2022-12-15,Product_048,Clothing,3666.72,295
T000276,U0007,P048,47.02,Debit Card,2025-10-19,85.938,5,2025-10-19,13,Electronics,47.71,Ishaan Sharma,44,Male,2022-12-15,Product_048,Clothing,3666.72,295
T000276,U0007,P048,47.02,Debit Card,2025-10-19,85.938,5,2025-10-19,13,Grocery,141.4,Ishaan Sharma,44,Male,2022-12-15,Product_048,Clothing,3666.72,295
T000276,U0007,P048,47.02,Debit Card,2025-10-19,85.938,5,2025-10-19,13,Home,37.04,Ishaan Sharma,44,Male,2022-12-15,Product_048,Clothing,3666.72,295
T000276,U0007,P048,47.02,Debit Card,2025-10-19,85.938,5,2025-10-19,13,Toys,156.52,Ishaan Sharma,44,Male,2022-12-15,Product_048,Clothing,3666.72,295
T000277,U0133,P025,77.16,Cash,2023-08-30,90.22999999999999,5,2024-10-27,370,Beauty,215.07,Diya Singh,23,Female,2023-07-06,Product_025,Electronics,1408.97,272
T000277,U0133,P025,77.16,Cash,2023-08-30,90.22999999999999,5,2024-10-27,370,Electronics,77.16,Diya Singh,23,Female,2023-07-06,Product_025,Electronics,1408.97,272
T000277,U0133,P025,77.16,Cash,2023-08-30,90.22999999999999,5,2024-10-27,370,Home,158.92000000000002,Diya Singh,23,Female,2023-07-06,Product_025,Electronics,1408.97,272
T000278,U0068,P050,65.81,UPI,2025-07-02,79.6225,4,2025-07-02,122,Home,111.3,Sara Gupta,40,Female,2023-08-02,Product_050,Toys,2833.37,45
T000278,U0068,P050,65.81,UPI,2025-07-02,79.6225,4,2025-07-02,122,Toys,207.19,Sara Gupta,40,Female,2023-08-02,Product_050,Toys,2833.37,45
T000279,U0055,P040,346.31,UPI,2025-10-02,200.54,2,2025-10-02,30,Electronics,54.77,Ishaan Roy,40,Male,2023-03-30,Product_040,Grocery,4011.76,36
T000279,U0055,P040,346.31,UPI,2025-10-02,200.54,2,2025-10-02,30,Grocery,346.31,Ishaan Roy,40,Male,2023-03-30,Product_040,Grocery,4011.76,36
T000280,U0052,P008,106.88,Debit Card,2023-06-01,69.11,12,2025-10-08,24,Beauty,57.08,Vivaan Patel,28,Male,2024-01-16,Product_008,Books,4534.16,161
T000280,U0052,P008,106.88,Debit Card,2023-06-01,69.11,12,2025-10-08,24,Books,122.91999999999999,Vivaan Patel,28,Male,2024-01-16,Product_008,Books,4534.16,161
T000280,U0052,P008,106.88,Debit Card,2023-06-01,69.11,12,2025-10-08,24,Clothing,157.13,Vivaan Patel,28,Male,2024-01-16,Product_008,Books,4534.16,161
T000280,U0052,P008,106.88,Debit Card,2023-06-01,69.11,12,2025-10-08,24,Electronics,134.35,Vivaan Patel,28,Male,2024-01-16,Product_008,Books,4534.16,161
T000280,U0052,P008,106.88,Debit Card,2023-06-01,69.11,12,2025-10-08,24,Grocery,97.29,Vivaan Patel,28,Male,2024-01-16,Product_008,Books,4534.16,161
T000280,U0052,P008,106.88,Debit Card,2023-06-01,69.11,12,2025-10-08,24,Home,191.44,Vivaan Patel,28,Male,2024-01-16,Product_008,Books,4534.16,161
T000281,U0116,P012,50.56,Wallet,2025-06-30,62.73777777777778,11,2025-06-30,124,Beauty,32.99,Aditya Roy,34,Female,2022-07-19,Product_012,Sports,4263.31,176
T000281,U0116,P012,50.56,Wallet,2025-06-30,62.73777777777778,11,2025-06-30,124,Books,35.78,Aditya Roy,34,Female,2022-07-19,Product_012,Sports,4263.31,176
T000281,U0116,P012,50.56,Wallet,2025-06-30,62.73777777777778,11,2025-06-30,124,Clothing,159.60999999999999,Aditya Roy,34,Female,2022-07-19,Product_012,Sports,4263.31,176
T000281,U0116,P012,50.56,Wallet,2025-06-30,62.73777777777778,11,2025-06-30,124,Electronics,56.14,Aditya Roy,34,Female,2022-07-19,Product_012,Sports,4263.31,176
T000281,U0116,P012,50.56,Wallet,2025-06-30,62.73777777777778,11,2025-06-30,124,Home,168.49,Aditya Roy,34,Female,2022-07-19,Product_012,Sports,4263.31,176
T000281,U0116,P012,50.56,Wallet,2025-06-30,62.73777777777778,11,2025-06-30,124,Sports,111.63,Aditya Roy,34,Female,2022-07-19,Product_012,Sports,4263.31,176
T000282,U0023,P044,30.77,UPI,2024-12-12,49.03,5,2024-12-12,324,Beauty,30.77,Myra Reddy,32,Female,2022-09-10,Product_044,Beauty,1655.45,268
T000282,U0023,P044,30.77,UPI,2024-12-12,49.03,5,2024-12-12,324,Clothing,53.32,Myra Reddy,32,Female,2022-09-10,Product_044,Beauty,1655.45,268
T000282,U0023,P044,30.77,UPI,2024-12-12,49.03,5,2024-12-12,324,Electronics,34.44,Myra Reddy,32,Female,2022-09-10,Product_044,Beauty,1655.45,268
T000282,U0023,P044,30.77,UPI,2024-12-12,49.03,5,2024-12-12,324,Home,82.61,Myra Reddy,32,Female,2022-09-10,Product_044,Beauty,1655.45,268
T000282,U0023,P044,30.77,UPI,2024-12-12,49.03,5,2024-12-12,324,Sports,44.01,Myra Reddy,32,Female,2022-09-10,Product_044,Beauty,1655.45,268
T000283,U0182,P005,20.82,Cash,2024-08-17,73.22555555555556,11,2025-10-28,4,Books,104.02,Vivaan Reddy,25,Male,2024-08-29,Product_005,Books,1178.99,18
T000283,U0182,P005,20.82,Cash,2024-08-17,73.22555555555556,11,2025-10-28,4,Clothing,236.67,Vivaan Reddy,25,Male,2024-08-29,Product_005,Books,1178.99,18
T000283,U0182,P005,20.82,Cash,2024-08-17,73.22555555555556,11,2025-10-28,4,Grocery,55.53,Vivaan Reddy,25,Male,2024-08-29,Product_005,Books,1178.99,18
T000283,U0182,P005,20.82,Cash,2024-08-17,73.22555555555556,11,2025-10-28,4,Home,262.81,Vivaan Reddy,25,Male,2024-08-29,Product_005,Books,1178.99,18
T000284,U0077,P011,61.69,Wallet,2023-12-23,44.13833333333333,6,2025-09-13,49,Beauty,36.49,Vihaan Reddy,32,Female,2024-06-30,Product_011,Electronics,1410.29,28
T000284,U0077,P011,61.69,Wallet,2023-12-23,44.13833333333333,6,2025-09-13,49,Electronics,61.69,Vihaan Reddy,32,Female,2024-06-30,Product_011,Electronics,1410.29,28
T000284,U0077,P011,61.69,Wallet,2023-12-23,44.13833333333333,6,2025-09-13,49,Grocery,19.57,Vihaan Reddy,32,Female,2024-06-30,Product_011,Electronics,1410.29,28
T000284,U0077,P011,61.69,Wallet,2023-12-23,44.13833333333333,6,2025-09-13,49,Home,104.96000000000001,Vihaan Reddy,32,Female,2024-06-30,Product_011,Electronics,1410.29,28
T000284,U0077,P011,61.69,Wallet,2023-12-23,44.13833333333333,6,2025-09-13,49,Toys,42.12,Vihaan Reddy,32,Female,2024-06-30,Product_011,Electronics,1410.29,28
T000285,U0093,P033,34.68,Debit Card,2023-09-06,39.01666666666667,3,2024-07-15,474,Clothing,34.68,Meera Ghosh,26,Male,2022-12-25,Product_033,Clothing,3874.48,45
T000285,U0093,P033,34.68,Debit Card,2023-09-06,39.01666666666667,3,2024-07-15,474,Sports,56.2,Meera Ghosh,26,Male,2022-12-25,Product_033,Clothing,3874.48,45
T000285,U0093,P033,34.68,Debit Card,2023-09-06,39.01666666666667,3,2024-07-15,474,Toys,26.17,Meera Ghosh,26,Male,2022-12-25,Product_033,Clothing,3874.48,45
T000286,U0052,P009,23.26,Debit Card,2025-10-08,69.11,12,2025-10-08,24,Beauty,57.08,Vivaan Patel,28,Male,2024-01-16,Product_009,Clothing,1799.44,163
T000286,U0052,P009,23.26,Debit Card,2025-10-08,69.11,12,2025-10-08,24,Books,122.91999999999999,Vivaan Patel,28,Male,2024-01-16,Product_009,Clothing,1799.44,163
T000286,U0052,P009,23.26,Debit Card,2025-10-08,69.11,12,2025-10-08,24,Clothing,157.13,Vivaan Patel,28,Male,2024-01-16,Product_009,Clothing,1799.44,163
T000286,U0052,P009,23.26,Debit Card,2025-10-08,69.11,12,2025-10-08,24,Electronics,134.35,Vivaan Patel,28,Male,2024-01-16,Product_009,Clothing,1799.44,163
T000286,U0052,P009,23.26,Debit Card,2025-10-08,69.11,12,2025-10-08,24,Grocery,97.29,Vivaan Patel,28,Male,2024-01-16,Product_009,Clothing,1799.44,163
T000286,U0052,P009,23.26,Debit Card,2025-10-08,69.11,12,2025-10-08,24,Home,191.44,Vivaan Patel,28,Male,2024-01-16,Product_009,Clothing,1799.44,163
T000287,U0007,P024,37.04,Cash,2025-01-25,85.938,5,2025-10-19,13,Clothing,47.02,Ishaan Sharma,44,Male,2022-12-15,Product_024,Home,2509.0,267
T000287,U0007,P024,37.04,Cash,2025-01-25,85.938,5,2025-10-19,13,Electronics,47.71,Ishaan Sharma,44,Male,2022-12-15,Product_024,Home,2509.0,267
T000287,U0007,P024,37.04,Cash,2025-01-25,85.938,5,2025-10-19,13,Grocery,141.4,Ishaan Sharma,44,Male,2022-12-15,Product_024,Home,2509.0,267
T000287,U0007,P024,37.04,Cash,2025-01-25,85.938,5,2025-10-19,13,Home,37.04,Ishaan Sharma,44,Male,2022-12-15,Product_024,Home,2509.0,267
T000287,U0007,P024,37.04,Cash,2025-01-25,85.938,5,2025-10-19,13,Toys,156.52,Ishaan Sharma,44,Male,2022-12-15,Product_024,Home,2509.0,267
T000288,U0120,P036,28.53,Debit Card,2023-06-26,60.0675,4,2025-08-19,74,Books,134.23000000000002,Vihaan Roy,38,Male,2023-11-15,Product_036,Sports,1650.69,388
T000288,U0120,P036,28.53,Debit Card,2023-06-26,60.0675,4,2025-08-19,74,Home,77.51,Vihaan Roy,38,Male,2023-11-15,Product_036,Sports,1650.69,388
T000288,U0120,P036,28.53,Debit Card,2023-06-26,60.0675,4,2025-08-19,74,Sports,28.53,Vihaan Roy,38,Male,2023-11-15,Product_036,Sports,1650.69,388
T000289,U0017,P020,150.25,Net Banking,2025-09-07,91.42,5,2025-09-07,55,Books,83.98,Ishaan Gupta,23,Other,2023-07-01,Product_020,Toys,1595.75,428
T000289,U0017,P020,150.25,Net Banking,2025-09-07,91.42,5,2025-09-07,55,Clothing,55.29,Ishaan Gupta,23,Other,2023-07-01,Product_020,Toys,1595.75,428
T000289,U0017,P020,150.25,Net Banking,2025-09-07,91.42,5,2025-09-07,55,Electronics,53.77,Ishaan Gupta,23,Other,2023-07-01,Product_020,Toys,1595.75,428
T000289,U0017,P020,150.25,Net Banking,2025-09-07,91.42,5,2025-09-07,55,Sports,22.39,Ishaan Gupta,23,Other,2023-07-01,Product_020,Toys,1595.75,428
T000289,U0017,P020,150.25,Net Banking,2025-09-07,91.42,5,2025-09-07,55,Toys,150.25,Ishaan Gupta,23,Other,2023-07-01,Product_020,Toys,1595.75,428
T000290,U0135,P027,92.66,Net Banking,2023-06-01,66.34857142857143,8,2025-05-02,183,Beauty,105.1,Ishaan Mukherjee,24,Female,2023-02-03,Product_027,Toys,2241.45,134
T000290,U0135,P027,92.66,Net Banking,2023-06-01,66.34857142857143,8,2025-05-02,183,Books,63.46,Ishaan Mukherjee,24,Female,2023-02-03,Product_027,Toys,2241.45,134
T000290,U0135,P027,92.66,Net Banking,2023-06-01,66.34857142857143,8,2025-05-02,183,Clothing,92.0,Ishaan Mukherjee,24,Female,2023-02-03,Product_027,Toys,2241.45,134
T000290,U0135,P027,92.66,Net Banking,2023-06-01,66.34857142857143,8,2025-05-02,183,Grocery,25.77,Ishaan Mukherjee,24,Female,2023-02-03,Product_027,Toys,2241.45,134
T000290,U0135,P027,92.66,Net Banking,2023-06-01,66.34857142857143,8,2025-05-02,183,Home,85.44999999999999,Ishaan Mukherjee,24,Female,2023-02-03,Product_027,Toys,2241.45,134
T000290,U0135,P027,92.66,Net Banking,2023-06-01,66.34857142857143,8,2025-05-02,183,Toys,92.66,Ishaan Mukherjee,24,Female,2023-02-03,Product_027,Toys,2241.45,134
T000291,U0033,P021,54.34,Wallet,2023-06-01,83.705,7,2025-02-03,271,Books,134.43,Ishaan Amin,31,Male,2024-07-23,Product_021,Books,3055.12,169
T000291,U0033,P021,54.34,Wallet,2023-06-01,83.705,7,2025-02-03,271,Clothing,111.84,Ishaan Amin,31,Male,2024-07-23,Product_021,Books,3055.12,169
T000291,U0033,P021,54.34,Wallet,2023-06-01,83.705,7,2025-02-03,271,Home,147.03,Ishaan Amin,31,Male,2024-07-23,Product_021,Books,3055.12,169
T000291,U0033,P021,54.34,Wallet,2023-06-01,83.705,7,2025-02-03,271,Sports,51.74,Ishaan Amin,31,Male,2024-07-23,Product_021,Books,3055.12,169
T000291,U0033,P021,54.34,Wallet,2023-06-01,83.705,7,2025-02-03,271,Toys,57.19,Ishaan Amin,31,Male,2024-07-23,Product_021,Books,3055.12,169
T000292,U0116,P030,132.68,Wallet,2024-12-06,62.73777777777778,11,2025-06-30,124,Beauty,32.99,Aditya Roy,34,Female,2022-07-19,Product_030,Home,685.55,28
T000292,U0116,P030,132.68,Wallet,2024-12-06,62.73777777777778,11,2025-06-30,124,Books,35.78,Aditya Roy,34,Female,2022-07-19,Product_030,Home,685.55,28
T000292,U0116,P030,132.68,Wallet,2024-12-06,62.73777777777778,11,2025-06-30,124,Clothing,159.60999999999999,Aditya Roy,34,Female,2022-07-19,Product_030,Home,685.55,28
T000292,U0116,P030,132.68,Wallet,2024-12-06,62.73777777777778,11,2025-06-30,124,Electronics,56.14,Aditya Roy,34,Female,2022-07-19,Product_030,Home,685.55,28
T000292,U0116,P030,132.68,Wallet,2024-12-06,62.73777777777778,11,2025-06-30,124,Home,168.49,Aditya Roy,34,Female,2022-07-19,Product_030,Home,685.55,28
T000292,U0116,P030,132.68,Wallet,2024-12-06,62.73777777777778,11,2025-06-30,124,Sports,111.63,Aditya Roy,34,Female,2022-07-19,Product_030,Home,685.55,28
T000293,U0033,P050,57.19,Cash,2024-01-08,83.705,7,2025-02-03,271,Books,134.43,Ishaan Amin,31,Male,2024-07-23,Product_050,Toys,2833.37,45
T000293,U0033,P050,57.19,Cash,2024-01-08,83.705,7,2025-02-03,271,Clothing,111.84,Ishaan Amin,31,Male,2024-07-23,Product_050,Toys,2833.37,45
T000293,U0033,P050,57.19,Cash,2024-01-08,83.705,7,2025-02-03,271,Home,147.03,Ishaan Amin,31,Male,2024-07-23,Product_050,Toys,2833.37,45
T000293,U0033,P050,57.19,Cash,2024-01-08,83.705,7,2025-02-03,271,Sports,51.74,Ishaan Amin,31,Male,2024-07-23,Product_050,Toys,2833.37,45
T000293,U0033,P050,57.19,Cash,2024-01-08,83.705,7,2025-02-03,271,Toys,57.19,Ishaan Amin,31,Male,2024-07-23,Product_050,Toys,2833.37,45
T000294,U0197,P009,32.56,Net Banking,2025-10-26,61.105000000000004,4,2025-10-26,6,Clothing,171.97,Kabir Roy,24,Male,2023-12-07,Product_009,Clothing,1799.44,163
T000294,U0197,P009,32.56,Net Banking,2025-10-26,61.105000000000004,4,2025-10-26,6,Toys,72.45,Kabir Roy,24,Male,2023-12-07,Product_009,Clothing,1799.44,163
T000295,U0015,P008,136.17,Cash,2023-11-10,110.26249999999999,5,2025-06-08,146,Books,350.07,Vihaan Bose,18,Female,2023-10-13,Product_008,Books,4534.16,161
T000295,U0015,P008,136.17,Cash,2023-11-10,110.26249999999999,5,2025-06-08,146,Grocery,43.71,Vihaan Bose,18,Female,2023-10-13,Product_008,Books,4534.16,161
T000295,U0015,P008,136.17,Cash,2023-11-10,110.26249999999999,5,2025-06-08,146,Home,47.27,Vihaan Bose,18,Female,2023-10-13,Product_008,Books,4534.16,161
T000296,U0078,P011,75.44,Debit Card,2024-10-22,42.51,4,2024-10-22,375,Books,16.06,Vihaan Kapoor,29,Male,2022-10-16,Product_011,Electronics,1410.29,28
T000296,U0078,P011,75.44,Debit Card,2024-10-22,42.51,4,2024-10-22,375,Electronics,75.44,Vihaan Kapoor,29,Male,2022-10-16,Product_011,Electronics,1410.29,28
T000296,U0078,P011,75.44,Debit Card,2024-10-22,42.51,4,2024-10-22,375,Home,40.99,Vihaan Kapoor,29,Male,2022-10-16,Product_011,Electronics,1410.29,28
T000296,U0078,P011,75.44,Debit Card,2024-10-22,42.51,4,2024-10-22,375,Toys,37.55,Vihaan Kapoor,29,Male,2022-10-16,Product_011,Electronics,1410.29,28
T000297,U0182,P015,29.3,UPI,2024-08-04,73.22555555555556,11,2025-10-28,4,Books,104.02,Vivaan Reddy,25,Male,2024-08-29,Product_015,Books,2286.25,251
T000297,U0182,P015,29.3,UPI,2024-08-04,73.22555555555556,11,2025-10-28,4,Clothing,236.67,Vivaan Reddy,25,Male,2024-08-29,Product_015,Books,2286.25,251
T000297,U0182,P015,29.3,UPI,2024-08-04,73.22555555555556,11,2025-10-28,4,Grocery,55.53,Vivaan Reddy,25,Male,2024-08-29,Product_015,Books,2286.25,251
T000297,U0182,P015,29.3,UPI,2024-08-04,73.22555555555556,11,2025-10-28,4,Home,262.81,Vivaan Reddy,25,Male,2024-08-29,Product_015,Books,2286.25,251
T000298,U0021,P017,48.71,Debit Card,2024-07-16,83.7875,4,2024-07-16,473,Beauty,117.85,Ishaan Gupta,43,Male,2024-06-16,Product_017,Beauty,3697.53,235
T000298,U0021,P017,48.71,Debit Card,2024-07-16,83.7875,4,2024-07-16,473,Books,119.5,Ishaan Gupta,43,Male,2024-06-16,Product_017,Beauty,3697.53,235
T000298,U0021,P017,48.71,Debit Card,2024-07-16,83.7875,4,2024-07-16,473,Home,97.8,Ishaan Gupta,43,Male,2024-06-16,Product_017,Beauty,3697.53,235
T000299,U0033,P041,32.29,UPI,2023-07-11,83.705,7,2025-02-03,271,Books,134.43,Ishaan Amin,31,Male,2024-07-23,Product_041,Home,3218.83,273
T000299,U0033,P041,32.29,UPI,2023-07-11,83.705,7,2025-02-03,271,Clothing,111.84,Ishaan Amin,31,Male,2024-07-23,Product_041,Home,3218.83,273
T000299,U0033,P041,32.29,UPI,2023-07-11,83.705,7,2025-02-03,271,Home,147.03,Ishaan Amin,31,Male,2024-07-23,Product_041,Home,3218.83,273
T000299,U0033,P041,32.29,UPI,2023-07-11,83.705,7,2025-02-03,271,Sports,51.74,Ishaan Amin,31,Male,2024-07-23,Product_041,Home,3218.83,273
T000299,U0033,P041,32.29,UPI,2023-07-11,83.705,7,2025-02-03,271,Toys,57.19,Ishaan Amin,31,Male,2024-07-23,Product_041,Home,3218.83,273
T000300,U0129,P042,23.82,Debit Card,2023-11-12,73.32000000000001,7,2025-03-01,245,Beauty,26.4,Arjun Das,32,Male,2023-02-22,Product_042,Home,4406.39,59
T000300,U0129,P042,23.82,Debit Card,2023-11-12,73.32000000000001,7,2025-03-01,245,Books,66.65,Arjun Das,32,Male,2023-02-22,Product_042,Home,4406.39,59
T000300,U0129,P042,23.82,Debit Card,2023-11-12,73.32000000000001,7,2025-03-01,245,Clothing,93.42,Arjun Das,32,Male,2023-02-22,Product_042,Home,4406.39,59
T000300,U0129,P042,23.82,Debit Card,2023-11-12,73.32000000000001,7,2025-03-01,245,Home,207.53,Arjun Das,32,Male,2023-02-22,Product_042,Home,4406.39,59
T000300,U0129,P042,23.82,Debit Card,2023-11-12,73.32000000000001,7,2025-03-01,245,Sports,45.92,Arjun Das,32,Male,2023-02-22,Product_042,Home,4406.39,59
T000301,U0044,P043,95.17,Cash,2024-11-22,73.16857142857144,7,2025-09-27,35,Books,12.39,Aditya Nair,29,Male,2023-07-22,Product_043,Home,3416.65,309
T000301,U0044,P043,95.17,Cash,2024-11-22,73.16857142857144,7,2025-09-27,35,Clothing,178.51000000000002,Aditya Nair,29,Male,2023-07-22,Product_043,Home,3416.65,309
T000301,U0044,P043,95.17,Cash,2024-11-22,73.16857142857144,7,2025-09-27,35,Grocery,69.48,Aditya Nair,29,Male,2023-07-22,Product_043,Home,3416.65,309
T000301,U0044,P043,95.17,Cash,2024-11-22,73.16857142857144,7,2025-09-27,35,Home,251.8,Aditya Nair,29,Male,2023-07-22,Product_043,Home,3416.65,309
T000302,U0145,P003,171.68,Credit Card,2023-06-16,67.94875,8,2025-03-29,217,Beauty,296.62,Aarav Kulkarni,34,Male,2022-05-10,Product_003,Beauty,3027.98,127
T000302,U0145,P003,171.68,Credit Card,2023-06-16,67.94875,8,2025-03-29,217,Books,141.0,Aarav Kulkarni,34,Male,2022-05-10,Product_003,Beauty,3027.98,127
T000302,U0145,P003,171.68,Credit Card,2023-06-16,67.94875,8,2025-03-29,217,Clothing,70.65,Aarav Kulkarni,34,Male,2022-05-10,Product_003,Beauty,3027.98,127
T000302,U0145,P003,171.68,Credit Card,2023-06-16,67.94875,8,2025-03-29,217,Home,35.32,Aarav Kulkarni,34,Male,2022-05-10,Product_003,Beauty,3027.98,127
T000303,U0012,P042,23.59,Cash,2024-06-26,87.68714285714285,8,2025-10-05,27,Beauty,49.85,Aarohi Singh,28,Other,2024-06-25,Product_042,Home,4406.39,59
T000303,U0012,P042,23.59,Cash,2024-06-26,87.68714285714285,8,2025-10-05,27,Books,185.72,Aarohi Singh,28,Other,2024-06-25,Product_042,Home,4406.39,59
T000303,U0012,P042,23.59,Cash,2024-06-26,87.68714285714285,8,2025-10-05,27,Electronics,215.85,Aarohi Singh,28,Other,2024-06-25,Product_042,Home,4406.39,59
T000303,U0012,P042,23.59,Cash,2024-06-26,87.68714285714285,8,2025-10-05,27,Grocery,54.06,Aarohi Singh,28,Other,2024-06-25,Product_042,Home,4406.39,59
T000303,U0012,P042,23.59,Cash,2024-06-26,87.68714285714285,8,2025-10-05,27,Home,23.59,Aarohi Singh,28,Other,2024-06-25,Product_042,Home,4406.39,59
T000303,U0012,P042,23.59,Cash,2024-06-26,87.68714285714285,8,2025-10-05,27,Toys,84.74,Aarohi Singh,28,Other,2024-06-25,Product_042,Home,4406.39,59
T000304,U0167,P014,76.54,Cash,2025-05-03,76.80250000000001,4,2025-05-03,182,Beauty,76.54,Sai Bose,38,Other,2022-11-10,Product_014,Beauty,3844.95,467
T000304,U0167,P014,76.54,Cash,2025-05-03,76.80250000000001,4,2025-05-03,182,Electronics,146.49,Sai Bose,38,Other,2022-11-10,Product_014,Beauty,3844.95,467
T000304,U0167,P014,76.54,Cash,2025-05-03,76.80250000000001,4,2025-05-03,182,Grocery,67.26,Sai Bose,38,Other,2022-11-10,Product_014,Beauty,3844.95,467
T000304,U0167,P014,76.54,Cash,2025-05-03,76.80250000000001,4,2025-05-03,182,Toys,16.92,Sai Bose,38,Other,2022-11-10,Product_014,Beauty,3844.95,467
T000305,U0159,P041,36.95,Credit Card,2025-10-16,150.3,3,2025-10-16,16,Beauty,195.06,Aditya Khan,22,Female,2024-02-08,Product_041,Home,3218.83,273
T000305,U0159,P041,36.95,Credit Card,2025-10-16,150.3,3,2025-10-16,16,Home,36.95,Aditya Khan,22,Female,2024-02-08,Product_041,Home,3218.83,273
T000305,U0159,P041,36.95,Credit Card,2025-10-16,150.3,3,2025-10-16,16,Toys,68.59,Aditya Khan,22,Female,2024-02-08,Product_041,Home,3218.83,273
T000306,U0161,P035,40.76,UPI,2024-09-10,59.246,5,2025-10-12,20,Beauty,89.47,Aarav Joshi,24,Female,2023-05-15,Product_035,Sports,2998.97,82
T000306,U0161,P035,40.76,UPI,2024-09-10,59.246,5,2025-10-12,20,Books,134.08,Aarav Joshi,24,Female,2023-05-15,Product_035,Sports,2998.97,82
T000306,U0161,P035,40.76,UPI,2024-09-10,59.246,5,2025-10-12,20,Sports,40.76,Aarav Joshi,24,Female,2023-05-15,Product_035,Sports,2998.97,82
T000306,U0161,P035,40.76,UPI,2024-09-10,59.246,5,2025-10-12,20,Toys,31.92,Aarav Joshi,24,Female,2023-05-15,Product_035,Sports,2998.97,82
T000307,U0124,P016,38.27,Wallet,2025-04-11,97.11,3,2025-04-11,204,Books,194.22000000000003,Ishaan Ghosh,20,Other,2024-02-24,Product_016,Books,807.27,58
T000308,U0077,P030,32.51,Credit Card,2023-05-03,44.13833333333333,6,2025-09-13,49,Beauty,36.49,Vihaan Reddy,32,Female,2024-06-30,Product_030,Home,685.55,28
T000308,U0077,P030,32.51,Credit Card,2023-05-03,44.13833333333333,6,2025-09-13,49,Electronics,61.69,Vihaan Reddy,32,Female,2024-06-30,Product_030,Home,685.55,28
T000308,U0077,P030,32.51,Credit Card,2023-05-03,44.13833333333333,6,2025-09-13,49,Grocery,19.57,Vihaan Reddy,32,Female,2024-06-30,Product_030,Home,685.55,28
T000308,U0077,P030,32.51,Credit Card,2023-05-03,44.13833333333333,6,2025-09-13,49,Home,104.96000000000001,Vihaan Reddy,32,Female,2024-06-30,Product_030,Home,685.55,28
T000308,U0077,P030,32.51,Credit Card,2023-05-03,44.13833333333333,6,2025-09-13,49,Toys,42.12,Vihaan Reddy,32,Female,2024-06-30,Product_030,Home,685.55,28
T000309,U0041,P029,56.21,Net Banking,2025-09-18,96.9475,5,2025-09-18,44,Books,224.42000000000002,Sara Mukherjee,37,Male,2024-02-13,Product_029,Clothing,128.31,289
T000309,U0041,P029,56.21,Net Banking,2025-09-18,96.9475,5,2025-09-18,44,Clothing,56.21,Sara Mukherjee,37,Male,2024-02-13,Product_029,Clothing,128.31,289
T000309,U0041,P029,56.21,Net Banking,2025-09-18,96.9475,5,2025-09-18,44,Electronics,43.92,Sara Mukherjee,37,Male,2024-02-13,Product_029,Clothing,128.31,289
T000309,U0041,P029,56.21,Net Banking,2025-09-18,96.9475,5,2025-09-18,44,Home,63.24,Sara Mukherjee,37,Male,2024-02-13,Product_029,Clothing,128.31,289
T000310,U0119,P014,33.16,UPI,2023-10-22,114.93666666666667,6,2025-07-08,116,Beauty,33.16,Ira Roy,41,Male,2022-09-13,Product_014,Beauty,3844.95,467
T000310,U0119,P014,33.16,UPI,2023-10-22,114.93666666666667,6,2025-07-08,116,Books,253.67,Ira Roy,41,Male,2022-09-13,Product_014,Beauty,3844.95,467
T000310,U0119,P014,33.16,UPI,2023-10-22,114.93666666666667,6,2025-07-08,116,Home,238.55,Ira Roy,41,Male,2022-09-13,Product_014,Beauty,3844.95,467
T000310,U0119,P014,33.16,UPI,2023-10-22,114.93666666666667,6,2025-07-08,116,Toys,164.24,Ira Roy,41,Male,2022-09-13,Product_014,Beauty,3844.95,467
T000311,U0081,P046,64.22,UPI,2024-12-08,67.868,6,2025-04-08,207,Clothing,74.56,Vivaan Gupta,30,Other,2024-04-29,Product_046,Toys,4970.99,267
T000311,U0081,P046,64.22,UPI,2024-12-08,67.868,6,2025-04-08,207,Home,86.89,Vivaan Gupta,30,Other,2024-04-29,Product_046,Toys,4970.99,267
T000311,U0081,P046,64.22,UPI,2024-12-08,67.868,6,2025-04-08,207,Sports,63.6,Vivaan Gupta,30,Other,2024-04-29,Product_046,Toys,4970.99,267
T000311,U0081,P046,64.22,UPI,2024-12-08,67.868,6,2025-04-08,207,Toys,114.28999999999999,Vivaan Gupta,30,Other,2024-04-29,Product_046,Toys,4970.99,267
T000312,U0103,P009,52.98,UPI,2023-08-06,36.5125,4,2025-03-02,244,Clothing,92.69999999999999,Muhammad Mehta,29,Female,2024-08-29,Product_009,Clothing,1799.44,163
T000312,U0103,P009,52.98,UPI,2023-08-06,36.5125,4,2025-03-02,244,Home,32.79,Muhammad Mehta,29,Female,2024-08-29,Product_009,Clothing,1799.44,163
T000312,U0103,P009,52.98,UPI,2023-08-06,36.5125,4,2025-03-02,244,Toys,20.56,Muhammad Mehta,29,Female,2024-08-29,Product_009,Clothing,1799.44,163
T000313,U0082,P016,47.31,Net Banking,2023-09-08,57.357142857142854,7,2025-10-02,30,Books,188.73000000000002,Ishaan Verma,34,Male,2024-02-29,Product_016,Books,807.27,58
T000313,U0082,P016,47.31,Net Banking,2023-09-08,57.357142857142854,7,2025-10-02,30,Electronics,61.47,Ishaan Verma,34,Male,2024-02-29,Product_016,Books,807.27,58
T000313,U0082,P016,47.31,Net Banking,2023-09-08,57.357142857142854,7,2025-10-02,30,Grocery,38.92,Ishaan Verma,34,Male,2024-02-29,Product_016,Books,807.27,58
T000313,U0082,P016,47.31,Net Banking,2023-09-08,57.357142857142854,7,2025-10-02,30,Home,112.38,Ishaan Verma,34,Male,2024-02-29,Product_016,Books,807.27,58
T000314,U0069,P029,31.67,Debit Card,2023-10-16,92.42,6,2023-11-12,720,Books,52.76,Ira Nair,34,Female,2023-11-17,Product_029,Clothing,128.31,289
T000314,U0069,P029,31.67,Debit Card,2023-10-16,92.42,6,2023-11-12,720,Clothing,108.65,Ira Nair,34,Female,2023-11-17,Product_029,Clothing,128.31,289
T000314,U0069,P029,31.67,Debit Card,2023-10-16,92.42,6,2023-11-12,720,Home,92.78,Ira Nair,34,Female,2023-11-17,Product_029,Clothing,128.31,289
T000314,U0069,P029,31.67,Debit Card,2023-10-16,92.42,6,2023-11-12,720,Sports,207.91,Ira Nair,34,Female,2023-11-17,Product_029,Clothing,128.31,289
T000315,U0025,P004,38.63,UPI,2025-02-25,74.69,6,2025-10-02,30,Clothing,99.75,Saanvi Bose,27,Female,2022-05-22,Product_004,Toys,2600.12,229
T000315,U0025,P004,38.63,UPI,2025-02-25,74.69,6,2025-10-02,30,Home,187.25,Saanvi Bose,27,Female,2022-05-22,Product_004,Toys,2600.12,229
T000315,U0025,P004,38.63,UPI,2025-02-25,74.69,6,2025-10-02,30,Toys,86.45,Saanvi Bose,27,Female,2022-05-22,Product_004,Toys,2600.12,229
T000316,U0158,P027,85.9,Debit Card,2023-11-24,68.458,5,2025-05-29,156,Beauty,129.83,Saanvi Khan,35,Female,2024-04-30,Product_027,Toys,2241.45,134
T000316,U0158,P027,85.9,Debit Card,2023-11-24,68.458,5,2025-05-29,156,Grocery,15.27,Saanvi Khan,35,Female,2024-04-30,Product_027,Toys,2241.45,134
T000316,U0158,P027,85.9,Debit Card,2023-11-24,68.458,5,2025-05-29,156,Home,70.67,Saanvi Khan,35,Female,2024-04-30,Product_027,Toys,2241.45,134
T000316,U0158,P027,85.9,Debit Card,2023-11-24,68.458,5,2025-05-29,156,Toys,126.52000000000001,Saanvi Khan,35,Female,2024-04-30,Product_027,Toys,2241.45,134
T000317,U0084,P037,73.74,Wallet,2024-10-02,45.8425,4,2025-10-15,17,Books,53.98,Kiara Kapoor,27,Male,2022-03-19,Product_037,Clothing,1750.62,496
T000317,U0084,P037,73.74,Wallet,2024-10-02,45.8425,4,2025-10-15,17,Clothing,96.81,Kiara Kapoor,27,Male,2022-03-19,Product_037,Clothing,1750.62,496
T000317,U0084,P037,73.74,Wallet,2024-10-02,45.8425,4,2025-10-15,17,Grocery,32.58,Kiara Kapoor,27,Male,2022-03-19,Product_037,Clothing,1750.62,496
T000318,U0049,P049,30.37,Debit Card,2025-10-17,78.0,5,2025-10-17,15,Books,100.84,Saanvi Chopra,34,Female,2024-03-14,Product_049,Home,1701.17,159
T000318,U0049,P049,30.37,Debit Card,2025-10-17,78.0,5,2025-10-17,15,Electronics,142.01,Saanvi Chopra,34,Female,2024-03-14,Product_049,Home,1701.17,159
T000318,U0049,P049,30.37,Debit Card,2025-10-17,78.0,5,2025-10-17,15,Grocery,41.13,Saanvi Chopra,34,Female,2024-03-14,Product_049,Home,1701.17,159
T000318,U0049,P049,30.37,Debit Card,2025-10-17,78.0,5,2025-10-17,15,Home,30.37,Saanvi Chopra,34,Female,2024-03-14,Product_049,Home,1701.17,159
T000318,U0049,P049,30.37,Debit Card,2025-10-17,78.0,5,2025-10-17,15,Sports,75.65,Saanvi Chopra,34,Female,2024-03-14,Product_049,Home,1701.17,159
T000319,U0132,P030,57.95,Net Banking,2024-09-23,79.0025,6,2025-08-27,66,Beauty,52.58,Aarav Chopra,32,Female,2022-01-07,Product_030,Home,685.55,28
T000319,U0132,P030,57.95,Net Banking,2024-09-23,79.0025,6,2025-08-27,66,Clothing,120.87,Aarav Chopra,32,Female,2022-01-07,Product_030,Home,685.55,28
T000319,U0132,P030,57.95,Net Banking,2024-09-23,79.0025,6,2025-08-27,66,Electronics,20.06,Aarav Chopra,32,Female,2022-01-07,Product_030,Home,685.55,28
T000319,U0132,P030,57.95,Net Banking,2024-09-23,79.0025,6,2025-08-27,66,Home,57.95,Aarav Chopra,32,Female,2022-01-07,Product_030,Home,685.55,28
T000319,U0132,P030,57.95,Net Banking,2024-09-23,79.0025,6,2025-08-27,66,Toys,64.55,Aarav Chopra,32,Female,2022-01-07,Product_030,Home,685.55,28
T000320,U0128,P002,85.7,Credit Card,2025-03-16,56.245000000000005,4,2025-05-23,162,Grocery,154.17000000000002,Arjun Reddy,27,Male,2023-12-12,Product_002,Grocery,605.91,150
T000320,U0128,P002,85.7,Credit Card,2025-03-16,56.245000000000005,4,2025-05-23,162,Home,35.21,Arjun Reddy,27,Male,2023-12-12,Product_002,Grocery,605.91,150
T000320,U0128,P002,85.7,Credit Card,2025-03-16,56.245000000000005,4,2025-05-23,162,Sports,35.6,Arjun Reddy,27,Male,2023-12-12,Product_002,Grocery,605.91,150
T000321,U0130,P030,20.05,Debit Card,2024-03-16,35.656,5,2025-10-23,9,Books,33.62,Anaya Kapoor,27,Female,2022-03-05,Product_030,Home,685.55,28
T000321,U0130,P030,20.05,Debit Card,2024-03-16,35.656,5,2025-10-23,9,Electronics,91.47999999999999,Anaya Kapoor,27,Female,2022-03-05,Product_030,Home,685.55,28
T000321,U0130,P030,20.05,Debit Card,2024-03-16,35.656,5,2025-10-23,9,Home,53.18000000000001,Anaya Kapoor,27,Female,2022-03-05,Product_030,Home,685.55,28
T000322,U0150,P023,75.64,Credit Card,2023-04-14,57.31125,9,2025-08-02,91,Beauty,25.34,Muhammad Gupta,34,Other,2022-04-15,Product_023,Books,1984.98,450
T000322,U0150,P023,75.64,Credit Card,2023-04-14,57.31125,9,2025-08-02,91,Books,139.48000000000002,Muhammad Gupta,34,Other,2022-04-15,Product_023,Books,1984.98,450
T000322,U0150,P023,75.64,Credit Card,2023-04-14,57.31125,9,2025-08-02,91,Clothing,30.15,Muhammad Gupta,34,Other,2022-04-15,Product_023,Books,1984.98,450
T000322,U0150,P023,75.64,Credit Card,2023-04-14,57.31125,9,2025-08-02,91,Electronics,58.45,Muhammad Gupta,34,Other,2022-04-15,Product_023,Books,1984.98,450
T000322,U0150,P023,75.64,Credit Card,2023-04-14,57.31125,9,2025-08-02,91,Home,84.41,Muhammad Gupta,34,Other,2022-04-15,Product_023,Books,1984.98,450
T000322,U0150,P023,75.64,Credit Card,2023-04-14,57.31125,9,2025-08-02,91,Sports,101.44,Muhammad Gupta,34,Other,2022-04-15,Product_023,Books,1984.98,450
T000322,U0150,P023,75.64,Credit Card,2023-04-14,57.31125,9,2025-08-02,91,Toys,19.22,Muhammad Gupta,34,Other,2022-04-15,Product_023,Books,1984.98,450
T000323,U0073,P032,36.69,Cash,2025-08-21,84.952,5,2025-10-16,16,Beauty,110.79,Aarohi Das,31,Other,2022-05-16,Product_032,Books,2913.02,176
T000323,U0073,P032,36.69,Cash,2025-08-21,84.952,5,2025-10-16,16,Books,98.9,Aarohi Das,31,Other,2022-05-16,Product_032,Books,2913.02,176
T000323,U0073,P032,36.69,Cash,2025-08-21,84.952,5,2025-10-16,16,Clothing,110.78,Aarohi Das,31,Other,2022-05-16,Product_032,Books,2913.02,176
T000323,U0073,P032,36.69,Cash,2025-08-21,84.952,5,2025-10-16,16,Grocery,104.29,Aarohi Das,31,Other,2022-05-16,Product_032,Books,2913.02,176
T000324,U0074,P035,76.89,Credit Card,2023-08-09,60.69333333333333,6,2025-02-16,258,Books,133.3,Diya Gupta,44,Male,2022-10-19,Product_035,Sports,2998.97,82
T000324,U0074,P035,76.89,Credit Card,2023-08-09,60.69333333333333,6,2025-02-16,258,Grocery,79.6,Diya Gupta,44,Male,2022-10-19,Product_035,Sports,2998.97,82
T000324,U0074,P035,76.89,Credit Card,2023-08-09,60.69333333333333,6,2025-02-16,258,Home,74.37,Diya Gupta,44,Male,2022-10-19,Product_035,Sports,2998.97,82
T000324,U0074,P035,76.89,Credit Card,2023-08-09,60.69333333333333,6,2025-02-16,258,Sports,76.89,Diya Gupta,44,Male,2022-10-19,Product_035,Sports,2998.97,82
T000325,U0111,P009,34.54,UPI,2025-01-19,43.57,3,2025-04-27,188,Clothing,85.03999999999999,Myra Roy,18,Other,2023-06-08,Product_009,Clothing,1799.44,163
T000325,U0111,P009,34.54,UPI,2025-01-19,43.57,3,2025-04-27,188,Home,45.67,Myra Roy,18,Other,2023-06-08,Product_009,Clothing,1799.44,163
T000326,U0196,P026,18.49,UPI,2023-04-03,88.99714285714286,7,2025-08-21,72,Beauty,94.92999999999999,Kabir Kulkarni,35,Other,2024-08-01,Product_026,Beauty,3490.97,332
T000326,U0196,P026,18.49,UPI,2023-04-03,88.99714285714286,7,2025-08-21,72,Books,196.74,Kabir Kulkarni,35,Other,2024-08-01,Product_026,Beauty,3490.97,332
T000326,U0196,P026,18.49,UPI,2023-04-03,88.99714285714286,7,2025-08-21,72,Grocery,226.74,Kabir Kulkarni,35,Other,2024-08-01,Product_026,Beauty,3490.97,332
T000326,U0196,P026,18.49,UPI,2023-04-03,88.99714285714286,7,2025-08-21,72,Home,104.57,Kabir Kulkarni,35,Other,2024-08-01,Product_026,Beauty,3490.97,332
T000327,U0103,P004,20.56,Cash,2024-02-03,36.5125,4,2025-03-02,244,Clothing,92.69999999999999,Muhammad Mehta,29,Female,2024-08-29,Product_004,Toys,2600.12,229
T000327,U0103,P004,20.56,Cash,2024-02-03,36.5125,4,2025-03-02,244,Home,32.79,Muhammad Mehta,29,Female,2024-08-29,Product_004,Toys,2600.12,229
T000327,U0103,P004,20.56,Cash,2024-02-03,36.5125,4,2025-03-02,244,Toys,20.56,Muhammad Mehta,29,Female,2024-08-29,Product_004,Toys,2600.12,229
T000328,U0093,P036,56.2,UPI,2023-05-31,39.01666666666667,3,2024-07-15,474,Clothing,34.68,Meera Ghosh,26,Male,2022-12-25,Product_036,Sports,1650.69,388
T000328,U0093,P036,56.2,UPI,2023-05-31,39.01666666666667,3,2024-07-15,474,Sports,56.2,Meera Ghosh,26,Male,2022-12-25,Product_036,Sports,1650.69,388
T000328,U0093,P036,56.2,UPI,2023-05-31,39.01666666666667,3,2024-07-15,474,Toys,26.17,Meera Ghosh,26,Male,2022-12-25,Product_036,Sports,1650.69,388
T000329,U0099,P033,63.81,Net Banking,2024-07-26,70.554,5,2025-08-26,67,Clothing,110.1,Vihaan Kulkarni,32,Female,2024-01-17,Product_033,Clothing,3874.48,45
T000329,U0099,P033,63.81,Net Banking,2024-07-26,70.554,5,2025-08-26,67,Grocery,105.85,Vihaan Kulkarni,32,Female,2024-01-17,Product_033,Clothing,3874.48,45
T000329,U0099,P033,63.81,Net Banking,2024-07-26,70.554,5,2025-08-26,67,Home,136.82,Vihaan Kulkarni,32,Female,2024-01-17,Product_033,Clothing,3874.48,45
T000330,U0160,P044,31.73,Cash,2023-09-01,67.83,3,2025-06-24,130,Beauty,31.73,Myra Chopra,37,Other,2022-12-11,Product_044,Beauty,1655.45,268
T000330,U0160,P044,31.73,Cash,2023-09-01,67.83,3,2025-06-24,130,Grocery,91.05,Myra Chopra,37,Other,2022-12-11,Product_044,Beauty,1655.45,268
T000330,U0160,P044,31.73,Cash,2023-09-01,67.83,3,2025-06-24,130,Home,80.71,Myra Chopra,37,Other,2022-12-11,Product_044,Beauty,1655.45,268
T000331,U0033,P007,80.09,Net Banking,2025-02-03,83.705,7,2025-02-03,271,Books,134.43,Ishaan Amin,31,Male,2024-07-23,Product_007,Books,2084.59,134
T000331,U0033,P007,80.09,Net Banking,2025-02-03,83.705,7,2025-02-03,271,Clothing,111.84,Ishaan Amin,31,Male,2024-07-23,Product_007,Books,2084.59,134
T000331,U0033,P007,80.09,Net Banking,2025-02-03,83.705,7,2025-02-03,271,Home,147.03,Ishaan Amin,31,Male,2024-07-23,Product_007,Books,2084.59,134
T000331,U0033,P007,80.09,Net Banking,2025-02-03,83.705,7,2025-02-03,271,Sports,51.74,Ishaan Amin,31,Male,2024-07-23,Product_007,Books,2084.59,134
T000331,U0033,P007,80.09,Net Banking,2025-02-03,83.705,7,2025-02-03,271,Toys,57.19,Ishaan Amin,31,Male,2024-07-23,Product_007,Books,2084.59,134
T000332,U0087,P036,20.15,UPI,2023-10-23,39.2425,4,2025-10-15,17,Books,45.02,Kabir Mehta,39,Male,2022-08-04,Product_036,Sports,1650.69,388
T000332,U0087,P036,20.15,UPI,2023-10-23,39.2425,4,2025-10-15,17,Home,57.87,Kabir Mehta,39,Male,2022-08-04,Product_036,Sports,1650.69,388
T000332,U0087,P036,20.15,UPI,2023-10-23,39.2425,4,2025-10-15,17,Sports,54.08,Kabir Mehta,39,Male,2022-08-04,Product_036,Sports,1650.69,388
T000333,U0051,P039,52.48,Cash,2025-04-02,72.70333333333333,3,2025-04-02,213,Grocery,144.5,Kiara Mehta,34,Female,2023-04-24,Product_039,Grocery,4167.72,453
T000333,U0051,P039,52.48,Cash,2025-04-02,72.70333333333333,3,2025-04-02,213,Sports,73.61,Kiara Mehta,34,Female,2023-04-24,Product_039,Grocery,4167.72,453
T000334,U0129,P003,26.4,Credit Card,2023-03-21,73.32000000000001,7,2025-03-01,245,Beauty,26.4,Arjun Das,32,Male,2023-02-22,Product_003,Beauty,3027.98,127
T000334,U0129,P003,26.4,Credit Card,2023-03-21,73.32000000000001,7,2025-03-01,245,Books,66.65,Arjun Das,32,Male,2023-02-22,Product_003,Beauty,3027.98,127
T000334,U0129,P003,26.4,Credit Card,2023-03-21,73.32000000000001,7,2025-03-01,245,Clothing,93.42,Arjun Das,32,Male,2023-02-22,Product_003,Beauty,3027.98,127
T000334,U0129,P003,26.4,Credit Card,2023-03-21,73.32000000000001,7,2025-03-01,245,Home,207.53,Arjun Das,32,Male,2023-02-22,Product_003,Beauty,3027.98,127
T000334,U0129,P003,26.4,Credit Card,2023-03-21,73.32000000000001,7,2025-03-01,245,Sports,45.92,Arjun Das,32,Male,2023-02-22,Product_003,Beauty,3027.98,127
T000335,U0036,P046,36.93,UPI,2025-08-28,48.7025,5,2025-08-28,65,Books,16.07,Ira Sharma,22,Other,2023-05-16,Product_046,Toys,4970.99,267
T000335,U0036,P046,36.93,UPI,2025-08-28,48.7025,5,2025-08-28,65,Grocery,89.86,Ira Sharma,22,Other,2023-05-16,Product_046,Toys,4970.99,267
T000335,U0036,P046,36.93,UPI,2025-08-28,48.7025,5,2025-08-28,65,Home,27.45,Ira Sharma,22,Other,2023-05-16,Product_046,Toys,4970.99,267
T000335,U0036,P046,36.93,UPI,2025-08-28,48.7025,5,2025-08-28,65,Sports,24.5,Ira Sharma,22,Other,2023-05-16,Product_046,Toys,4970.99,267
T000335,U0036,P046,36.93,UPI,2025-08-28,48.7025,5,2025-08-28,65,Toys,36.93,Ira Sharma,22,Other,2023-05-16,Product_046,Toys,4970.99,267
T000336,U0133,P030,56.17,Debit Card,2023-10-14,90.22999999999999,5,2024-10-27,370,Beauty,215.07,Diya Singh,23,Female,2023-07-06,Product_030,Home,685.55,28
T000336,U0133,P030,56.17,Debit Card,2023-10-14,90.22999999999999,5,2024-10-27,370,Electronics,77.16,Diya Singh,23,Female,2023-07-06,Product_030,Home,685.55,28
T000336,U0133,P030,56.17,Debit Card,2023-10-14,90.22999999999999,5,2024-10-27,370,Home,158.92000000000002,Diya Singh,23,Female,2023-07-06,Product_030,Home,685.55,28
T000337,U0084,P040,32.58,UPI,2023-11-29,45.8425,4,2025-10-15,17,Books,53.98,Kiara Kapoor,27,Male,2022-03-19,Product_040,Grocery,4011.76,36
T000337,U0084,P040,32.58,UPI,2023-11-29,45.8425,4,2025-10-15,17,Clothing,96.81,Kiara Kapoor,27,Male,2022-03-19,Product_040,Grocery,4011.76,36
T000337,U0084,P040,32.58,UPI,2023-11-29,45.8425,4,2025-10-15,17,Grocery,32.58,Kiara Kapoor,27,Male,2022-03-19,Product_040,Grocery,4011.76,36
T000338,U0101,P040,43.35,Wallet,2024-09-04,32.67,2,2024-09-04,423,Grocery,43.35,Aadhya Chopra,20,Male,2022-02-15,Product_040,Grocery,4011.76,36
T000338,U0101,P040,43.35,Wallet,2024-09-04,32.67,2,2024-09-04,423,Home,21.99,Aadhya Chopra,20,Male,2022-02-15,Product_040,Grocery,4011.76,36
T000339,U0152,P022,99.86,Cash,2025-09-30,59.41,4,2025-09-30,32,Books,21.86,Vivaan Mehta,34,Other,2023-11-09,Product_022,Electronics,3207.91,466
T000339,U0152,P022,99.86,Cash,2025-09-30,59.41,4,2025-09-30,32,Electronics,179.73000000000002,Vivaan Mehta,34,Other,2023-11-09,Product_022,Electronics,3207.91,466
T000339,U0152,P022,99.86,Cash,2025-09-30,59.41,4,2025-09-30,32,Grocery,36.05,Vivaan Mehta,34,Other,2023-11-09,Product_022,Electronics,3207.91,466
T000340,U0182,P037,38.62,UPI,2025-08-30,73.22555555555556,11,2025-10-28,4,Books,104.02,Vivaan Reddy,25,Male,2024-08-29,Product_037,Clothing,1750.62,496
T000340,U0182,P037,38.62,UPI,2025-08-30,73.22555555555556,11,2025-10-28,4,Clothing,236.67,Vivaan Reddy,25,Male,2024-08-29,Product_037,Clothing,1750.62,496
T000340,U0182,P037,38.62,UPI,2025-08-30,73.22555555555556,11,2025-10-28,4,Grocery,55.53,Vivaan Reddy,25,Male,2024-08-29,Product_037,Clothing,1750.62,496
T000340,U0182,P037,38.62,UPI,2025-08-30,73.22555555555556,11,2025-10-28,4,Home,262.81,Vivaan Reddy,25,Male,2024-08-29,Product_037,Clothing,1750.62,496
T000341,U0005,P024,90.14,UPI,2023-08-13,57.94833333333333,6,2025-06-22,132,Beauty,103.03,Sara Sharma,30,Other,2024-01-04,Product_024,Home,2509.0,267
T000341,U0005,P024,90.14,UPI,2023-08-13,57.94833333333333,6,2025-06-22,132,Books,68.07,Sara Sharma,30,Other,2024-01-04,Product_024,Home,2509.0,267
T000341,U0005,P024,90.14,UPI,2023-08-13,57.94833333333333,6,2025-06-22,132,Clothing,48.34,Sara Sharma,30,Other,2024-01-04,Product_024,Home,2509.0,267
T000341,U0005,P024,90.14,UPI,2023-08-13,57.94833333333333,6,2025-06-22,132,Home,128.25,Sara Sharma,30,Other,2024-01-04,Product_024,Home,2509.0,267
T000342,U0107,P038,27.72,UPI,2023-02-24,43.097142857142856,7,2025-09-29,33,Clothing,29.26,Kiara Bose,47,Other,2023-09-23,Product_038,Home,393.65,58
T000342,U0107,P038,27.72,UPI,2023-02-24,43.097142857142856,7,2025-09-29,33,Electronics,23.47,Kiara Bose,47,Other,2023-09-23,Product_038,Home,393.65,58
T000342,U0107,P038,27.72,UPI,2023-02-24,43.097142857142856,7,2025-09-29,33,Grocery,150.88,Kiara Bose,47,Other,2023-09-23,Product_038,Home,393.65,58
T000342,U0107,P038,27.72,UPI,2023-02-24,43.097142857142856,7,2025-09-29,33,Home,75.91,Kiara Bose,47,Other,2023-09-23,Product_038,Home,393.65,58
T000342,U0107,P038,27.72,UPI,2023-02-24,43.097142857142856,7,2025-09-29,33,Sports,22.16,Kiara Bose,47,Other,2023-09-23,Product_038,Home,393.65,58
T000343,U0153,P031,75.03,UPI,2024-04-11,57.984,5,2025-07-26,98,Beauty,50.63,Diya Gupta,26,Other,2022-01-13,Product_031,Grocery,3035.94,111
T000343,U0153,P031,75.03,UPI,2024-04-11,57.984,5,2025-07-26,98,Electronics,28.77,Diya Gupta,26,Other,2022-01-13,Product_031,Grocery,3035.94,111
T000343,U0153,P031,75.03,UPI,2024-04-11,57.984,5,2025-07-26,98,Grocery,160.31,Diya Gupta,26,Other,2022-01-13,Product_031,Grocery,3035.94,111
T000343,U0153,P031,75.03,UPI,2024-04-11,57.984,5,2025-07-26,98,Toys,50.21,Diya Gupta,26,Other,2022-01-13,Product_031,Grocery,3035.94,111
T000344,U0185,P004,129.66,Cash,2025-09-10,72.525,4,2025-09-10,52,Books,40.7,Ira Bose,30,Female,2022-11-01,Product_004,Toys,2600.12,229
T000344,U0185,P004,129.66,Cash,2025-09-10,72.525,4,2025-09-10,52,Clothing,58.68,Ira Bose,30,Female,2022-11-01,Product_004,Toys,2600.12,229
T000344,U0185,P004,129.66,Cash,2025-09-10,72.525,4,2025-09-10,52,Sports,61.06,Ira Bose,30,Female,2022-11-01,Product_004,Toys,2600.12,229
T000344,U0185,P004,129.66,Cash,2025-09-10,72.525,4,2025-09-10,52,Toys,129.66,Ira Bose,30,Female,2022-11-01,Product_004,Toys,2600.12,229
T000345,U0044,P034,12.39,Wallet,2025-02-17,73.16857142857144,7,2025-09-27,35,Books,12.39,Aditya Nair,29,Male,2023-07-22,Product_034,Books,474.01,362
T000345,U0044,P034,12.39,Wallet,2025-02-17,73.16857142857144,7,2025-09-27,35,Clothing,178.51000000000002,Aditya Nair,29,Male,2023-07-22,Product_034,Books,474.01,362
T000345,U0044,P034,12.39,Wallet,2025-02-17,73.16857142857144,7,2025-09-27,35,Grocery,69.48,Aditya Nair,29,Male,2023-07-22,Product_034,Books,474.01,362
T000345,U0044,P034,12.39,Wallet,2025-02-17,73.16857142857144,7,2025-09-27,35,Home,251.8,Aditya Nair,29,Male,2023-07-22,Product_034,Books,474.01,362
T000346,U0038,P044,33.85,Debit Card,2023-03-06,95.24666666666667,4,2025-04-23,192,Beauty,33.85,Vivaan Ghosh,18,Other,2022-03-29,Product_044,Beauty,1655.45,268
T000346,U0038,P044,33.85,Debit Card,2023-03-06,95.24666666666667,4,2025-04-23,192,Books,69.62,Vivaan Ghosh,18,Other,2022-03-29,Product_044,Beauty,1655.45,268
T000346,U0038,P044,33.85,Debit Card,2023-03-06,95.24666666666667,4,2025-04-23,192,Clothing,124.11,Vivaan Ghosh,18,Other,2022-03-29,Product_044,Beauty,1655.45,268
T000346,U0038,P044,33.85,Debit Card,2023-03-06,95.24666666666667,4,2025-04-23,192,Toys,58.16,Vivaan Ghosh,18,Other,2022-03-29,Product_044,Beauty,1655.45,268
T000347,U0147,P045,77.19,Credit Card,2024-01-26,61.44818181818182,12,2025-10-25,7,Beauty,40.02,Ishaan Mehta,22,Male,2023-09-14,Product_045,Grocery,992.11,139
T000347,U0147,P045,77.19,Credit Card,2024-01-26,61.44818181818182,12,2025-10-25,7,Books,257.28,Ishaan Mehta,22,Male,2023-09-14,Product_045,Grocery,992.11,139
T000347,U0147,P045,77.19,Credit Card,2024-01-26,61.44818181818182,12,2025-10-25,7,Clothing,32.85,Ishaan Mehta,22,Male,2023-09-14,Product_045,Grocery,992.11,139
T000347,U0147,P045,77.19,Credit Card,2024-01-26,61.44818181818182,12,2025-10-25,7,Electronics,103.53999999999999,Ishaan Mehta,22,Male,2023-09-14,Product_045,Grocery,992.11,139
T000347,U0147,P045,77.19,Credit Card,2024-01-26,61.44818181818182,12,2025-10-25,7,Grocery,77.19,Ishaan Mehta,22,Male,2023-09-14,Product_045,Grocery,992.11,139
T000347,U0147,P045,77.19,Credit Card,2024-01-26,61.44818181818182,12,2025-10-25,7,Home,141.2,Ishaan Mehta,22,Male,2023-09-14,Product_045,Grocery,992.11,139
T000347,U0147,P045,77.19,Credit Card,2024-01-26,61.44818181818182,12,2025-10-25,7,Toys,23.85,Ishaan Mehta,22,Male,2023-09-14,Product_045,Grocery,992.11,139
T000348,U0005,P029,48.34,UPI,2025-05-07,57.94833333333333,6,2025-06-22,132,Beauty,103.03,Sara Sharma,30,Other,2024-01-04,Product_029,Clothing,128.31,289
T000348,U0005,P029,48.34,UPI,2025-05-07,57.94833333333333,6,2025-06-22,132,Books,68.07,Sara Sharma,30,Other,2024-01-04,Product_029,Clothing,128.31,289
T000348,U0005,P029,48.34,UPI,2025-05-07,57.94833333333333,6,2025-06-22,132,Clothing,48.34,Sara Sharma,30,Other,2024-01-04,Product_029,Clothing,128.31,289
T000348,U0005,P029,48.34,UPI,2025-05-07,57.94833333333333,6,2025-06-22,132,Home,128.25,Sara Sharma,30,Other,2024-01-04,Product_029,Clothing,128.31,289
T000349,U0039,P027,68.22,Wallet,2024-02-22,61.31,6,2025-09-18,44,Books,24.26,Meera Gupta,21,Other,2022-05-12,Product_027,Toys,2241.45,134
T000349,U0039,P027,68.22,Wallet,2024-02-22,61.31,6,2025-09-18,44,Clothing,97.15,Meera Gupta,21,Other,2022-05-12,Product_027,Toys,2241.45,134
T000349,U0039,P027,68.22,Wallet,2024-02-22,61.31,6,2025-09-18,44,Sports,49.9,Meera Gupta,21,Other,2022-05-12,Product_027,Toys,2241.45,134
T000349,U0039,P027,68.22,Wallet,2024-02-22,61.31,6,2025-09-18,44,Toys,135.24,Meera Gupta,21,Other,2022-05-12,Product_027,Toys,2241.45,134
T000350,U0106,P033,38.0,Cash,2025-08-23,50.555,5,2025-08-25,68,Clothing,38.0,Aadhya Singh,35,Other,2022-07-16,Product_033,Clothing,3874.48,45
T000350,U0106,P033,38.0,Cash,2025-08-23,50.555,5,2025-08-25,68,Electronics,44.22,Aadhya Singh,35,Other,2022-07-16,Product_033,Clothing,3874.48,45
T000350,U0106,P033,38.0,Cash,2025-08-23,50.555,5,2025-08-25,68,Grocery,48.02,Aadhya Singh,35,Other,2022-07-16,Product_033,Clothing,3874.48,45
T000350,U0106,P033,38.0,Cash,2025-08-23,50.555,5,2025-08-25,68,Toys,71.97999999999999,Aadhya Singh,35,Other,2022-07-16,Product_033,Clothing,3874.48,45
T000351,U0189,P047,57.51,Credit Card,2023-10-10,55.54333333333333,3,2024-09-01,426,Electronics,138.09,Sai Iyer,25,Other,2022-06-10,Product_047,Electronics,1846.57,300
T000351,U0189,P047,57.51,Credit Card,2023-10-10,55.54333333333333,3,2024-09-01,426,Home,28.54,Sai Iyer,25,Other,2022-06-10,Product_047,Electronics,1846.57,300
T000352,U0133,P014,49.73,Cash,2024-10-27,90.22999999999999,5,2024-10-27,370,Beauty,215.07,Diya Singh,23,Female,2023-07-06,Product_014,Beauty,3844.95,467
T000352,U0133,P014,49.73,Cash,2024-10-27,90.22999999999999,5,2024-10-27,370,Electronics,77.16,Diya Singh,23,Female,2023-07-06,Product_014,Beauty,3844.95,467
T000352,U0133,P014,49.73,Cash,2024-10-27,90.22999999999999,5,2024-10-27,370,Home,158.92000000000002,Diya Singh,23,Female,2023-07-06,Product_014,Beauty,3844.95,467
T000353,U0170,P031,110.02,Cash,2025-02-10,99.21571428571428,7,2025-07-02,122,Books,172.16,Diya Roy,25,Female,2022-09-15,Product_031,Grocery,3035.94,111
T000353,U0170,P031,110.02,Cash,2025-02-10,99.21571428571428,7,2025-07-02,122,Electronics,79.34,Diya Roy,25,Female,2022-09-15,Product_031,Grocery,3035.94,111
T000353,U0170,P031,110.02,Cash,2025-02-10,99.21571428571428,7,2025-07-02,122,Grocery,110.02,Diya Roy,25,Female,2022-09-15,Product_031,Grocery,3035.94,111
T000353,U0170,P031,110.02,Cash,2025-02-10,99.21571428571428,7,2025-07-02,122,Home,292.81,Diya Roy,25,Female,2022-09-15,Product_031,Grocery,3035.94,111
T000353,U0170,P031,110.02,Cash,2025-02-10,99.21571428571428,7,2025-07-02,122,Toys,40.18,Diya Roy,25,Female,2022-09-15,Product_031,Grocery,3035.94,111
T000354,U0081,P012,63.6,Net Banking,2024-12-02,67.868,6,2025-04-08,207,Clothing,74.56,Vivaan Gupta,30,Other,2024-04-29,Product_012,Sports,4263.31,176
T000354,U0081,P012,63.6,Net Banking,2024-12-02,67.868,6,2025-04-08,207,Home,86.89,Vivaan Gupta,30,Other,2024-04-29,Product_012,Sports,4263.31,176
T000354,U0081,P012,63.6,Net Banking,2024-12-02,67.868,6,2025-04-08,207,Sports,63.6,Vivaan Gupta,30,Other,2024-04-29,Product_012,Sports,4263.31,176
T000354,U0081,P012,63.6,Net Banking,2024-12-02,67.868,6,2025-04-08,207,Toys,114.28999999999999,Vivaan Gupta,30,Other,2024-04-29,Product_012,Sports,4263.31,176
T000355,U0140,P023,66.86,Wallet,2024-06-25,59.8075,4,2024-06-25,494,Beauty,62.91,Ishaan Bose,22,Female,2023-04-11,Product_023,Books,1984.98,450
T000355,U0140,P023,66.86,Wallet,2024-06-25,59.8075,4,2024-06-25,494,Books,66.86,Ishaan Bose,22,Female,2023-04-11,Product_023,Books,1984.98,450
T000355,U0140,P023,66.86,Wallet,2024-06-25,59.8075,4,2024-06-25,494,Clothing,109.46,Ishaan Bose,22,Female,2023-04-11,Product_023,Books,1984.98,450
T000356,U0157,P031,42.64,Debit Card,2024-05-19,45.112,5,2025-06-20,134,Beauty,79.79,Aarohi Joshi,46,Female,2024-04-25,Product_031,Grocery,3035.94,111
T000356,U0157,P031,42.64,Debit Card,2024-05-19,45.112,5,2025-06-20,134,Books,25.98,Aarohi Joshi,46,Female,2024-04-25,Product_031,Grocery,3035.94,111
T000356,U0157,P031,42.64,Debit Card,2024-05-19,45.112,5,2025-06-20,134,Electronics,47.16,Aarohi Joshi,46,Female,2024-04-25,Product_031,Grocery,3035.94,111
T000356,U0157,P031,42.64,Debit Card,2024-05-19,45.112,5,2025-06-20,134,Grocery,42.64,Aarohi Joshi,46,Female,2024-04-25,Product_031,Grocery,3035.94,111
T000356,U0157,P031,42.64,Debit Card,2024-05-19,45.112,5,2025-06-20,134,Home,29.99,Aarohi Joshi,46,Female,2024-04-25,Product_031,Grocery,3035.94,111
T000357,U0072,P036,40.75,UPI,2024-04-05,72.58,5,2025-05-08,177,Beauty,69.75,Myra Kulkarni,44,Other,2022-03-17,Product_036,Sports,1650.69,388
T000357,U0072,P036,40.75,UPI,2024-04-05,72.58,5,2025-05-08,177,Clothing,79.82,Myra Kulkarni,44,Other,2022-03-17,Product_036,Sports,1650.69,388
T000357,U0072,P036,40.75,UPI,2024-04-05,72.58,5,2025-05-08,177,Electronics,14.6,Myra Kulkarni,44,Other,2022-03-17,Product_036,Sports,1650.69,388
T000357,U0072,P036,40.75,UPI,2024-04-05,72.58,5,2025-05-08,177,Home,157.98,Myra Kulkarni,44,Other,2022-03-17,Product_036,Sports,1650.69,388
T000357,U0072,P036,40.75,UPI,2024-04-05,72.58,5,2025-05-08,177,Sports,40.75,Myra Kulkarni,44,Other,2022-03-17,Product_036,Sports,1650.69,388
T000358,U0077,P050,42.12,UPI,2024-02-29,44.13833333333333,6,2025-09-13,49,Beauty,36.49,Vihaan Reddy,32,Female,2024-06-30,Product_050,Toys,2833.37,45
T000358,U0077,P050,42.12,UPI,2024-02-29,44.13833333333333,6,2025-09-13,49,Electronics,61.69,Vihaan Reddy,32,Female,2024-06-30,Product_050,Toys,2833.37,45
T000358,U0077,P050,42.12,UPI,2024-02-29,44.13833333333333,6,2025-09-13,49,Grocery,19.57,Vihaan Reddy,32,Female,2024-06-30,Product_050,Toys,2833.37,45
T000358,U0077,P050,42.12,UPI,2024-02-29,44.13833333333333,6,2025-09-13,49,Home,104.96000000000001,Vihaan Reddy,32,Female,2024-06-30,Product_050,Toys,2833.37,45
T000358,U0077,P050,42.12,UPI,2024-02-29,44.13833333333333,6,2025-09-13,49,Toys,42.12,Vihaan Reddy,32,Female,2024-06-30,Product_050,Toys,2833.37,45
T000359,U0177,P046,69.18,Net Banking,2024-10-11,77.21000000000001,5,2025-10-22,10,Clothing,252.76,Ishaan Verma,32,Male,2022-10-27,Product_046,Toys,4970.99,267
T000359,U0177,P046,69.18,Net Banking,2024-10-11,77.21000000000001,5,2025-10-22,10,Electronics,25.77,Ishaan Verma,32,Male,2022-10-27,Product_046,Toys,4970.99,267
T000359,U0177,P046,69.18,Net Banking,2024-10-11,77.21000000000001,5,2025-10-22,10,Home,38.34,Ishaan Verma,32,Male,2022-10-27,Product_046,Toys,4970.99,267
T000359,U0177,P046,69.18,Net Banking,2024-10-11,77.21000000000001,5,2025-10-22,10,Toys,69.18,Ishaan Verma,32,Male,2022-10-27,Product_046,Toys,4970.99,267
T000360,U0123,P023,42.41,Cash,2024-07-14,51.17285714285714,7,2025-03-26,220,Beauty,172.5,Aarohi Roy,43,Male,2023-04-06,Product_023,Books,1984.98,450
T000360,U0123,P023,42.41,Cash,2024-07-14,51.17285714285714,7,2025-03-26,220,Books,106.53,Aarohi Roy,43,Male,2023-04-06,Product_023,Books,1984.98,450
T000360,U0123,P023,42.41,Cash,2024-07-14,51.17285714285714,7,2025-03-26,220,Clothing,12.75,Aarohi Roy,43,Male,2023-04-06,Product_023,Books,1984.98,450
T000360,U0123,P023,42.41,Cash,2024-07-14,51.17285714285714,7,2025-03-26,220,Home,66.43,Aarohi Roy,43,Male,2023-04-06,Product_023,Books,1984.98,450
T000361,U0074,P008,64.97,Cash,2025-02-16,60.69333333333333,6,2025-02-16,258,Books,133.3,Diya Gupta,44,Male,2022-10-19,Product_008,Books,4534.16,161
T000361,U0074,P008,64.97,Cash,2025-02-16,60.69333333333333,6,2025-02-16,258,Grocery,79.6,Diya Gupta,44,Male,2022-10-19,Product_008,Books,4534.16,161
T000361,U0074,P008,64.97,Cash,2025-02-16,60.69333333333333,6,2025-02-16,258,Home,74.37,Diya Gupta,44,Male,2022-10-19,Product_008,Books,4534.16,161
T000361,U0074,P008,64.97,Cash,2025-02-16,60.69333333333333,6,2025-02-16,258,Sports,76.89,Diya Gupta,44,Male,2022-10-19,Product_008,Books,4534.16,161
T000362,U0102,P023,189.66,Debit Card,2024-08-17,96.24166666666667,7,2025-02-17,257,Beauty,52.81,Kiara Sharma,28,Other,2023-12-05,Product_023,Books,1984.98,450
T000362,U0102,P023,189.66,Debit Card,2024-08-17,96.24166666666667,7,2025-02-17,257,Books,304.48,Kiara Sharma,28,Other,2023-12-05,Product_023,Books,1984.98,450
T000362,U0102,P023,189.66,Debit Card,2024-08-17,96.24166666666667,7,2025-02-17,257,Electronics,48.89,Kiara Sharma,28,Other,2023-12-05,Product_023,Books,1984.98,450
T000362,U0102,P023,189.66,Debit Card,2024-08-17,96.24166666666667,7,2025-02-17,257,Grocery,108.81,Kiara Sharma,28,Other,2023-12-05,Product_023,Books,1984.98,450
T000362,U0102,P023,189.66,Debit Card,2024-08-17,96.24166666666667,7,2025-02-17,257,Toys,62.46,Kiara Sharma,28,Other,2023-12-05,Product_023,Books,1984.98,450
T000363,U0011,P019,92.08,Wallet,2023-06-11,71.88333333333334,4,2025-06-10,144,Electronics,62.08,Myra Kapoor,28,Male,2022-03-22,Product_019,Home,523.79,441
T000363,U0011,P019,92.08,Wallet,2023-06-11,71.88333333333334,4,2025-06-10,144,Home,153.57,Myra Kapoor,28,Male,2022-03-22,Product_019,Home,523.79,441
T000364,U0089,P029,44.9,Wallet,2024-06-09,66.04666666666667,7,2025-02-11,263,Books,81.05,Kiara Kulkarni,27,Other,2024-08-05,Product_029,Clothing,128.31,289
T000364,U0089,P029,44.9,Wallet,2024-06-09,66.04666666666667,7,2025-02-11,263,Clothing,128.41,Kiara Kulkarni,27,Other,2024-08-05,Product_029,Clothing,128.31,289
T000364,U0089,P029,44.9,Wallet,2024-06-09,66.04666666666667,7,2025-02-11,263,Electronics,123.55000000000001,Kiara Kulkarni,27,Other,2024-08-05,Product_029,Clothing,128.31,289
T000364,U0089,P029,44.9,Wallet,2024-06-09,66.04666666666667,7,2025-02-11,263,Grocery,27.79,Kiara Kulkarni,27,Other,2024-08-05,Product_029,Clothing,128.31,289
T000364,U0089,P029,44.9,Wallet,2024-06-09,66.04666666666667,7,2025-02-11,263,Home,35.48,Kiara Kulkarni,27,Other,2024-08-05,Product_029,Clothing,128.31,289
T000365,U0192,P031,112.25,Debit Card,2024-02-18,121.93,4,2024-05-11,539,Beauty,238.22,Kabir Roy,38,Male,2024-08-04,Product_031,Grocery,3035.94,111
T000365,U0192,P031,112.25,Debit Card,2024-02-18,121.93,4,2024-05-11,539,Grocery,112.25,Kabir Roy,38,Male,2024-08-04,Product_031,Grocery,3035.94,111
T000365,U0192,P031,112.25,Debit Card,2024-02-18,121.93,4,2024-05-11,539,Home,137.25,Kabir Roy,38,Male,2024-08-04,Product_031,Grocery,3035.94,111
T000366,U0138,P018,42.74,Cash,2024-07-10,105.31200000000001,6,2025-10-25,7,Beauty,62.45,Aadhya Chopra,29,Other,2022-03-27,Product_018,Electronics,2390.82,158
T000366,U0138,P018,42.74,Cash,2024-07-10,105.31200000000001,6,2025-10-25,7,Books,244.98000000000002,Aadhya Chopra,29,Other,2022-03-27,Product_018,Electronics,2390.82,158
T000366,U0138,P018,42.74,Cash,2024-07-10,105.31200000000001,6,2025-10-25,7,Electronics,42.74,Aadhya Chopra,29,Other,2022-03-27,Product_018,Electronics,2390.82,158
T000366,U0138,P018,42.74,Cash,2024-07-10,105.31200000000001,6,2025-10-25,7,Home,176.39000000000001,Aadhya Chopra,29,Other,2022-03-27,Product_018,Electronics,2390.82,158
T000367,U0036,P007,16.07,Cash,2024-05-05,48.7025,5,2025-08-28,65,Books,16.07,Ira Sharma,22,Other,2023-05-16,Product_007,Books,2084.59,134
T000367,U0036,P007,16.07,Cash,2024-05-05,48.7025,5,2025-08-28,65,Grocery,89.86,Ira Sharma,22,Other,2023-05-16,Product_007,Books,2084.59,134
T000367,U0036,P007,16.07,Cash,2024-05-05,48.7025,5,2025-08-28,65,Home,27.45,Ira Sharma,22,Other,2023-05-16,Product_007,Books,2084.59,134
T000367,U0036,P007,16.07,Cash,2024-05-05,48.7025,5,2025-08-28,65,Sports,24.5,Ira Sharma,22,Other,2023-05-16,Product_007,Books,2084.59,134
T000367,U0036,P007,16.07,Cash,2024-05-05,48.7025,5,2025-08-28,65,Toys,36.93,Ira Sharma,22,Other,2023-05-16,Product_007,Books,2084.59,134
T000368,U0063,P004,29.82,Wallet,2024-04-07,43.135000000000005,2,2025-04-03,212,Clothing,56.45,Anaya Verma,23,Male,2023-05-04,Product_004,Toys,2600.12,229
T000368,U0063,P004,29.82,Wallet,2024-04-07,43.135000000000005,2,2025-04-03,212,Toys,29.82,Anaya Verma,23,Male,2023-05-04,Product_004,Toys,2600.12,229
T000369,U0164,P015,17.77,Credit Card,2023-07-25,63.097142857142856,7,2025-10-13,19,Beauty,65.06,Muhammad Gupta,25,Male,2023-05-16,Product_015,Books,2286.25,251
T000369,U0164,P015,17.77,Credit Card,2023-07-25,63.097142857142856,7,2025-10-13,19,Books,98.06,Muhammad Gupta,25,Male,2023-05-16,Product_015,Books,2286.25,251
T000369,U0164,P015,17.77,Credit Card,2023-07-25,63.097142857142856,7,2025-10-13,19,Clothing,160.86,Muhammad Gupta,25,Male,2023-05-16,Product_015,Books,2286.25,251
T000369,U0164,P015,17.77,Credit Card,2023-07-25,63.097142857142856,7,2025-10-13,19,Home,117.7,Muhammad Gupta,25,Male,2023-05-16,Product_015,Books,2286.25,251
T000370,U0106,P022,44.22,Wallet,2025-08-25,50.555,5,2025-08-25,68,Clothing,38.0,Aadhya Singh,35,Other,2022-07-16,Product_022,Electronics,3207.91,466
T000370,U0106,P022,44.22,Wallet,2025-08-25,50.555,5,2025-08-25,68,Electronics,44.22,Aadhya Singh,35,Other,2022-07-16,Product_022,Electronics,3207.91,466
T000370,U0106,P022,44.22,Wallet,2025-08-25,50.555,5,2025-08-25,68,Grocery,48.02,Aadhya Singh,35,Other,2022-07-16,Product_022,Electronics,3207.91,466
T000370,U0106,P022,44.22,Wallet,2025-08-25,50.555,5,2025-08-25,68,Toys,71.97999999999999,Aadhya Singh,35,Other,2022-07-16,Product_022,Electronics,3207.91,466
T000371,U0026,P044,55.2,Debit Card,2023-01-11,41.928,5,2024-03-16,595,Beauty,55.2,Ira Joshi,32,Male,2024-05-31,Product_044,Beauty,1655.45,268
T000371,U0026,P044,55.2,Debit Card,2023-01-11,41.928,5,2024-03-16,595,Books,16.2,Ira Joshi,32,Male,2024-05-31,Product_044,Beauty,1655.45,268
T000371,U0026,P044,55.2,Debit Card,2023-01-11,41.928,5,2024-03-16,595,Electronics,27.25,Ira Joshi,32,Male,2024-05-31,Product_044,Beauty,1655.45,268
T000371,U0026,P044,55.2,Debit Card,2023-01-11,41.928,5,2024-03-16,595,Grocery,66.32,Ira Joshi,32,Male,2024-05-31,Product_044,Beauty,1655.45,268
T000371,U0026,P044,55.2,Debit Card,2023-01-11,41.928,5,2024-03-16,595,Home,44.67,Ira Joshi,32,Male,2024-05-31,Product_044,Beauty,1655.45,268
T000372,U0141,P011,149.29,Net Banking,2025-09-01,70.26857142857143,9,2025-09-15,47,Beauty,78.86,Anaya Nair,33,Female,2024-02-10,Product_011,Electronics,1410.29,28
T000372,U0141,P011,149.29,Net Banking,2025-09-01,70.26857142857143,9,2025-09-15,47,Books,12.19,Anaya Nair,33,Female,2024-02-10,Product_011,Electronics,1410.29,28
T000372,U0141,P011,149.29,Net Banking,2025-09-01,70.26857142857143,9,2025-09-15,47,Clothing,186.62,Anaya Nair,33,Female,2024-02-10,Product_011,Electronics,1410.29,28
T000372,U0141,P011,149.29,Net Banking,2025-09-01,70.26857142857143,9,2025-09-15,47,Electronics,168.29999999999998,Anaya Nair,33,Female,2024-02-10,Product_011,Electronics,1410.29,28
T000372,U0141,P011,149.29,Net Banking,2025-09-01,70.26857142857143,9,2025-09-15,47,Grocery,22.9,Anaya Nair,33,Female,2024-02-10,Product_011,Electronics,1410.29,28
T000372,U0141,P011,149.29,Net Banking,2025-09-01,70.26857142857143,9,2025-09-15,47,Home,23.01,Anaya Nair,33,Female,2024-02-10,Product_011,Electronics,1410.29,28
T000373,U0123,P042,66.43,Debit Card,2024-08-11,51.17285714285714,7,2025-03-26,220,Beauty,172.5,Aarohi Roy,43,Male,2023-04-06,Product_042,Home,4406.39,59
T000373,U0123,P042,66.43,Debit Card,2024-08-11,51.17285714285714,7,2025-03-26,220,Books,106.53,Aarohi Roy,43,Male,2023-04-06,Product_042,Home,4406.39,59
T000373,U0123,P042,66.43,Debit Card,2024-08-11,51.17285714285714,7,2025-03-26,220,Clothing,12.75,Aarohi Roy,43,Male,2023-04-06,Product_042,Home,4406.39,59
T000373,U0123,P042,66.43,Debit Card,2024-08-11,51.17285714285714,7,2025-03-26,220,Home,66.43,Aarohi Roy,43,Male,2023-04-06,Product_042,Home,4406.39,59
T000374,U0083,P019,47.87,Wallet,2023-05-02,59.12375,8,2025-10-23,9,Books,103.51,Arjun Khan,43,Male,2023-07-19,Product_019,Home,523.79,441
T000374,U0083,P019,47.87,Wallet,2023-05-02,59.12375,8,2025-10-23,9,Clothing,71.42,Arjun Khan,43,Male,2023-07-19,Product_019,Home,523.79,441
T000374,U0083,P019,47.87,Wallet,2023-05-02,59.12375,8,2025-10-23,9,Grocery,99.24000000000001,Arjun Khan,43,Male,2023-07-19,Product_019,Home,523.79,441
T000374,U0083,P019,47.87,Wallet,2023-05-02,59.12375,8,2025-10-23,9,Home,140.98,Arjun Khan,43,Male,2023-07-19,Product_019,Home,523.79,441
T000374,U0083,P019,47.87,Wallet,2023-05-02,59.12375,8,2025-10-23,9,Toys,57.84,Arjun Khan,43,Male,2023-07-19,Product_019,Home,523.79,441
T000375,U0197,P006,89.81,Wallet,2024-04-20,61.105000000000004,4,2025-10-26,6,Clothing,171.97,Kabir Roy,24,Male,2023-12-07,Product_006,Clothing,3250.7,481
T000375,U0197,P006,89.81,Wallet,2024-04-20,61.105000000000004,4,2025-10-26,6,Toys,72.45,Kabir Roy,24,Male,2023-12-07,Product_006,Clothing,3250.7,481
T000376,U0137,P048,14.49,Wallet,2023-03-18,62.848,5,2024-09-23,404,Clothing,14.49,Myra Reddy,25,Other,2022-01-28,Product_048,Clothing,3666.72,295
T000376,U0137,P048,14.49,Wallet,2023-03-18,62.848,5,2024-09-23,404,Electronics,208.94,Myra Reddy,25,Other,2022-01-28,Product_048,Clothing,3666.72,295
T000376,U0137,P048,14.49,Wallet,2023-03-18,62.848,5,2024-09-23,404,Home,56.57,Myra Reddy,25,Other,2022-01-28,Product_048,Clothing,3666.72,295
T000376,U0137,P048,14.49,Wallet,2023-03-18,62.848,5,2024-09-23,404,Sports,34.24,Myra Reddy,25,Other,2022-01-28,Product_048,Clothing,3666.72,295
T000377,U0045,P027,62.89,Debit Card,2023-03-16,85.19375,8,2025-04-10,205,Beauty,120.96,Sai Chopra,20,Male,2022-03-14,Product_027,Toys,2241.45,134
T000377,U0045,P027,62.89,Debit Card,2023-03-16,85.19375,8,2025-04-10,205,Books,218.42,Sai Chopra,20,Male,2022-03-14,Product_027,Toys,2241.45,134
T000377,U0045,P027,62.89,Debit Card,2023-03-16,85.19375,8,2025-04-10,205,Clothing,94.7,Sai Chopra,20,Male,2022-03-14,Product_027,Toys,2241.45,134
T000377,U0045,P027,62.89,Debit Card,2023-03-16,85.19375,8,2025-04-10,205,Grocery,63.37,Sai Chopra,20,Male,2022-03-14,Product_027,Toys,2241.45,134
T000377,U0045,P027,62.89,Debit Card,2023-03-16,85.19375,8,2025-04-10,205,Toys,184.1,Sai Chopra,20,Male,2022-03-14,Product_027,Toys,2241.45,134
T000378,U0102,P032,86.71,Debit Card,2024-08-15,96.24166666666667,7,2025-02-17,257,Beauty,52.81,Kiara Sharma,28,Other,2023-12-05,Product_032,Books,2913.02,176
T000378,U0102,P032,86.71,Debit Card,2024-08-15,96.24166666666667,7,2025-02-17,257,Books,304.48,Kiara Sharma,28,Other,2023-12-05,Product_032,Books,2913.02,176
T000378,U0102,P032,86.71,Debit Card,2024-08-15,96.24166666666667,7,2025-02-17,257,Electronics,48.89,Kiara Sharma,28,Other,2023-12-05,Product_032,Books,2913.02,176
T000378,U0102,P032,86.71,Debit Card,2024-08-15,96.24166666666667,7,2025-02-17,257,Grocery,108.81,Kiara Sharma,28,Other,2023-12-05,Product_032,Books,2913.02,176
T000378,U0102,P032,86.71,Debit Card,2024-08-15,96.24166666666667,7,2025-02-17,257,Toys,62.46,Kiara Sharma,28,Other,2023-12-05,Product_032,Books,2913.02,176
T000379,U0010,P001,22.48,UPI,2023-08-08,47.78,4,2025-04-05,210,Beauty,53.81,Diya Kulkarni,36,Female,2024-01-18,Product_001,Grocery,264.89,371
T000379,U0010,P001,22.48,UPI,2023-08-08,47.78,4,2025-04-05,210,Grocery,22.48,Diya Kulkarni,36,Female,2024-01-18,Product_001,Grocery,264.89,371
T000379,U0010,P001,22.48,UPI,2023-08-08,47.78,4,2025-04-05,210,Home,40.11,Diya Kulkarni,36,Female,2024-01-18,Product_001,Grocery,264.89,371
T000379,U0010,P001,22.48,UPI,2023-08-08,47.78,4,2025-04-05,210,Sports,74.72,Diya Kulkarni,36,Female,2024-01-18,Product_001,Grocery,264.89,371
T000380,U0086,P019,108.45,Net Banking,2025-10-08,87.285,4,2025-10-08,24,Books,74.37,Aarohi Reddy,27,Female,2022-02-12,Product_019,Home,523.79,441
T000380,U0086,P019,108.45,Net Banking,2025-10-08,87.285,4,2025-10-08,24,Clothing,41.2,Aarohi Reddy,27,Female,2022-02-12,Product_019,Home,523.79,441
T000380,U0086,P019,108.45,Net Banking,2025-10-08,87.285,4,2025-10-08,24,Grocery,125.12,Aarohi Reddy,27,Female,2022-02-12,Product_019,Home,523.79,441
T000380,U0086,P019,108.45,Net Banking,2025-10-08,87.285,4,2025-10-08,24,Home,108.45,Aarohi Reddy,27,Female,2022-02-12,Product_019,Home,523.79,441
T000381,U0035,P033,66.89,Net Banking,2024-07-12,51.217999999999996,5,2025-07-26,98,Beauty,24.96,Muhammad Reddy,38,Female,2023-07-07,Product_033,Clothing,3874.48,45
T000381,U0035,P033,66.89,Net Banking,2024-07-12,51.217999999999996,5,2025-07-26,98,Books,122.17,Muhammad Reddy,38,Female,2023-07-07,Product_033,Clothing,3874.48,45
T000381,U0035,P033,66.89,Net Banking,2024-07-12,51.217999999999996,5,2025-07-26,98,Clothing,66.89,Muhammad Reddy,38,Female,2023-07-07,Product_033,Clothing,3874.48,45
T000381,U0035,P033,66.89,Net Banking,2024-07-12,51.217999999999996,5,2025-07-26,98,Home,42.07,Muhammad Reddy,38,Female,2023-07-07,Product_033,Clothing,3874.48,45
T000382,U0050,P008,42.56,UPI,2023-11-29,42.56,1,2023-11-29,703,Books,42.56,Meera Mukherjee,18,Male,2022-04-10,Product_008,Books,4534.16,161
T000383,U0188,P030,79.81,Wallet,2024-06-10,60.9925,8,2025-03-04,242,Books,49.1,Muhammad Das,31,Female,2022-06-10,Product_030,Home,685.55,28
T000383,U0188,P030,79.81,Wallet,2024-06-10,60.9925,8,2025-03-04,242,Clothing,222.48,Muhammad Das,31,Female,2022-06-10,Product_030,Home,685.55,28
T000383,U0188,P030,79.81,Wallet,2024-06-10,60.9925,8,2025-03-04,242,Home,142.34,Muhammad Das,31,Female,2022-06-10,Product_030,Home,685.55,28
T000383,U0188,P030,79.81,Wallet,2024-06-10,60.9925,8,2025-03-04,242,Sports,74.02,Muhammad Das,31,Female,2022-06-10,Product_030,Home,685.55,28
T000384,U0184,P012,213.24,Credit Card,2024-11-21,95.79,6,2025-07-15,109,Clothing,23.72,Kiara Kulkarni,35,Other,2022-08-20,Product_012,Sports,4263.31,176
T000384,U0184,P012,213.24,Credit Card,2024-11-21,95.79,6,2025-07-15,109,Home,228.73,Kiara Kulkarni,35,Other,2022-08-20,Product_012,Sports,4263.31,176
T000384,U0184,P012,213.24,Credit Card,2024-11-21,95.79,6,2025-07-15,109,Sports,322.28999999999996,Kiara Kulkarni,35,Other,2022-08-20,Product_012,Sports,4263.31,176
T000385,U0076,P037,60.89,Wallet,2024-01-31,71.53428571428572,7,2025-10-13,19,Books,240.39999999999998,Ira Sharma,38,Other,2022-11-03,Product_037,Clothing,1750.62,496
T000385,U0076,P037,60.89,Wallet,2024-01-31,71.53428571428572,7,2025-10-13,19,Clothing,60.89,Ira Sharma,38,Other,2022-11-03,Product_037,Clothing,1750.62,496
T000385,U0076,P037,60.89,Wallet,2024-01-31,71.53428571428572,7,2025-10-13,19,Electronics,59.75,Ira Sharma,38,Other,2022-11-03,Product_037,Clothing,1750.62,496
T000385,U0076,P037,60.89,Wallet,2024-01-31,71.53428571428572,7,2025-10-13,19,Grocery,86.16,Ira Sharma,38,Other,2022-11-03,Product_037,Clothing,1750.62,496
T000385,U0076,P037,60.89,Wallet,2024-01-31,71.53428571428572,7,2025-10-13,19,Sports,53.54,Ira Sharma,38,Other,2022-11-03,Product_037,Clothing,1750.62,496
T000386,U0045,P040,63.37,Wallet,2025-04-10,85.19375,8,2025-04-10,205,Beauty,120.96,Sai Chopra,20,Male,2022-03-14,Product_040,Grocery,4011.76,36
T000386,U0045,P040,63.37,Wallet,2025-04-10,85.19375,8,2025-04-10,205,Books,218.42,Sai Chopra,20,Male,2022-03-14,Product_040,Grocery,4011.76,36
T000386,U0045,P040,63.37,Wallet,2025-04-10,85.19375,8,2025-04-10,205,Clothing,94.7,Sai Chopra,20,Male,2022-03-14,Product_040,Grocery,4011.76,36
T000386,U0045,P040,63.37,Wallet,2025-04-10,85.19375,8,2025-04-10,205,Grocery,63.37,Sai Chopra,20,Male,2022-03-14,Product_040,Grocery,4011.76,36
T000386,U0045,P040,63.37,Wallet,2025-04-10,85.19375,8,2025-04-10,205,Toys,184.1,Sai Chopra,20,Male,2022-03-14,Product_040,Grocery,4011.76,36
T000387,U0110,P033,41.45,UPI,2023-06-27,59.848,5,2025-09-10,52,Beauty,64.09,Saanvi Kulkarni,31,Other,2023-04-22,Product_033,Clothing,3874.48,45
T000387,U0110,P033,41.45,UPI,2023-06-27,59.848,5,2025-09-10,52,Clothing,103.32,Saanvi Kulkarni,31,Other,2023-04-22,Product_033,Clothing,3874.48,45
T000387,U0110,P033,41.45,UPI,2023-06-27,59.848,5,2025-09-10,52,Electronics,33.82,Saanvi Kulkarni,31,Other,2023-04-22,Product_033,Clothing,3874.48,45
T000387,U0110,P033,41.45,UPI,2023-06-27,59.848,5,2025-09-10,52,Sports,98.01,Saanvi Kulkarni,31,Other,2023-04-22,Product_033,Clothing,3874.48,45
T000388,U0103,P043,32.79,Credit Card,2024-01-14,36.5125,4,2025-03-02,244,Clothing,92.69999999999999,Muhammad Mehta,29,Female,2024-08-29,Product_043,Home,3416.65,309
T000388,U0103,P043,32.79,Credit Card,2024-01-14,36.5125,4,2025-03-02,244,Home,32.79,Muhammad Mehta,29,Female,2024-08-29,Product_043,Home,3416.65,309
T000388,U0103,P043,32.79,Credit Card,2024-01-14,36.5125,4,2025-03-02,244,Toys,20.56,Muhammad Mehta,29,Female,2024-08-29,Product_043,Home,3416.65,309
T000389,U0036,P031,89.86,UPI,2024-05-23,48.7025,5,2025-08-28,65,Books,16.07,Ira Sharma,22,Other,2023-05-16,Product_031,Grocery,3035.94,111
T000389,U0036,P031,89.86,UPI,2024-05-23,48.7025,5,2025-08-28,65,Grocery,89.86,Ira Sharma,22,Other,2023-05-16,Product_031,Grocery,3035.94,111
T000389,U0036,P031,89.86,UPI,2024-05-23,48.7025,5,2025-08-28,65,Home,27.45,Ira Sharma,22,Other,2023-05-16,Product_031,Grocery,3035.94,111
T000389,U0036,P031,89.86,UPI,2024-05-23,48.7025,5,2025-08-28,65,Sports,24.5,Ira Sharma,22,Other,2023-05-16,Product_031,Grocery,3035.94,111
T000389,U0036,P031,89.86,UPI,2024-05-23,48.7025,5,2025-08-28,65,Toys,36.93,Ira Sharma,22,Other,2023-05-16,Product_031,Grocery,3035.94,111
T000390,U0002,P017,32.67,Net Banking,2024-04-27,129.68,6,2024-04-27,553,Beauty,187.02,Sai Reddy,30,Other,2023-11-24,Product_017,Beauty,3697.53,235
T000390,U0002,P017,32.67,Net Banking,2024-04-27,129.68,6,2024-04-27,553,Clothing,45.02,Sai Reddy,30,Other,2023-11-24,Product_017,Beauty,3697.53,235
T000390,U0002,P017,32.67,Net Banking,2024-04-27,129.68,6,2024-04-27,553,Toys,157.0,Sai Reddy,30,Other,2023-11-24,Product_017,Beauty,3697.53,235
T000391,U0115,P049,56.99,UPI,2024-11-06,44.77333333333333,6,2025-10-15,17,Books,30.12,Aarav Verma,30,Male,2023-09-18,Product_049,Home,1701.17,159
T000391,U0115,P049,56.99,UPI,2024-11-06,44.77333333333333,6,2025-10-15,17,Grocery,118.68,Aarav Verma,30,Male,2023-09-18,Product_049,Home,1701.17,159
T000391,U0115,P049,56.99,UPI,2024-11-06,44.77333333333333,6,2025-10-15,17,Home,80.47,Aarav Verma,30,Male,2023-09-18,Product_049,Home,1701.17,159
T000391,U0115,P049,56.99,UPI,2024-11-06,44.77333333333333,6,2025-10-15,17,Sports,39.37,Aarav Verma,30,Male,2023-09-18,Product_049,Home,1701.17,159
T000392,U0078,P038,40.99,Wallet,2023-01-24,42.51,4,2024-10-22,375,Books,16.06,Vihaan Kapoor,29,Male,2022-10-16,Product_038,Home,393.65,58
T000392,U0078,P038,40.99,Wallet,2023-01-24,42.51,4,2024-10-22,375,Electronics,75.44,Vihaan Kapoor,29,Male,2022-10-16,Product_038,Home,393.65,58
T000392,U0078,P038,40.99,Wallet,2023-01-24,42.51,4,2024-10-22,375,Home,40.99,Vihaan Kapoor,29,Male,2022-10-16,Product_038,Home,393.65,58
T000392,U0078,P038,40.99,Wallet,2023-01-24,42.51,4,2024-10-22,375,Toys,37.55,Vihaan Kapoor,29,Male,2022-10-16,Product_038,Home,393.65,58
T000393,U0067,P042,72.78,UPI,2024-04-28,68.82333333333334,3,2025-10-15,17,Home,127.84,Saanvi Ghosh,31,Other,2022-02-10,Product_042,Home,4406.39,59
T000393,U0067,P042,72.78,UPI,2024-04-28,68.82333333333334,3,2025-10-15,17,Sports,78.63,Saanvi Ghosh,31,Other,2022-02-10,Product_042,Home,4406.39,59
T000394,U0016,P043,66.7,Credit Card,2025-08-11,51.365,2,2025-08-11,82,Beauty,36.03,Diya Iyer,27,Female,2022-08-03,Product_043,Home,3416.65,309
T000394,U0016,P043,66.7,Credit Card,2025-08-11,51.365,2,2025-08-11,82,Home,66.7,Diya Iyer,27,Female,2022-08-03,Product_043,Home,3416.65,309
T000395,U0079,P011,101.75,Net Banking,2025-10-26,73.57,2,2025-10-26,6,Electronics,101.75,Sara Das,32,Other,2022-07-28,Product_011,Electronics,1410.29,28
T000395,U0079,P011,101.75,Net Banking,2025-10-26,73.57,2,2025-10-26,6,Home,45.39,Sara Das,32,Other,2022-07-28,Product_011,Electronics,1410.29,28
T000396,U0181,P050,40.2,UPI,2023-08-29,48.4,4,2023-12-04,698,Electronics,36.93,Aditya Bose,37,Female,2023-08-14,Product_050,Toys,2833.37,45
T000396,U0181,P050,40.2,UPI,2023-08-29,48.4,4,2023-12-04,698,Grocery,116.47,Aditya Bose,37,Female,2023-08-14,Product_050,Toys,2833.37,45
T000396,U0181,P050,40.2,UPI,2023-08-29,48.4,4,2023-12-04,698,Toys,40.2,Aditya Bose,37,Female,2023-08-14,Product_050,Toys,2833.37,45
T000397,U0164,P019,46.44,UPI,2024-03-28,63.097142857142856,7,2025-10-13,19,Beauty,65.06,Muhammad Gupta,25,Male,2023-05-16,Product_019,Home,523.79,441
T000397,U0164,P019,46.44,UPI,2024-03-28,63.097142857142856,7,2025-10-13,19,Books,98.06,Muhammad Gupta,25,Male,2023-05-16,Product_019,Home,523.79,441
T000397,U0164,P019,46.44,UPI,2024-03-28,63.097142857142856,7,2025-10-13,19,Clothing,160.86,Muhammad Gupta,25,Male,2023-05-16,Product_019,Home,523.79,441
T000397,U0164,P019,46.44,UPI,2024-03-28,63.097142857142856,7,2025-10-13,19,Home,117.7,Muhammad Gupta,25,Male,2023-05-16,Product_019,Home,523.79,441
T000398,U0057,P009,30.35,Net Banking,2023-11-10,87.152,5,2024-09-20,407,Beauty,132.32,Aarav Gupta,25,Male,2023-02-21,Product_009,Clothing,1799.44,163
T000398,U0057,P009,30.35,Net Banking,2023-11-10,87.152,5,2024-09-20,407,Books,72.69,Aarav Gupta,25,Male,2023-02-21,Product_009,Clothing,1799.44,163
T000398,U0057,P009,30.35,Net Banking,2023-11-10,87.152,5,2024-09-20,407,Clothing,30.35,Aarav Gupta,25,Male,2023-02-21,Product_009,Clothing,1799.44,163
T000398,U0057,P009,30.35,Net Banking,2023-11-10,87.152,5,2024-09-20,407,Electronics,55.01,Aarav Gupta,25,Male,2023-02-21,Product_009,Clothing,1799.44,163
T000398,U0057,P009,30.35,Net Banking,2023-11-10,87.152,5,2024-09-20,407,Home,145.39,Aarav Gupta,25,Male,2023-02-21,Product_009,Clothing,1799.44,163
T000399,U0117,P048,41.82,Cash,2025-02-04,148.54888888888888,13,2025-09-06,56,Books,165.31,Aadhya Joshi,31,Female,2022-06-01,Product_048,Clothing,3666.72,295
T000399,U0117,P048,41.82,Cash,2025-02-04,148.54888888888888,13,2025-09-06,56,Clothing,790.84,Aadhya Joshi,31,Female,2022-06-01,Product_048,Clothing,3666.72,295
T000399,U0117,P048,41.82,Cash,2025-02-04,148.54888888888888,13,2025-09-06,56,Electronics,102.63,Aadhya Joshi,31,Female,2022-06-01,Product_048,Clothing,3666.72,295
T000399,U0117,P048,41.82,Cash,2025-02-04,148.54888888888888,13,2025-09-06,56,Grocery,127.18,Aadhya Joshi,31,Female,2022-06-01,Product_048,Clothing,3666.72,295
T000399,U0117,P048,41.82,Cash,2025-02-04,148.54888888888888,13,2025-09-06,56,Home,43.33,Aadhya Joshi,31,Female,2022-06-01,Product_048,Clothing,3666.72,295
T000399,U0117,P048,41.82,Cash,2025-02-04,148.54888888888888,13,2025-09-06,56,Sports,20.75,Aadhya Joshi,31,Female,2022-06-01,Product_048,Clothing,3666.72,295
T000399,U0117,P048,41.82,Cash,2025-02-04,148.54888888888888,13,2025-09-06,56,Toys,86.9,Aadhya Joshi,31,Female,2022-06-01,Product_048,Clothing,3666.72,295
T000400,U0107,P045,68.47,Cash,2025-08-22,43.097142857142856,7,2025-09-29,33,Clothing,29.26,Kiara Bose,47,Other,2023-09-23,Product_045,Grocery,992.11,139
T000400,U0107,P045,68.47,Cash,2025-08-22,43.097142857142856,7,2025-09-29,33,Electronics,23.47,Kiara Bose,47,Other,2023-09-23,Product_045,Grocery,992.11,139
T000400,U0107,P045,68.47,Cash,2025-08-22,43.097142857142856,7,2025-09-29,33,Grocery,150.88,Kiara Bose,47,Other,2023-09-23,Product_045,Grocery,992.11,139
T000400,U0107,P045,68.47,Cash,2025-08-22,43.097142857142856,7,2025-09-29,33,Home,75.91,Kiara Bose,47,Other,2023-09-23,Product_045,Grocery,992.11,139
T000400,U0107,P045,68.47,Cash,2025-08-22,43.097142857142856,7,2025-09-29,33,Sports,22.16,Kiara Bose,47,Other,2023-09-23,Product_045,Grocery,992.11,139
T000401,U0194,P035,85.99,Wallet,2024-03-23,54.482000000000006,5,2025-03-24,222,Books,110.05000000000001,Vihaan Kapoor,22,Male,2024-07-19,Product_035,Sports,2998.97,82
T000401,U0194,P035,85.99,Wallet,2024-03-23,54.482000000000006,5,2025-03-24,222,Home,56.59,Vihaan Kapoor,22,Male,2024-07-19,Product_035,Sports,2998.97,82
T000401,U0194,P035,85.99,Wallet,2024-03-23,54.482000000000006,5,2025-03-24,222,Sports,85.99,Vihaan Kapoor,22,Male,2024-07-19,Product_035,Sports,2998.97,82
T000401,U0194,P035,85.99,Wallet,2024-03-23,54.482000000000006,5,2025-03-24,222,Toys,19.78,Vihaan Kapoor,22,Male,2024-07-19,Product_035,Sports,2998.97,82
T000402,U0196,P016,31.4,Wallet,2023-06-17,88.99714285714286,7,2025-08-21,72,Beauty,94.92999999999999,Kabir Kulkarni,35,Other,2024-08-01,Product_016,Books,807.27,58
T000402,U0196,P016,31.4,Wallet,2023-06-17,88.99714285714286,7,2025-08-21,72,Books,196.74,Kabir Kulkarni,35,Other,2024-08-01,Product_016,Books,807.27,58
T000402,U0196,P016,31.4,Wallet,2023-06-17,88.99714285714286,7,2025-08-21,72,Grocery,226.74,Kabir Kulkarni,35,Other,2024-08-01,Product_016,Books,807.27,58
T000402,U0196,P016,31.4,Wallet,2023-06-17,88.99714285714286,7,2025-08-21,72,Home,104.57,Kabir Kulkarni,35,Other,2024-08-01,Product_016,Books,807.27,58
T000403,U0135,P029,92.0,Cash,2025-01-10,66.34857142857143,8,2025-05-02,183,Beauty,105.1,Ishaan Mukherjee,24,Female,2023-02-03,Product_029,Clothing,128.31,289
T000403,U0135,P029,92.0,Cash,2025-01-10,66.34857142857143,8,2025-05-02,183,Books,63.46,Ishaan Mukherjee,24,Female,2023-02-03,Product_029,Clothing,128.31,289
T000403,U0135,P029,92.0,Cash,2025-01-10,66.34857142857143,8,2025-05-02,183,Clothing,92.0,Ishaan Mukherjee,24,Female,2023-02-03,Product_029,Clothing,128.31,289
T000403,U0135,P029,92.0,Cash,2025-01-10,66.34857142857143,8,2025-05-02,183,Grocery,25.77,Ishaan Mukherjee,24,Female,2023-02-03,Product_029,Clothing,128.31,289
T000403,U0135,P029,92.0,Cash,2025-01-10,66.34857142857143,8,2025-05-02,183,Home,85.44999999999999,Ishaan Mukherjee,24,Female,2023-02-03,Product_029,Clothing,128.31,289
T000403,U0135,P029,92.0,Cash,2025-01-10,66.34857142857143,8,2025-05-02,183,Toys,92.66,Ishaan Mukherjee,24,Female,2023-02-03,Product_029,Clothing,128.31,289
T000404,U0020,P037,123.15,Credit Card,2023-05-07,71.65,4,2025-04-05,210,Clothing,123.15,Vivaan Ghosh,20,Male,2023-02-15,Product_037,Clothing,1750.62,496
T000404,U0020,P037,123.15,Credit Card,2023-05-07,71.65,4,2025-04-05,210,Grocery,36.71,Vivaan Ghosh,20,Male,2023-02-15,Product_037,Clothing,1750.62,496
T000404,U0020,P037,123.15,Credit Card,2023-05-07,71.65,4,2025-04-05,210,Home,48.81,Vivaan Ghosh,20,Male,2023-02-15,Product_037,Clothing,1750.62,496
T000404,U0020,P037,123.15,Credit Card,2023-05-07,71.65,4,2025-04-05,210,Toys,77.93,Vivaan Ghosh,20,Male,2023-02-15,Product_037,Clothing,1750.62,496
T000405,U0141,P033,69.97,Debit Card,2023-11-03,70.26857142857143,9,2025-09-15,47,Beauty,78.86,Anaya Nair,33,Female,2024-02-10,Product_033,Clothing,3874.48,45
T000405,U0141,P033,69.97,Debit Card,2023-11-03,70.26857142857143,9,2025-09-15,47,Books,12.19,Anaya Nair,33,Female,2024-02-10,Product_033,Clothing,3874.48,45
T000405,U0141,P033,69.97,Debit Card,2023-11-03,70.26857142857143,9,2025-09-15,47,Clothing,186.62,Anaya Nair,33,Female,2024-02-10,Product_033,Clothing,3874.48,45
T000405,U0141,P033,69.97,Debit Card,2023-11-03,70.26857142857143,9,2025-09-15,47,Electronics,168.29999999999998,Anaya Nair,33,Female,2024-02-10,Product_033,Clothing,3874.48,45
T000405,U0141,P033,69.97,Debit Card,2023-11-03,70.26857142857143,9,2025-09-15,47,Grocery,22.9,Anaya Nair,33,Female,2024-02-10,Product_033,Clothing,3874.48,45
T000405,U0141,P033,69.97,Debit Card,2023-11-03,70.26857142857143,9,2025-09-15,47,Home,23.01,Anaya Nair,33,Female,2024-02-10,Product_033,Clothing,3874.48,45
T000406,U0043,P021,168.36,Cash,2025-06-23,95.22,7,2025-06-23,131,Beauty,102.49,Ira Roy,31,Male,2022-08-19,Product_021,Books,3055.12,169
T000406,U0043,P021,168.36,Cash,2025-06-23,95.22,7,2025-06-23,131,Books,168.36,Ira Roy,31,Male,2022-08-19,Product_021,Books,3055.12,169
T000406,U0043,P021,168.36,Cash,2025-06-23,95.22,7,2025-06-23,131,Grocery,55.58,Ira Roy,31,Male,2022-08-19,Product_021,Books,3055.12,169
T000406,U0043,P021,168.36,Cash,2025-06-23,95.22,7,2025-06-23,131,Home,322.53999999999996,Ira Roy,31,Male,2022-08-19,Product_021,Books,3055.12,169
T000406,U0043,P021,168.36,Cash,2025-06-23,95.22,7,2025-06-23,131,Toys,17.57,Ira Roy,31,Male,2022-08-19,Product_021,Books,3055.12,169
T000407,U0030,P044,34.32,Debit Card,2025-09-28,84.85857142857142,9,2025-09-29,33,Beauty,168.95,Aarohi Sharma,29,Other,2023-11-30,Product_044,Beauty,1655.45,268
T000407,U0030,P044,34.32,Debit Card,2025-09-28,84.85857142857142,9,2025-09-29,33,Books,176.11,Aarohi Sharma,29,Other,2023-11-30,Product_044,Beauty,1655.45,268
T000407,U0030,P044,34.32,Debit Card,2025-09-28,84.85857142857142,9,2025-09-29,33,Electronics,102.74,Aarohi Sharma,29,Other,2023-11-30,Product_044,Beauty,1655.45,268
T000407,U0030,P044,34.32,Debit Card,2025-09-28,84.85857142857142,9,2025-09-29,33,Home,146.21,Aarohi Sharma,29,Other,2023-11-30,Product_044,Beauty,1655.45,268
T000408,U0024,P033,25.87,Net Banking,2023-04-24,75.43,11,2025-08-03,90,Beauty,112.61,Aarohi Kapoor,20,Female,2023-03-15,Product_033,Clothing,3874.48,45
T000408,U0024,P033,25.87,Net Banking,2023-04-24,75.43,11,2025-08-03,90,Books,313.02,Aarohi Kapoor,20,Female,2023-03-15,Product_033,Clothing,3874.48,45
T000408,U0024,P033,25.87,Net Banking,2023-04-24,75.43,11,2025-08-03,90,Clothing,89.07000000000001,Aarohi Kapoor,20,Female,2023-03-15,Product_033,Clothing,3874.48,45
T000408,U0024,P033,25.87,Net Banking,2023-04-24,75.43,11,2025-08-03,90,Electronics,62.27,Aarohi Kapoor,20,Female,2023-03-15,Product_033,Clothing,3874.48,45
T000408,U0024,P033,25.87,Net Banking,2023-04-24,75.43,11,2025-08-03,90,Grocery,55.78,Aarohi Kapoor,20,Female,2023-03-15,Product_033,Clothing,3874.48,45
T000408,U0024,P033,25.87,Net Banking,2023-04-24,75.43,11,2025-08-03,90,Home,46.12,Aarohi Kapoor,20,Female,2023-03-15,Product_033,Clothing,3874.48,45
T000409,U0117,P009,18.78,Cash,2025-04-30,148.54888888888888,13,2025-09-06,56,Books,165.31,Aadhya Joshi,31,Female,2022-06-01,Product_009,Clothing,1799.44,163
T000409,U0117,P009,18.78,Cash,2025-04-30,148.54888888888888,13,2025-09-06,56,Clothing,790.84,Aadhya Joshi,31,Female,2022-06-01,Product_009,Clothing,1799.44,163
T000409,U0117,P009,18.78,Cash,2025-04-30,148.54888888888888,13,2025-09-06,56,Electronics,102.63,Aadhya Joshi,31,Female,2022-06-01,Product_009,Clothing,1799.44,163
T000409,U0117,P009,18.78,Cash,2025-04-30,148.54888888888888,13,2025-09-06,56,Grocery,127.18,Aadhya Joshi,31,Female,2022-06-01,Product_009,Clothing,1799.44,163
T000409,U0117,P009,18.78,Cash,2025-04-30,148.54888888888888,13,2025-09-06,56,Home,43.33,Aadhya Joshi,31,Female,2022-06-01,Product_009,Clothing,1799.44,163
T000409,U0117,P009,18.78,Cash,2025-04-30,148.54888888888888,13,2025-09-06,56,Sports,20.75,Aadhya Joshi,31,Female,2022-06-01,Product_009,Clothing,1799.44,163
T000409,U0117,P009,18.78,Cash,2025-04-30,148.54888888888888,13,2025-09-06,56,Toys,86.9,Aadhya Joshi,31,Female,2022-06-01,Product_009,Clothing,1799.44,163
T000410,U0117,P037,133.97,Credit Card,2025-08-04,148.54888888888888,13,2025-09-06,56,Books,165.31,Aadhya Joshi,31,Female,2022-06-01,Product_037,Clothing,1750.62,496
T000410,U0117,P037,133.97,Credit Card,2025-08-04,148.54888888888888,13,2025-09-06,56,Clothing,790.84,Aadhya Joshi,31,Female,2022-06-01,Product_037,Clothing,1750.62,496
T000410,U0117,P037,133.97,Credit Card,2025-08-04,148.54888888888888,13,2025-09-06,56,Electronics,102.63,Aadhya Joshi,31,Female,2022-06-01,Product_037,Clothing,1750.62,496
T000410,U0117,P037,133.97,Credit Card,2025-08-04,148.54888888888888,13,2025-09-06,56,Grocery,127.18,Aadhya Joshi,31,Female,2022-06-01,Product_037,Clothing,1750.62,496
T000410,U0117,P037,133.97,Credit Card,2025-08-04,148.54888888888888,13,2025-09-06,56,Home,43.33,Aadhya Joshi,31,Female,2022-06-01,Product_037,Clothing,1750.62,496
T000410,U0117,P037,133.97,Credit Card,2025-08-04,148.54888888888888,13,2025-09-06,56,Sports,20.75,Aadhya Joshi,31,Female,2022-06-01,Product_037,Clothing,1750.62,496
T000410,U0117,P037,133.97,Credit Card,2025-08-04,148.54888888888888,13,2025-09-06,56,Toys,86.9,Aadhya Joshi,31,Female,2022-06-01,Product_037,Clothing,1750.62,496
T000411,U0173,P020,80.85,Wallet,2023-02-14,70.39666666666666,6,2025-06-26,128,Clothing,180.04000000000002,Muhammad Joshi,31,Female,2024-09-27,Product_020,Toys,1595.75,428
T000411,U0173,P020,80.85,Wallet,2023-02-14,70.39666666666666,6,2025-06-26,128,Toys,242.34,Muhammad Joshi,31,Female,2024-09-27,Product_020,Toys,1595.75,428
T000412,U0102,P017,52.81,Credit Card,2024-03-22,96.24166666666667,7,2025-02-17,257,Beauty,52.81,Kiara Sharma,28,Other,2023-12-05,Product_017,Beauty,3697.53,235
T000412,U0102,P017,52.81,Credit Card,2024-03-22,96.24166666666667,7,2025-02-17,257,Books,304.48,Kiara Sharma,28,Other,2023-12-05,Product_017,Beauty,3697.53,235
T000412,U0102,P017,52.81,Credit Card,2024-03-22,96.24166666666667,7,2025-02-17,257,Electronics,48.89,Kiara Sharma,28,Other,2023-12-05,Product_017,Beauty,3697.53,235
T000412,U0102,P017,52.81,Credit Card,2024-03-22,96.24166666666667,7,2025-02-17,257,Grocery,108.81,Kiara Sharma,28,Other,2023-12-05,Product_017,Beauty,3697.53,235
T000412,U0102,P017,52.81,Credit Card,2024-03-22,96.24166666666667,7,2025-02-17,257,Toys,62.46,Kiara Sharma,28,Other,2023-12-05,Product_017,Beauty,3697.53,235
T000413,U0149,P005,64.58,Credit Card,2025-05-17,66.35,2,2025-05-17,168,Books,132.7,Aarav Singh,36,Other,2023-02-11,Product_005,Books,1178.99,18
T000414,U0089,P045,27.79,Credit Card,2023-05-04,66.04666666666667,7,2025-02-11,263,Books,81.05,Kiara Kulkarni,27,Other,2024-08-05,Product_045,Grocery,992.11,139
T000414,U0089,P045,27.79,Credit Card,2023-05-04,66.04666666666667,7,2025-02-11,263,Clothing,128.41,Kiara Kulkarni,27,Other,2024-08-05,Product_045,Grocery,992.11,139
T000414,U0089,P045,27.79,Credit Card,2023-05-04,66.04666666666667,7,2025-02-11,263,Electronics,123.55000000000001,Kiara Kulkarni,27,Other,2024-08-05,Product_045,Grocery,992.11,139
T000414,U0089,P045,27.79,Credit Card,2023-05-04,66.04666666666667,7,2025-02-11,263,Grocery,27.79,Kiara Kulkarni,27,Other,2024-08-05,Product_045,Grocery,992.11,139
T000414,U0089,P045,27.79,Credit Card,2023-05-04,66.04666666666667,7,2025-02-11,263,Home,35.48,Kiara Kulkarni,27,Other,2024-08-05,Product_045,Grocery,992.11,139
T000415,U0018,P031,236.86,Credit Card,2024-08-10,116.02000000000001,5,2024-11-27,339,Books,138.42,Sai Iyer,34,Female,2022-10-04,Product_031,Grocery,3035.94,111
T000415,U0018,P031,236.86,Credit Card,2024-08-10,116.02000000000001,5,2024-11-27,339,Electronics,104.94,Sai Iyer,34,Female,2022-10-04,Product_031,Grocery,3035.94,111
T000415,U0018,P031,236.86,Credit Card,2024-08-10,116.02000000000001,5,2024-11-27,339,Grocery,297.81,Sai Iyer,34,Female,2022-10-04,Product_031,Grocery,3035.94,111
T000415,U0018,P031,236.86,Credit Card,2024-08-10,116.02000000000001,5,2024-11-27,339,Sports,38.93,Sai Iyer,34,Female,2022-10-04,Product_031,Grocery,3035.94,111
T000416,U0105,P012,59.0,Debit Card,2025-05-10,98.976,6,2025-05-10,175,Beauty,202.88,Kabir Amin,30,Female,2022-12-01,Product_012,Sports,4263.31,176
T000416,U0105,P012,59.0,Debit Card,2025-05-10,98.976,6,2025-05-10,175,Grocery,134.56,Kabir Amin,30,Female,2022-12-01,Product_012,Sports,4263.31,176
T000416,U0105,P012,59.0,Debit Card,2025-05-10,98.976,6,2025-05-10,175,Sports,84.1,Kabir Amin,30,Female,2022-12-01,Product_012,Sports,4263.31,176
T000416,U0105,P012,59.0,Debit Card,2025-05-10,98.976,6,2025-05-10,175,Toys,73.34,Kabir Amin,30,Female,2022-12-01,Product_012,Sports,4263.31,176
T000417,U0096,P025,58.3,Net Banking,2025-02-12,68.59833333333334,6,2025-09-16,46,Beauty,108.61,Aditya Khan,20,Female,2023-02-14,Product_025,Electronics,1408.97,272
T000417,U0096,P025,58.3,Net Banking,2025-02-12,68.59833333333334,6,2025-09-16,46,Electronics,58.3,Aditya Khan,20,Female,2023-02-14,Product_025,Electronics,1408.97,272
T000417,U0096,P025,58.3,Net Banking,2025-02-12,68.59833333333334,6,2025-09-16,46,Grocery,200.99,Aditya Khan,20,Female,2023-02-14,Product_025,Electronics,1408.97,272
T000417,U0096,P025,58.3,Net Banking,2025-02-12,68.59833333333334,6,2025-09-16,46,Toys,43.69,Aditya Khan,20,Female,2023-02-14,Product_025,Electronics,1408.97,272
T000418,U0097,P006,84.39,Wallet,2023-09-30,85.14,6,2025-09-08,54,Books,18.09,Aarohi Nair,34,Male,2024-06-17,Product_006,Clothing,3250.7,481
T000418,U0097,P006,84.39,Wallet,2023-09-30,85.14,6,2025-09-08,54,Clothing,84.39,Aarohi Nair,34,Male,2024-06-17,Product_006,Clothing,3250.7,481
T000418,U0097,P006,84.39,Wallet,2023-09-30,85.14,6,2025-09-08,54,Electronics,70.48,Aarohi Nair,34,Male,2024-06-17,Product_006,Clothing,3250.7,481
T000418,U0097,P006,84.39,Wallet,2023-09-30,85.14,6,2025-09-08,54,Home,191.14,Aarohi Nair,34,Male,2024-06-17,Product_006,Clothing,3250.7,481
T000418,U0097,P006,84.39,Wallet,2023-09-30,85.14,6,2025-09-08,54,Toys,146.74,Aarohi Nair,34,Male,2024-06-17,Product_006,Clothing,3250.7,481
T000419,U0168,P023,72.86,Credit Card,2024-01-01,63.7575,5,2024-06-15,504,Books,82.74,Saanvi Mehta,47,Female,2023-06-28,Product_023,Books,1984.98,450
T000419,U0168,P023,72.86,Credit Card,2024-01-01,63.7575,5,2024-06-15,504,Clothing,39.9,Saanvi Mehta,47,Female,2023-06-28,Product_023,Books,1984.98,450
T000419,U0168,P023,72.86,Credit Card,2024-01-01,63.7575,5,2024-06-15,504,Grocery,106.16,Saanvi Mehta,47,Female,2023-06-28,Product_023,Books,1984.98,450
T000419,U0168,P023,72.86,Credit Card,2024-01-01,63.7575,5,2024-06-15,504,Home,26.23,Saanvi Mehta,47,Female,2023-06-28,Product_023,Books,1984.98,450
T000420,U0138,P026,62.45,Cash,2023-09-18,105.31200000000001,6,2025-10-25,7,Beauty,62.45,Aadhya Chopra,29,Other,2022-03-27,Product_026,Beauty,3490.97,332
T000420,U0138,P026,62.45,Cash,2023-09-18,105.31200000000001,6,2025-10-25,7,Books,244.98000000000002,Aadhya Chopra,29,Other,2022-03-27,Product_026,Beauty,3490.97,332
T000420,U0138,P026,62.45,Cash,2023-09-18,105.31200000000001,6,2025-10-25,7,Electronics,42.74,Aadhya Chopra,29,Other,2022-03-27,Product_026,Beauty,3490.97,332
T000420,U0138,P026,62.45,Cash,2023-09-18,105.31200000000001,6,2025-10-25,7,Home,176.39000000000001,Aadhya Chopra,29,Other,2022-03-27,Product_026,Beauty,3490.97,332
T000421,U0187,P015,33.98,Credit Card,2023-02-16,76.19800000000001,7,2025-05-31,154,Books,164.03,Vivaan Kulkarni,35,Other,2024-08-28,Product_015,Books,2286.25,251
T000421,U0187,P015,33.98,Credit Card,2023-02-16,76.19800000000001,7,2025-05-31,154,Clothing,67.21,Vivaan Kulkarni,35,Other,2024-08-28,Product_015,Books,2286.25,251
T000421,U0187,P015,33.98,Credit Card,2023-02-16,76.19800000000001,7,2025-05-31,154,Home,149.75,Vivaan Kulkarni,35,Other,2024-08-28,Product_015,Books,2286.25,251
T000422,U0077,P030,72.45,Wallet,2025-05-18,44.13833333333333,6,2025-09-13,49,Beauty,36.49,Vihaan Reddy,32,Female,2024-06-30,Product_030,Home,685.55,28
T000422,U0077,P030,72.45,Wallet,2025-05-18,44.13833333333333,6,2025-09-13,49,Electronics,61.69,Vihaan Reddy,32,Female,2024-06-30,Product_030,Home,685.55,28
T000422,U0077,P030,72.45,Wallet,2025-05-18,44.13833333333333,6,2025-09-13,49,Grocery,19.57,Vihaan Reddy,32,Female,2024-06-30,Product_030,Home,685.55,28
T000422,U0077,P030,72.45,Wallet,2025-05-18,44.13833333333333,6,2025-09-13,49,Home,104.96000000000001,Vihaan Reddy,32,Female,2024-06-30,Product_030,Home,685.55,28
T000422,U0077,P030,72.45,Wallet,2025-05-18,44.13833333333333,6,2025-09-13,49,Toys,42.12,Vihaan Reddy,32,Female,2024-06-30,Product_030,Home,685.55,28
T000423,U0137,P025,168.88,Debit Card,2024-05-21,62.848,5,2024-09-23,404,Clothing,14.49,Myra Reddy,25,Other,2022-01-28,Product_025,Electronics,1408.97,272
T000423,U0137,P025,168.88,Debit Card,2024-05-21,62.848,5,2024-09-23,404,Electronics,208.94,Myra Reddy,25,Other,2022-01-28,Product_025,Electronics,1408.97,272
T000423,U0137,P025,168.88,Debit Card,2024-05-21,62.848,5,2024-09-23,404,Home,56.57,Myra Reddy,25,Other,2022-01-28,Product_025,Electronics,1408.97,272
T000423,U0137,P025,168.88,Debit Card,2024-05-21,62.848,5,2024-09-23,404,Sports,34.24,Myra Reddy,25,Other,2022-01-28,Product_025,Electronics,1408.97,272
T000424,U0118,P023,122.39,Debit Card,2024-07-18,127.7,4,2024-12-22,314,Beauty,236.0,Aarav Patel,22,Female,2022-06-30,Product_023,Books,1984.98,450
T000424,U0118,P023,122.39,Debit Card,2024-07-18,127.7,4,2024-12-22,314,Books,122.39,Aarav Patel,22,Female,2022-06-30,Product_023,Books,1984.98,450
T000424,U0118,P023,122.39,Debit Card,2024-07-18,127.7,4,2024-12-22,314,Electronics,46.85,Aarav Patel,22,Female,2022-06-30,Product_023,Books,1984.98,450
T000424,U0118,P023,122.39,Debit Card,2024-07-18,127.7,4,2024-12-22,314,Home,105.56,Aarav Patel,22,Female,2022-06-30,Product_023,Books,1984.98,450
T000425,U0049,P047,142.01,Credit Card,2023-03-07,78.0,5,2025-10-17,15,Books,100.84,Saanvi Chopra,34,Female,2024-03-14,Product_047,Electronics,1846.57,300
T000425,U0049,P047,142.01,Credit Card,2023-03-07,78.0,5,2025-10-17,15,Electronics,142.01,Saanvi Chopra,34,Female,2024-03-14,Product_047,Electronics,1846.57,300
T000425,U0049,P047,142.01,Credit Card,2023-03-07,78.0,5,2025-10-17,15,Grocery,41.13,Saanvi Chopra,34,Female,2024-03-14,Product_047,Electronics,1846.57,300
T000425,U0049,P047,142.01,Credit Card,2023-03-07,78.0,5,2025-10-17,15,Home,30.37,Saanvi Chopra,34,Female,2024-03-14,Product_047,Electronics,1846.57,300
T000425,U0049,P047,142.01,Credit Card,2023-03-07,78.0,5,2025-10-17,15,Sports,75.65,Saanvi Chopra,34,Female,2024-03-14,Product_047,Electronics,1846.57,300
T000426,U0170,P027,40.18,Cash,2023-02-02,99.21571428571428,7,2025-07-02,122,Books,172.16,Diya Roy,25,Female,2022-09-15,Product_027,Toys,2241.45,134
T000426,U0170,P027,40.18,Cash,2023-02-02,99.21571428571428,7,2025-07-02,122,Electronics,79.34,Diya Roy,25,Female,2022-09-15,Product_027,Toys,2241.45,134
T000426,U0170,P027,40.18,Cash,2023-02-02,99.21571428571428,7,2025-07-02,122,Grocery,110.02,Diya Roy,25,Female,2022-09-15,Product_027,Toys,2241.45,134
T000426,U0170,P027,40.18,Cash,2023-02-02,99.21571428571428,7,2025-07-02,122,Home,292.81,Diya Roy,25,Female,2022-09-15,Product_027,Toys,2241.45,134
T000426,U0170,P027,40.18,Cash,2023-02-02,99.21571428571428,7,2025-07-02,122,Toys,40.18,Diya Roy,25,Female,2022-09-15,Product_027,Toys,2241.45,134
T000427,U0062,P014,30.15,Credit Card,2023-07-26,68.21714285714286,7,2025-07-02,122,Beauty,114.33000000000001,Muhammad Verma,30,Other,2022-03-04,Product_014,Beauty,3844.95,467
T000427,U0062,P014,30.15,Credit Card,2023-07-26,68.21714285714286,7,2025-07-02,122,Books,225.56,Muhammad Verma,30,Other,2022-03-04,Product_014,Beauty,3844.95,467
T000427,U0062,P014,30.15,Credit Card,2023-07-26,68.21714285714286,7,2025-07-02,122,Home,102.34,Muhammad Verma,30,Other,2022-03-04,Product_014,Beauty,3844.95,467
T000427,U0062,P014,30.15,Credit Card,2023-07-26,68.21714285714286,7,2025-07-02,122,Toys,35.29,Muhammad Verma,30,Other,2022-03-04,Product_014,Beauty,3844.95,467
T000428,U0153,P003,50.63,Net Banking,2023-04-10,57.984,5,2025-07-26,98,Beauty,50.63,Diya Gupta,26,Other,2022-01-13,Product_003,Beauty,3027.98,127
T000428,U0153,P003,50.63,Net Banking,2023-04-10,57.984,5,2025-07-26,98,Electronics,28.77,Diya Gupta,26,Other,2022-01-13,Product_003,Beauty,3027.98,127
T000428,U0153,P003,50.63,Net Banking,2023-04-10,57.984,5,2025-07-26,98,Grocery,160.31,Diya Gupta,26,Other,2022-01-13,Product_003,Beauty,3027.98,127
T000428,U0153,P003,50.63,Net Banking,2023-04-10,57.984,5,2025-07-26,98,Toys,50.21,Diya Gupta,26,Other,2022-01-13,Product_003,Beauty,3027.98,127
T000429,U0063,P048,56.45,Credit Card,2025-04-03,43.135000000000005,2,2025-04-03,212,Clothing,56.45,Anaya Verma,23,Male,2023-05-04,Product_048,Clothing,3666.72,295
T000429,U0063,P048,56.45,Credit Card,2025-04-03,43.135000000000005,2,2025-04-03,212,Toys,29.82,Anaya Verma,23,Male,2023-05-04,Product_048,Clothing,3666.72,295
T000430,U0113,P015,105.27,Cash,2024-03-20,69.23,3,2024-04-08,572,Books,105.27,Ira Kulkarni,32,Female,2024-04-18,Product_015,Books,2286.25,251
T000430,U0113,P015,105.27,Cash,2024-03-20,69.23,3,2024-04-08,572,Home,102.41999999999999,Ira Kulkarni,32,Female,2024-04-18,Product_015,Books,2286.25,251
T000431,U0194,P050,19.78,Credit Card,2023-10-14,54.482000000000006,5,2025-03-24,222,Books,110.05000000000001,Vihaan Kapoor,22,Male,2024-07-19,Product_050,Toys,2833.37,45
T000431,U0194,P050,19.78,Credit Card,2023-10-14,54.482000000000006,5,2025-03-24,222,Home,56.59,Vihaan Kapoor,22,Male,2024-07-19,Product_050,Toys,2833.37,45
T000431,U0194,P050,19.78,Credit Card,2023-10-14,54.482000000000006,5,2025-03-24,222,Sports,85.99,Vihaan Kapoor,22,Male,2024-07-19,Product_050,Toys,2833.37,45
T000431,U0194,P050,19.78,Credit Card,2023-10-14,54.482000000000006,5,2025-03-24,222,Toys,19.78,Vihaan Kapoor,22,Male,2024-07-19,Product_050,Toys,2833.37,45
T000432,U0129,P019,136.69,Debit Card,2024-10-15,73.32000000000001,7,2025-03-01,245,Beauty,26.4,Arjun Das,32,Male,2023-02-22,Product_019,Home,523.79,441
T000432,U0129,P019,136.69,Debit Card,2024-10-15,73.32000000000001,7,2025-03-01,245,Books,66.65,Arjun Das,32,Male,2023-02-22,Product_019,Home,523.79,441
T000432,U0129,P019,136.69,Debit Card,2024-10-15,73.32000000000001,7,2025-03-01,245,Clothing,93.42,Arjun Das,32,Male,2023-02-22,Product_019,Home,523.79,441
T000432,U0129,P019,136.69,Debit Card,2024-10-15,73.32000000000001,7,2025-03-01,245,Home,207.53,Arjun Das,32,Male,2023-02-22,Product_019,Home,523.79,441
T000432,U0129,P019,136.69,Debit Card,2024-10-15,73.32000000000001,7,2025-03-01,245,Sports,45.92,Arjun Das,32,Male,2023-02-22,Product_019,Home,523.79,441
T000433,U0148,P039,49.66,Wallet,2024-10-18,39.166666666666664,3,2025-02-09,265,Books,67.84,Vihaan Iyer,21,Female,2023-08-16,Product_039,Grocery,4167.72,453
T000433,U0148,P039,49.66,Wallet,2024-10-18,39.166666666666664,3,2025-02-09,265,Grocery,49.66,Vihaan Iyer,21,Female,2023-08-16,Product_039,Grocery,4167.72,453
T000434,U0061,P020,42.26,Debit Card,2024-03-28,101.10333333333334,7,2025-06-28,126,Books,78.55,Aarohi Joshi,28,Male,2022-10-31,Product_020,Toys,1595.75,428
T000434,U0061,P020,42.26,Debit Card,2024-03-28,101.10333333333334,7,2025-06-28,126,Clothing,163.11,Aarohi Joshi,28,Male,2022-10-31,Product_020,Toys,1595.75,428
T000434,U0061,P020,42.26,Debit Card,2024-03-28,101.10333333333334,7,2025-06-28,126,Grocery,230.91,Aarohi Joshi,28,Male,2022-10-31,Product_020,Toys,1595.75,428
T000434,U0061,P020,42.26,Debit Card,2024-03-28,101.10333333333334,7,2025-06-28,126,Home,91.79,Aarohi Joshi,28,Male,2022-10-31,Product_020,Toys,1595.75,428
T000434,U0061,P020,42.26,Debit Card,2024-03-28,101.10333333333334,7,2025-06-28,126,Toys,42.26,Aarohi Joshi,28,Male,2022-10-31,Product_020,Toys,1595.75,428
T000435,U0106,P020,29.75,UPI,2023-05-05,50.555,5,2025-08-25,68,Clothing,38.0,Aadhya Singh,35,Other,2022-07-16,Product_020,Toys,1595.75,428
T000435,U0106,P020,29.75,UPI,2023-05-05,50.555,5,2025-08-25,68,Electronics,44.22,Aadhya Singh,35,Other,2022-07-16,Product_020,Toys,1595.75,428
T000435,U0106,P020,29.75,UPI,2023-05-05,50.555,5,2025-08-25,68,Grocery,48.02,Aadhya Singh,35,Other,2022-07-16,Product_020,Toys,1595.75,428
T000435,U0106,P020,29.75,UPI,2023-05-05,50.555,5,2025-08-25,68,Toys,71.97999999999999,Aadhya Singh,35,Other,2022-07-16,Product_020,Toys,1595.75,428
T000436,U0143,P038,20.23,Wallet,2023-12-25,39.68666666666667,3,2025-03-19,227,Electronics,60.74,Aarohi Verma,19,Female,2023-10-28,Product_038,Home,393.65,58
T000436,U0143,P038,20.23,Wallet,2023-12-25,39.68666666666667,3,2025-03-19,227,Home,58.32000000000001,Aarohi Verma,19,Female,2023-10-28,Product_038,Home,393.65,58
T000437,U0161,P044,89.47,Net Banking,2025-10-12,59.246,5,2025-10-12,20,Beauty,89.47,Aarav Joshi,24,Female,2023-05-15,Product_044,Beauty,1655.45,268
T000437,U0161,P044,89.47,Net Banking,2025-10-12,59.246,5,2025-10-12,20,Books,134.08,Aarav Joshi,24,Female,2023-05-15,Product_044,Beauty,1655.45,268
T000437,U0161,P044,89.47,Net Banking,2025-10-12,59.246,5,2025-10-12,20,Sports,40.76,Aarav Joshi,24,Female,2023-05-15,Product_044,Beauty,1655.45,268
T000437,U0161,P044,89.47,Net Banking,2025-10-12,59.246,5,2025-10-12,20,Toys,31.92,Aarav Joshi,24,Female,2023-05-15,Product_044,Beauty,1655.45,268
T000438,U0013,P023,57.05,Wallet,2025-02-19,96.2925,4,2025-05-09,176,Books,57.05,Diya Chopra,33,Male,2022-02-16,Product_023,Books,1984.98,450
T000438,U0013,P023,57.05,Wallet,2025-02-19,96.2925,4,2025-05-09,176,Clothing,197.43,Diya Chopra,33,Male,2022-02-16,Product_023,Books,1984.98,450
T000438,U0013,P023,57.05,Wallet,2025-02-19,96.2925,4,2025-05-09,176,Electronics,130.69,Diya Chopra,33,Male,2022-02-16,Product_023,Books,1984.98,450
T000439,U0135,P021,25.18,Wallet,2025-05-02,66.34857142857143,8,2025-05-02,183,Beauty,105.1,Ishaan Mukherjee,24,Female,2023-02-03,Product_021,Books,3055.12,169
T000439,U0135,P021,25.18,Wallet,2025-05-02,66.34857142857143,8,2025-05-02,183,Books,63.46,Ishaan Mukherjee,24,Female,2023-02-03,Product_021,Books,3055.12,169
T000439,U0135,P021,25.18,Wallet,2025-05-02,66.34857142857143,8,2025-05-02,183,Clothing,92.0,Ishaan Mukherjee,24,Female,2023-02-03,Product_021,Books,3055.12,169
T000439,U0135,P021,25.18,Wallet,2025-05-02,66.34857142857143,8,2025-05-02,183,Grocery,25.77,Ishaan Mukherjee,24,Female,2023-02-03,Product_021,Books,3055.12,169
T000439,U0135,P021,25.18,Wallet,2025-05-02,66.34857142857143,8,2025-05-02,183,Home,85.44999999999999,Ishaan Mukherjee,24,Female,2023-02-03,Product_021,Books,3055.12,169
T000439,U0135,P021,25.18,Wallet,2025-05-02,66.34857142857143,8,2025-05-02,183,Toys,92.66,Ishaan Mukherjee,24,Female,2023-02-03,Product_021,Books,3055.12,169
T000440,U0105,P010,25.1,UPI,2025-02-09,98.976,6,2025-05-10,175,Beauty,202.88,Kabir Amin,30,Female,2022-12-01,Product_010,Sports,1315.44,77
T000440,U0105,P010,25.1,UPI,2025-02-09,98.976,6,2025-05-10,175,Grocery,134.56,Kabir Amin,30,Female,2022-12-01,Product_010,Sports,1315.44,77
T000440,U0105,P010,25.1,UPI,2025-02-09,98.976,6,2025-05-10,175,Sports,84.1,Kabir Amin,30,Female,2022-12-01,Product_010,Sports,1315.44,77
T000440,U0105,P010,25.1,UPI,2025-02-09,98.976,6,2025-05-10,175,Toys,73.34,Kabir Amin,30,Female,2022-12-01,Product_010,Sports,1315.44,77
T000441,U0048,P049,44.64,Cash,2025-08-27,69.612,5,2025-08-27,66,Clothing,80.2,Meera Das,40,Other,2024-01-11,Product_049,Home,1701.17,159
T000441,U0048,P049,44.64,Cash,2025-08-27,69.612,5,2025-08-27,66,Home,256.73,Meera Das,40,Other,2024-01-11,Product_049,Home,1701.17,159
T000441,U0048,P049,44.64,Cash,2025-08-27,69.612,5,2025-08-27,66,Sports,11.13,Meera Das,40,Other,2024-01-11,Product_049,Home,1701.17,159
T000442,U0062,P015,148.62,UPI,2023-10-23,68.21714285714286,7,2025-07-02,122,Beauty,114.33000000000001,Muhammad Verma,30,Other,2022-03-04,Product_015,Books,2286.25,251
T000442,U0062,P015,148.62,UPI,2023-10-23,68.21714285714286,7,2025-07-02,122,Books,225.56,Muhammad Verma,30,Other,2022-03-04,Product_015,Books,2286.25,251
T000442,U0062,P015,148.62,UPI,2023-10-23,68.21714285714286,7,2025-07-02,122,Home,102.34,Muhammad Verma,30,Other,2022-03-04,Product_015,Books,2286.25,251
T000442,U0062,P015,148.62,UPI,2023-10-23,68.21714285714286,7,2025-07-02,122,Toys,35.29,Muhammad Verma,30,Other,2022-03-04,Product_015,Books,2286.25,251
T000443,U0119,P004,46.72,Cash,2025-04-25,114.93666666666667,6,2025-07-08,116,Beauty,33.16,Ira Roy,41,Male,2022-09-13,Product_004,Toys,2600.12,229
T000443,U0119,P004,46.72,Cash,2025-04-25,114.93666666666667,6,2025-07-08,116,Books,253.67,Ira Roy,41,Male,2022-09-13,Product_004,Toys,2600.12,229
T000443,U0119,P004,46.72,Cash,2025-04-25,114.93666666666667,6,2025-07-08,116,Home,238.55,Ira Roy,41,Male,2022-09-13,Product_004,Toys,2600.12,229
T000443,U0119,P004,46.72,Cash,2025-04-25,114.93666666666667,6,2025-07-08,116,Toys,164.24,Ira Roy,41,Male,2022-09-13,Product_004,Toys,2600.12,229
T000444,U0107,P036,22.16,Cash,2023-10-02,43.097142857142856,7,2025-09-29,33,Clothing,29.26,Kiara Bose,47,Other,2023-09-23,Product_036,Sports,1650.69,388
T000444,U0107,P036,22.16,Cash,2023-10-02,43.097142857142856,7,2025-09-29,33,Electronics,23.47,Kiara Bose,47,Other,2023-09-23,Product_036,Sports,1650.69,388
T000444,U0107,P036,22.16,Cash,2023-10-02,43.097142857142856,7,2025-09-29,33,Grocery,150.88,Kiara Bose,47,Other,2023-09-23,Product_036,Sports,1650.69,388
T000444,U0107,P036,22.16,Cash,2023-10-02,43.097142857142856,7,2025-09-29,33,Home,75.91,Kiara Bose,47,Other,2023-09-23,Product_036,Sports,1650.69,388
T000444,U0107,P036,22.16,Cash,2023-10-02,43.097142857142856,7,2025-09-29,33,Sports,22.16,Kiara Bose,47,Other,2023-09-23,Product_036,Sports,1650.69,388
T000445,U0100,P016,47.11,UPI,2024-02-21,80.97857142857143,8,2025-08-30,63,Books,84.14,Anaya Mukherjee,30,Other,2022-04-29,Product_016,Books,807.27,58
T000445,U0100,P016,47.11,UPI,2024-02-21,80.97857142857143,8,2025-08-30,63,Electronics,63.2,Anaya Mukherjee,30,Other,2022-04-29,Product_016,Books,807.27,58
T000445,U0100,P016,47.11,UPI,2024-02-21,80.97857142857143,8,2025-08-30,63,Grocery,52.81,Anaya Mukherjee,30,Other,2022-04-29,Product_016,Books,807.27,58
T000445,U0100,P016,47.11,UPI,2024-02-21,80.97857142857143,8,2025-08-30,63,Home,64.62,Anaya Mukherjee,30,Other,2022-04-29,Product_016,Books,807.27,58
T000445,U0100,P016,47.11,UPI,2024-02-21,80.97857142857143,8,2025-08-30,63,Sports,189.65,Anaya Mukherjee,30,Other,2022-04-29,Product_016,Books,807.27,58
T000445,U0100,P016,47.11,UPI,2024-02-21,80.97857142857143,8,2025-08-30,63,Toys,112.43,Anaya Mukherjee,30,Other,2022-04-29,Product_016,Books,807.27,58
T000446,U0085,P042,46.36,Credit Card,2025-07-10,65.51666666666667,6,2025-07-10,114,Beauty,33.94,Arjun Kapoor,25,Male,2023-08-20,Product_042,Home,4406.39,59
T000446,U0085,P042,46.36,Credit Card,2025-07-10,65.51666666666667,6,2025-07-10,114,Books,229.31,Arjun Kapoor,25,Male,2023-08-20,Product_042,Home,4406.39,59
T000446,U0085,P042,46.36,Credit Card,2025-07-10,65.51666666666667,6,2025-07-10,114,Clothing,55.21,Arjun Kapoor,25,Male,2023-08-20,Product_042,Home,4406.39,59
T000446,U0085,P042,46.36,Credit Card,2025-07-10,65.51666666666667,6,2025-07-10,114,Electronics,28.28,Arjun Kapoor,25,Male,2023-08-20,Product_042,Home,4406.39,59
T000446,U0085,P042,46.36,Credit Card,2025-07-10,65.51666666666667,6,2025-07-10,114,Home,46.36,Arjun Kapoor,25,Male,2023-08-20,Product_042,Home,4406.39,59
T000447,U0095,P006,10.83,Cash,2024-01-26,68.68499999999999,6,2025-03-23,223,Beauty,77.82,Muhammad Bose,28,Female,2024-06-04,Product_006,Clothing,3250.7,481
T000447,U0095,P006,10.83,Cash,2024-01-26,68.68499999999999,6,2025-03-23,223,Books,51.2,Muhammad Bose,28,Female,2024-06-04,Product_006,Clothing,3250.7,481
T000447,U0095,P006,10.83,Cash,2024-01-26,68.68499999999999,6,2025-03-23,223,Clothing,10.83,Muhammad Bose,28,Female,2024-06-04,Product_006,Clothing,3250.7,481
T000447,U0095,P006,10.83,Cash,2024-01-26,68.68499999999999,6,2025-03-23,223,Electronics,160.25,Muhammad Bose,28,Female,2024-06-04,Product_006,Clothing,3250.7,481
T000447,U0095,P006,10.83,Cash,2024-01-26,68.68499999999999,6,2025-03-23,223,Home,112.00999999999999,Muhammad Bose,28,Female,2024-06-04,Product_006,Clothing,3250.7,481
T000448,U0014,P018,52.85,Net Banking,2023-03-22,114.965,5,2025-01-30,275,Beauty,227.37,Sai Singh,18,Male,2024-06-06,Product_018,Electronics,2390.82,158
T000448,U0014,P018,52.85,Net Banking,2023-03-22,114.965,5,2025-01-30,275,Electronics,52.85,Sai Singh,18,Male,2024-06-06,Product_018,Electronics,2390.82,158
T000448,U0014,P018,52.85,Net Banking,2023-03-22,114.965,5,2025-01-30,275,Home,138.48,Sai Singh,18,Male,2024-06-06,Product_018,Electronics,2390.82,158
T000448,U0014,P018,52.85,Net Banking,2023-03-22,114.965,5,2025-01-30,275,Sports,41.16,Sai Singh,18,Male,2024-06-06,Product_018,Electronics,2390.82,158
T000449,U0019,P013,47.53,Cash,2024-03-20,61.866666666666674,3,2025-03-21,225,Beauty,113.79,Aarohi Ghosh,24,Other,2024-05-13,Product_013,Beauty,3354.37,155
T000449,U0019,P013,47.53,Cash,2024-03-20,61.866666666666674,3,2025-03-21,225,Home,71.81,Aarohi Ghosh,24,Other,2024-05-13,Product_013,Beauty,3354.37,155
T000450,U0123,P014,82.91,UPI,2024-09-12,51.17285714285714,7,2025-03-26,220,Beauty,172.5,Aarohi Roy,43,Male,2023-04-06,Product_014,Beauty,3844.95,467
T000450,U0123,P014,82.91,UPI,2024-09-12,51.17285714285714,7,2025-03-26,220,Books,106.53,Aarohi Roy,43,Male,2023-04-06,Product_014,Beauty,3844.95,467
T000450,U0123,P014,82.91,UPI,2024-09-12,51.17285714285714,7,2025-03-26,220,Clothing,12.75,Aarohi Roy,43,Male,2023-04-06,Product_014,Beauty,3844.95,467
T000450,U0123,P014,82.91,UPI,2024-09-12,51.17285714285714,7,2025-03-26,220,Home,66.43,Aarohi Roy,43,Male,2023-04-06,Product_014,Beauty,3844.95,467
T000451,U0004,P014,165.57,Debit Card,2023-08-29,100.21333333333332,3,2024-04-03,577,Beauty,222.5,Aarav Gupta,44,Male,2023-06-02,Product_014,Beauty,3844.95,467
T000451,U0004,P014,165.57,Debit Card,2023-08-29,100.21333333333332,3,2024-04-03,577,Toys,78.14,Aarav Gupta,44,Male,2023-06-02,Product_014,Beauty,3844.95,467
T000452,U0192,P049,107.33,Net Banking,2024-05-11,121.93,4,2024-05-11,539,Beauty,238.22,Kabir Roy,38,Male,2024-08-04,Product_049,Home,1701.17,159
T000452,U0192,P049,107.33,Net Banking,2024-05-11,121.93,4,2024-05-11,539,Grocery,112.25,Kabir Roy,38,Male,2024-08-04,Product_049,Home,1701.17,159
T000452,U0192,P049,107.33,Net Banking,2024-05-11,121.93,4,2024-05-11,539,Home,137.25,Kabir Roy,38,Male,2024-08-04,Product_049,Home,1701.17,159
T000453,U0179,P039,46.46,Wallet,2024-02-23,79.445,5,2024-02-23,617,Beauty,95.72,Kabir Joshi,29,Female,2022-12-15,Product_039,Grocery,4167.72,453
T000453,U0179,P039,46.46,Wallet,2024-02-23,79.445,5,2024-02-23,617,Books,107.57000000000001,Kabir Joshi,29,Female,2022-12-15,Product_039,Grocery,4167.72,453
T000453,U0179,P039,46.46,Wallet,2024-02-23,79.445,5,2024-02-23,617,Grocery,114.49000000000001,Kabir Joshi,29,Female,2022-12-15,Product_039,Grocery,4167.72,453
T000454,U0102,P016,28.11,Cash,2024-10-20,96.24166666666667,7,2025-02-17,257,Beauty,52.81,Kiara Sharma,28,Other,2023-12-05,Product_016,Books,807.27,58
T000454,U0102,P016,28.11,Cash,2024-10-20,96.24166666666667,7,2025-02-17,257,Books,304.48,Kiara Sharma,28,Other,2023-12-05,Product_016,Books,807.27,58
T000454,U0102,P016,28.11,Cash,2024-10-20,96.24166666666667,7,2025-02-17,257,Electronics,48.89,Kiara Sharma,28,Other,2023-12-05,Product_016,Books,807.27,58
T000454,U0102,P016,28.11,Cash,2024-10-20,96.24166666666667,7,2025-02-17,257,Grocery,108.81,Kiara Sharma,28,Other,2023-12-05,Product_016,Books,807.27,58
T000454,U0102,P016,28.11,Cash,2024-10-20,96.24166666666667,7,2025-02-17,257,Toys,62.46,Kiara Sharma,28,Other,2023-12-05,Product_016,Books,807.27,58
T000455,U0199,P019,255.7,Net Banking,2025-08-12,76.08555555555556,9,2025-08-12,81,Books,288.35,Meera Roy,32,Male,2022-02-10,Product_019,Home,523.79,441
T000455,U0199,P019,255.7,Net Banking,2025-08-12,76.08555555555556,9,2025-08-12,81,Clothing,40.28,Meera Roy,32,Male,2022-02-10,Product_019,Home,523.79,441
T000455,U0199,P019,255.7,Net Banking,2025-08-12,76.08555555555556,9,2025-08-12,81,Electronics,61.43,Meera Roy,32,Male,2022-02-10,Product_019,Home,523.79,441
T000455,U0199,P019,255.7,Net Banking,2025-08-12,76.08555555555556,9,2025-08-12,81,Home,255.7,Meera Roy,32,Male,2022-02-10,Product_019,Home,523.79,441
T000455,U0199,P019,255.7,Net Banking,2025-08-12,76.08555555555556,9,2025-08-12,81,Sports,39.01,Meera Roy,32,Male,2022-02-10,Product_019,Home,523.79,441
T000456,U0137,P042,56.57,UPI,2024-09-23,62.848,5,2024-09-23,404,Clothing,14.49,Myra Reddy,25,Other,2022-01-28,Product_042,Home,4406.39,59
T000456,U0137,P042,56.57,UPI,2024-09-23,62.848,5,2024-09-23,404,Electronics,208.94,Myra Reddy,25,Other,2022-01-28,Product_042,Home,4406.39,59
T000456,U0137,P042,56.57,UPI,2024-09-23,62.848,5,2024-09-23,404,Home,56.57,Myra Reddy,25,Other,2022-01-28,Product_042,Home,4406.39,59
T000456,U0137,P042,56.57,UPI,2024-09-23,62.848,5,2024-09-23,404,Sports,34.24,Myra Reddy,25,Other,2022-01-28,Product_042,Home,4406.39,59
T000457,U0067,P024,55.06,Cash,2025-10-15,68.82333333333334,3,2025-10-15,17,Home,127.84,Saanvi Ghosh,31,Other,2022-02-10,Product_024,Home,2509.0,267
T000457,U0067,P024,55.06,Cash,2025-10-15,68.82333333333334,3,2025-10-15,17,Sports,78.63,Saanvi Ghosh,31,Other,2022-02-10,Product_024,Home,2509.0,267
T000458,U0120,P007,53.81,Wallet,2025-08-19,60.0675,4,2025-08-19,74,Books,134.23000000000002,Vihaan Roy,38,Male,2023-11-15,Product_007,Books,2084.59,134
T000458,U0120,P007,53.81,Wallet,2025-08-19,60.0675,4,2025-08-19,74,Home,77.51,Vihaan Roy,38,Male,2023-11-15,Product_007,Books,2084.59,134
T000458,U0120,P007,53.81,Wallet,2025-08-19,60.0675,4,2025-08-19,74,Sports,28.53,Vihaan Roy,38,Male,2023-11-15,Product_007,Books,2084.59,134
T000459,U0195,P021,61.49,Debit Card,2025-01-29,94.738,5,2025-01-29,276,Books,108.28,Ishaan Reddy,33,Male,2022-06-19,Product_021,Books,3055.12,169
T000459,U0195,P021,61.49,Debit Card,2025-01-29,94.738,5,2025-01-29,276,Home,130.41,Ishaan Reddy,33,Male,2022-06-19,Product_021,Books,3055.12,169
T000459,U0195,P021,61.49,Debit Card,2025-01-29,94.738,5,2025-01-29,276,Toys,235.0,Ishaan Reddy,33,Male,2022-06-19,Product_021,Books,3055.12,169
T000460,U0081,P027,50.07,Credit Card,2024-03-29,67.868,6,2025-04-08,207,Clothing,74.56,Vivaan Gupta,30,Other,2024-04-29,Product_027,Toys,2241.45,134
T000460,U0081,P027,50.07,Credit Card,2024-03-29,67.868,6,2025-04-08,207,Home,86.89,Vivaan Gupta,30,Other,2024-04-29,Product_027,Toys,2241.45,134
T000460,U0081,P027,50.07,Credit Card,2024-03-29,67.868,6,2025-04-08,207,Sports,63.6,Vivaan Gupta,30,Other,2024-04-29,Product_027,Toys,2241.45,134
T000460,U0081,P027,50.07,Credit Card,2024-03-29,67.868,6,2025-04-08,207,Toys,114.28999999999999,Vivaan Gupta,30,Other,2024-04-29,Product_027,Toys,2241.45,134
T000461,U0190,P010,38.7,Credit Card,2024-06-18,53.284000000000006,5,2025-08-08,85,Beauty,67.22,Aarav Mukherjee,19,Female,2023-04-27,Product_010,Sports,1315.44,77
T000461,U0190,P010,38.7,Credit Card,2024-06-18,53.284000000000006,5,2025-08-08,85,Books,38.65,Aarav Mukherjee,19,Female,2023-04-27,Product_010,Sports,1315.44,77
T000461,U0190,P010,38.7,Credit Card,2024-06-18,53.284000000000006,5,2025-08-08,85,Electronics,15.66,Aarav Mukherjee,19,Female,2023-04-27,Product_010,Sports,1315.44,77
T000461,U0190,P010,38.7,Credit Card,2024-06-18,53.284000000000006,5,2025-08-08,85,Grocery,106.19,Aarav Mukherjee,19,Female,2023-04-27,Product_010,Sports,1315.44,77
T000461,U0190,P010,38.7,Credit Card,2024-06-18,53.284000000000006,5,2025-08-08,85,Sports,38.7,Aarav Mukherjee,19,Female,2023-04-27,Product_010,Sports,1315.44,77
T000462,U0142,P038,39.33,Cash,2025-05-05,65.92833333333333,7,2025-09-16,46,Books,58.52,Kiara Khan,42,Male,2022-01-20,Product_038,Home,393.65,58
T000462,U0142,P038,39.33,Cash,2025-05-05,65.92833333333333,7,2025-09-16,46,Clothing,53.38,Kiara Khan,42,Male,2022-01-20,Product_038,Home,393.65,58
T000462,U0142,P038,39.33,Cash,2025-05-05,65.92833333333333,7,2025-09-16,46,Electronics,82.19,Kiara Khan,42,Male,2022-01-20,Product_038,Home,393.65,58
T000462,U0142,P038,39.33,Cash,2025-05-05,65.92833333333333,7,2025-09-16,46,Home,125.42,Kiara Khan,42,Male,2022-01-20,Product_038,Home,393.65,58
T000462,U0142,P038,39.33,Cash,2025-05-05,65.92833333333333,7,2025-09-16,46,Toys,76.06,Kiara Khan,42,Male,2022-01-20,Product_038,Home,393.65,58
T000463,U0076,P010,53.54,Debit Card,2024-11-06,71.53428571428572,7,2025-10-13,19,Books,240.39999999999998,Ira Sharma,38,Other,2022-11-03,Product_010,Sports,1315.44,77
T000463,U0076,P010,53.54,Debit Card,2024-11-06,71.53428571428572,7,2025-10-13,19,Clothing,60.89,Ira Sharma,38,Other,2022-11-03,Product_010,Sports,1315.44,77
T000463,U0076,P010,53.54,Debit Card,2024-11-06,71.53428571428572,7,2025-10-13,19,Electronics,59.75,Ira Sharma,38,Other,2022-11-03,Product_010,Sports,1315.44,77
T000463,U0076,P010,53.54,Debit Card,2024-11-06,71.53428571428572,7,2025-10-13,19,Grocery,86.16,Ira Sharma,38,Other,2022-11-03,Product_010,Sports,1315.44,77
T000463,U0076,P010,53.54,Debit Card,2024-11-06,71.53428571428572,7,2025-10-13,19,Sports,53.54,Ira Sharma,38,Other,2022-11-03,Product_010,Sports,1315.44,77
T000464,U0059,P025,39.41,Cash,2024-05-18,63.89,5,2025-08-31,62,Beauty,71.28,Vivaan Iyer,34,Female,2023-02-04,Product_025,Electronics,1408.97,272
T000464,U0059,P025,39.41,Cash,2024-05-18,63.89,5,2025-08-31,62,Clothing,144.87,Vivaan Iyer,34,Female,2023-02-04,Product_025,Electronics,1408.97,272
T000464,U0059,P025,39.41,Cash,2024-05-18,63.89,5,2025-08-31,62,Electronics,39.41,Vivaan Iyer,34,Female,2023-02-04,Product_025,Electronics,1408.97,272
T000465,U0128,P036,35.6,Wallet,2024-11-22,56.245000000000005,4,2025-05-23,162,Grocery,154.17000000000002,Arjun Reddy,27,Male,2023-12-12,Product_036,Sports,1650.69,388
T000465,U0128,P036,35.6,Wallet,2024-11-22,56.245000000000005,4,2025-05-23,162,Home,35.21,Arjun Reddy,27,Male,2023-12-12,Product_036,Sports,1650.69,388
T000465,U0128,P036,35.6,Wallet,2024-11-22,56.245000000000005,4,2025-05-23,162,Sports,35.6,Arjun Reddy,27,Male,2023-12-12,Product_036,Sports,1650.69,388
T000466,U0066,P049,58.2,Net Banking,2025-10-01,41.803333333333335,3,2025-10-01,31,Books,36.91,Aditya Ghosh,42,Female,2024-08-22,Product_049,Home,1701.17,159
T000466,U0066,P049,58.2,Net Banking,2025-10-01,41.803333333333335,3,2025-10-01,31,Grocery,30.3,Aditya Ghosh,42,Female,2024-08-22,Product_049,Home,1701.17,159
T000466,U0066,P049,58.2,Net Banking,2025-10-01,41.803333333333335,3,2025-10-01,31,Home,58.2,Aditya Ghosh,42,Female,2024-08-22,Product_049,Home,1701.17,159
T000467,U0118,P011,46.85,Wallet,2024-12-22,127.7,4,2024-12-22,314,Beauty,236.0,Aarav Patel,22,Female,2022-06-30,Product_011,Electronics,1410.29,28
T000467,U0118,P011,46.85,Wallet,2024-12-22,127.7,4,2024-12-22,314,Books,122.39,Aarav Patel,22,Female,2022-06-30,Product_011,Electronics,1410.29,28
T000467,U0118,P011,46.85,Wallet,2024-12-22,127.7,4,2024-12-22,314,Electronics,46.85,Aarav Patel,22,Female,2022-06-30,Product_011,Electronics,1410.29,28
T000467,U0118,P011,46.85,Wallet,2024-12-22,127.7,4,2024-12-22,314,Home,105.56,Aarav Patel,22,Female,2022-06-30,Product_011,Electronics,1410.29,28
T000468,U0044,P009,134.61,Wallet,2025-09-27,73.16857142857144,7,2025-09-27,35,Books,12.39,Aditya Nair,29,Male,2023-07-22,Product_009,Clothing,1799.44,163
T000468,U0044,P009,134.61,Wallet,2025-09-27,73.16857142857144,7,2025-09-27,35,Clothing,178.51000000000002,Aditya Nair,29,Male,2023-07-22,Product_009,Clothing,1799.44,163
T000468,U0044,P009,134.61,Wallet,2025-09-27,73.16857142857144,7,2025-09-27,35,Grocery,69.48,Aditya Nair,29,Male,2023-07-22,Product_009,Clothing,1799.44,163
T000468,U0044,P009,134.61,Wallet,2025-09-27,73.16857142857144,7,2025-09-27,35,Home,251.8,Aditya Nair,29,Male,2023-07-22,Product_009,Clothing,1799.44,163
T000469,U0048,P035,11.13,Wallet,2023-05-01,69.612,5,2025-08-27,66,Clothing,80.2,Meera Das,40,Other,2024-01-11,Product_035,Sports,2998.97,82
T000469,U0048,P035,11.13,Wallet,2023-05-01,69.612,5,2025-08-27,66,Home,256.73,Meera Das,40,Other,2024-01-11,Product_035,Sports,2998.97,82
T000469,U0048,P035,11.13,Wallet,2023-05-01,69.612,5,2025-08-27,66,Sports,11.13,Meera Das,40,Other,2024-01-11,Product_035,Sports,2998.97,82
T000470,U0135,P003,105.1,Credit Card,2023-04-10,66.34857142857143,8,2025-05-02,183,Beauty,105.1,Ishaan Mukherjee,24,Female,2023-02-03,Product_003,Beauty,3027.98,127
T000470,U0135,P003,105.1,Credit Card,2023-04-10,66.34857142857143,8,2025-05-02,183,Books,63.46,Ishaan Mukherjee,24,Female,2023-02-03,Product_003,Beauty,3027.98,127
T000470,U0135,P003,105.1,Credit Card,2023-04-10,66.34857142857143,8,2025-05-02,183,Clothing,92.0,Ishaan Mukherjee,24,Female,2023-02-03,Product_003,Beauty,3027.98,127
T000470,U0135,P003,105.1,Credit Card,2023-04-10,66.34857142857143,8,2025-05-02,183,Grocery,25.77,Ishaan Mukherjee,24,Female,2023-02-03,Product_003,Beauty,3027.98,127
T000470,U0135,P003,105.1,Credit Card,2023-04-10,66.34857142857143,8,2025-05-02,183,Home,85.44999999999999,Ishaan Mukherjee,24,Female,2023-02-03,Product_003,Beauty,3027.98,127
T000470,U0135,P003,105.1,Credit Card,2023-04-10,66.34857142857143,8,2025-05-02,183,Toys,92.66,Ishaan Mukherjee,24,Female,2023-02-03,Product_003,Beauty,3027.98,127
T000471,U0196,P001,115.31,Net Banking,2023-10-09,88.99714285714286,7,2025-08-21,72,Beauty,94.92999999999999,Kabir Kulkarni,35,Other,2024-08-01,Product_001,Grocery,264.89,371
T000471,U0196,P001,115.31,Net Banking,2023-10-09,88.99714285714286,7,2025-08-21,72,Books,196.74,Kabir Kulkarni,35,Other,2024-08-01,Product_001,Grocery,264.89,371
T000471,U0196,P001,115.31,Net Banking,2023-10-09,88.99714285714286,7,2025-08-21,72,Grocery,226.74,Kabir Kulkarni,35,Other,2024-08-01,Product_001,Grocery,264.89,371
T000471,U0196,P001,115.31,Net Banking,2023-10-09,88.99714285714286,7,2025-08-21,72,Home,104.57,Kabir Kulkarni,35,Other,2024-08-01,Product_001,Grocery,264.89,371
T000472,U0162,P015,15.74,Credit Card,2023-11-06,61.4,6,2025-02-22,252,Books,15.74,Muhammad Mehta,38,Female,2022-10-14,Product_015,Books,2286.25,251
T000472,U0162,P015,15.74,Credit Card,2023-11-06,61.4,6,2025-02-22,252,Clothing,134.48,Muhammad Mehta,38,Female,2022-10-14,Product_015,Books,2286.25,251
T000472,U0162,P015,15.74,Credit Card,2023-11-06,61.4,6,2025-02-22,252,Grocery,47.37,Muhammad Mehta,38,Female,2022-10-14,Product_015,Books,2286.25,251
T000472,U0162,P015,15.74,Credit Card,2023-11-06,61.4,6,2025-02-22,252,Home,24.73,Muhammad Mehta,38,Female,2022-10-14,Product_015,Books,2286.25,251
T000472,U0162,P015,15.74,Credit Card,2023-11-06,61.4,6,2025-02-22,252,Sports,84.68,Muhammad Mehta,38,Female,2022-10-14,Product_015,Books,2286.25,251
T000473,U0003,P014,44.45,Cash,2025-07-22,40.597500000000004,4,2025-11-01,0,Beauty,44.45,Aarohi Gupta,37,Other,2022-02-02,Product_014,Beauty,3844.95,467
T000473,U0003,P014,44.45,Cash,2025-07-22,40.597500000000004,4,2025-11-01,0,Books,34.7,Aarohi Gupta,37,Other,2022-02-02,Product_014,Beauty,3844.95,467
T000473,U0003,P014,44.45,Cash,2025-07-22,40.597500000000004,4,2025-11-01,0,Grocery,24.37,Aarohi Gupta,37,Other,2022-02-02,Product_014,Beauty,3844.95,467
T000473,U0003,P014,44.45,Cash,2025-07-22,40.597500000000004,4,2025-11-01,0,Home,58.87,Aarohi Gupta,37,Other,2022-02-02,Product_014,Beauty,3844.95,467
T000474,U0096,P004,43.69,Cash,2025-09-16,68.59833333333334,6,2025-09-16,46,Beauty,108.61,Aditya Khan,20,Female,2023-02-14,Product_004,Toys,2600.12,229
T000474,U0096,P004,43.69,Cash,2025-09-16,68.59833333333334,6,2025-09-16,46,Electronics,58.3,Aditya Khan,20,Female,2023-02-14,Product_004,Toys,2600.12,229
T000474,U0096,P004,43.69,Cash,2025-09-16,68.59833333333334,6,2025-09-16,46,Grocery,200.99,Aditya Khan,20,Female,2023-02-14,Product_004,Toys,2600.12,229
T000474,U0096,P004,43.69,Cash,2025-09-16,68.59833333333334,6,2025-09-16,46,Toys,43.69,Aditya Khan,20,Female,2023-02-14,Product_004,Toys,2600.12,229
T000475,U0169,P032,23.46,Credit Card,2023-01-14,71.0775,4,2025-05-16,169,Books,23.46,Diya Mukherjee,30,Other,2022-12-05,Product_032,Books,2913.02,176
T000475,U0169,P032,23.46,Credit Card,2023-01-14,71.0775,4,2025-05-16,169,Grocery,52.59,Diya Mukherjee,30,Other,2022-12-05,Product_032,Books,2913.02,176
T000475,U0169,P032,23.46,Credit Card,2023-01-14,71.0775,4,2025-05-16,169,Sports,208.26,Diya Mukherjee,30,Other,2022-12-05,Product_032,Books,2913.02,176
T000476,U0137,P036,34.24,Net Banking,2023-01-25,62.848,5,2024-09-23,404,Clothing,14.49,Myra Reddy,25,Other,2022-01-28,Product_036,Sports,1650.69,388
T000476,U0137,P036,34.24,Net Banking,2023-01-25,62.848,5,2024-09-23,404,Electronics,208.94,Myra Reddy,25,Other,2022-01-28,Product_036,Sports,1650.69,388
T000476,U0137,P036,34.24,Net Banking,2023-01-25,62.848,5,2024-09-23,404,Home,56.57,Myra Reddy,25,Other,2022-01-28,Product_036,Sports,1650.69,388
T000476,U0137,P036,34.24,Net Banking,2023-01-25,62.848,5,2024-09-23,404,Sports,34.24,Myra Reddy,25,Other,2022-01-28,Product_036,Sports,1650.69,388
T000477,U0005,P034,28.04,Wallet,2024-07-16,57.94833333333333,6,2025-06-22,132,Beauty,103.03,Sara Sharma,30,Other,2024-01-04,Product_034,Books,474.01,362
T000477,U0005,P034,28.04,Wallet,2024-07-16,57.94833333333333,6,2025-06-22,132,Books,68.07,Sara Sharma,30,Other,2024-01-04,Product_034,Books,474.01,362
T000477,U0005,P034,28.04,Wallet,2024-07-16,57.94833333333333,6,2025-06-22,132,Clothing,48.34,Sara Sharma,30,Other,2024-01-04,Product_034,Books,474.01,362
T000477,U0005,P034,28.04,Wallet,2024-07-16,57.94833333333333,6,2025-06-22,132,Home,128.25,Sara Sharma,30,Other,2024-01-04,Product_034,Books,474.01,362
T000478,U0138,P019,156.24,Credit Card,2025-10-25,105.31200000000001,6,2025-10-25,7,Beauty,62.45,Aadhya Chopra,29,Other,2022-03-27,Product_019,Home,523.79,441
T000478,U0138,P019,156.24,Credit Card,2025-10-25,105.31200000000001,6,2025-10-25,7,Books,244.98000000000002,Aadhya Chopra,29,Other,2022-03-27,Product_019,Home,523.79,441
T000478,U0138,P019,156.24,Credit Card,2025-10-25,105.31200000000001,6,2025-10-25,7,Electronics,42.74,Aadhya Chopra,29,Other,2022-03-27,Product_019,Home,523.79,441
T000478,U0138,P019,156.24,Credit Card,2025-10-25,105.31200000000001,6,2025-10-25,7,Home,176.39000000000001,Aadhya Chopra,29,Other,2022-03-27,Product_019,Home,523.79,441
T000479,U0179,P044,95.72,Net Banking,2024-01-03,79.445,5,2024-02-23,617,Beauty,95.72,Kabir Joshi,29,Female,2022-12-15,Product_044,Beauty,1655.45,268
T000479,U0179,P044,95.72,Net Banking,2024-01-03,79.445,5,2024-02-23,617,Books,107.57000000000001,Kabir Joshi,29,Female,2022-12-15,Product_044,Beauty,1655.45,268
T000479,U0179,P044,95.72,Net Banking,2024-01-03,79.445,5,2024-02-23,617,Grocery,114.49000000000001,Kabir Joshi,29,Female,2022-12-15,Product_044,Beauty,1655.45,268
T000480,U0028,P007,117.09,Cash,2023-11-01,78.77333333333334,9,2025-08-23,70,Beauty,101.57000000000001,Kiara Kulkarni,35,Male,2023-01-26,Product_007,Books,2084.59,134
T000480,U0028,P007,117.09,Cash,2023-11-01,78.77333333333334,9,2025-08-23,70,Books,174.23000000000002,Kiara Kulkarni,35,Male,2023-01-26,Product_007,Books,2084.59,134
T000480,U0028,P007,117.09,Cash,2023-11-01,78.77333333333334,9,2025-08-23,70,Clothing,252.42000000000002,Kiara Kulkarni,35,Male,2023-01-26,Product_007,Books,2084.59,134
T000480,U0028,P007,117.09,Cash,2023-11-01,78.77333333333334,9,2025-08-23,70,Home,125.28,Kiara Kulkarni,35,Male,2023-01-26,Product_007,Books,2084.59,134
T000480,U0028,P007,117.09,Cash,2023-11-01,78.77333333333334,9,2025-08-23,70,Toys,55.46,Kiara Kulkarni,35,Male,2023-01-26,Product_007,Books,2084.59,134
T000481,U0062,P013,84.18,Cash,2024-05-31,68.21714285714286,7,2025-07-02,122,Beauty,114.33000000000001,Muhammad Verma,30,Other,2022-03-04,Product_013,Beauty,3354.37,155
T000481,U0062,P013,84.18,Cash,2024-05-31,68.21714285714286,7,2025-07-02,122,Books,225.56,Muhammad Verma,30,Other,2022-03-04,Product_013,Beauty,3354.37,155
T000481,U0062,P013,84.18,Cash,2024-05-31,68.21714285714286,7,2025-07-02,122,Home,102.34,Muhammad Verma,30,Other,2022-03-04,Product_013,Beauty,3354.37,155
T000481,U0062,P013,84.18,Cash,2024-05-31,68.21714285714286,7,2025-07-02,122,Toys,35.29,Muhammad Verma,30,Other,2022-03-04,Product_013,Beauty,3354.37,155
T000482,U0091,P018,27.73,Net Banking,2023-06-11,28.23,2,2024-04-29,551,Electronics,27.73,Reyansh Nair,32,Female,2022-10-01,Product_018,Electronics,2390.82,158
T000482,U0091,P018,27.73,Net Banking,2023-06-11,28.23,2,2024-04-29,551,Sports,28.73,Reyansh Nair,32,Female,2022-10-01,Product_018,Electronics,2390.82,158
T000483,U0096,P026,39.86,Net Banking,2024-05-13,68.59833333333334,6,2025-09-16,46,Beauty,108.61,Aditya Khan,20,Female,2023-02-14,Product_026,Beauty,3490.97,332
T000483,U0096,P026,39.86,Net Banking,2024-05-13,68.59833333333334,6,2025-09-16,46,Electronics,58.3,Aditya Khan,20,Female,2023-02-14,Product_026,Beauty,3490.97,332
T000483,U0096,P026,39.86,Net Banking,2024-05-13,68.59833333333334,6,2025-09-16,46,Grocery,200.99,Aditya Khan,20,Female,2023-02-14,Product_026,Beauty,3490.97,332
T000483,U0096,P026,39.86,Net Banking,2024-05-13,68.59833333333334,6,2025-09-16,46,Toys,43.69,Aditya Khan,20,Female,2023-02-14,Product_026,Beauty,3490.97,332
T000484,U0179,P015,73.23,UPI,2023-06-15,79.445,5,2024-02-23,617,Beauty,95.72,Kabir Joshi,29,Female,2022-12-15,Product_015,Books,2286.25,251
T000484,U0179,P015,73.23,UPI,2023-06-15,79.445,5,2024-02-23,617,Books,107.57000000000001,Kabir Joshi,29,Female,2022-12-15,Product_015,Books,2286.25,251
T000484,U0179,P015,73.23,UPI,2023-06-15,79.445,5,2024-02-23,617,Grocery,114.49000000000001,Kabir Joshi,29,Female,2022-12-15,Product_015,Books,2286.25,251
T000485,U0168,P042,26.23,Credit Card,2023-07-11,63.7575,5,2024-06-15,504,Books,82.74,Saanvi Mehta,47,Female,2023-06-28,Product_042,Home,4406.39,59
T000485,U0168,P042,26.23,Credit Card,2023-07-11,63.7575,5,2024-06-15,504,Clothing,39.9,Saanvi Mehta,47,Female,2023-06-28,Product_042,Home,4406.39,59
T000485,U0168,P042,26.23,Credit Card,2023-07-11,63.7575,5,2024-06-15,504,Grocery,106.16,Saanvi Mehta,47,Female,2023-06-28,Product_042,Home,4406.39,59
T000485,U0168,P042,26.23,Credit Card,2023-07-11,63.7575,5,2024-06-15,504,Home,26.23,Saanvi Mehta,47,Female,2023-06-28,Product_042,Home,4406.39,59
T000486,U0104,P025,83.75,Net Banking,2025-09-01,79.22,4,2025-09-01,61,Electronics,83.75,Anaya Kulkarni,25,Female,2024-01-08,Product_025,Electronics,1408.97,272
T000486,U0104,P025,83.75,Net Banking,2025-09-01,79.22,4,2025-09-01,61,Grocery,94.61,Anaya Kulkarni,25,Female,2024-01-08,Product_025,Electronics,1408.97,272
T000486,U0104,P025,83.75,Net Banking,2025-09-01,79.22,4,2025-09-01,61,Home,101.31,Anaya Kulkarni,25,Female,2024-01-08,Product_025,Electronics,1408.97,272
T000486,U0104,P025,83.75,Net Banking,2025-09-01,79.22,4,2025-09-01,61,Toys,37.21,Anaya Kulkarni,25,Female,2024-01-08,Product_025,Electronics,1408.97,272
T000487,U0015,P041,47.27,Credit Card,2023-12-17,110.26249999999999,5,2025-06-08,146,Books,350.07,Vihaan Bose,18,Female,2023-10-13,Product_041,Home,3218.83,273
T000487,U0015,P041,47.27,Credit Card,2023-12-17,110.26249999999999,5,2025-06-08,146,Grocery,43.71,Vihaan Bose,18,Female,2023-10-13,Product_041,Home,3218.83,273
T000487,U0015,P041,47.27,Credit Card,2023-12-17,110.26249999999999,5,2025-06-08,146,Home,47.27,Vihaan Bose,18,Female,2023-10-13,Product_041,Home,3218.83,273
T000488,U0022,P032,43.6,Net Banking,2024-11-09,65.67,5,2025-04-27,188,Books,43.6,Anaya Das,30,Other,2023-02-10,Product_032,Books,2913.02,176
T000488,U0022,P032,43.6,Net Banking,2024-11-09,65.67,5,2025-04-27,188,Clothing,71.92,Anaya Das,30,Other,2023-02-10,Product_032,Books,2913.02,176
T000488,U0022,P032,43.6,Net Banking,2024-11-09,65.67,5,2025-04-27,188,Home,134.29000000000002,Anaya Das,30,Other,2023-02-10,Product_032,Books,2913.02,176
T000488,U0022,P032,43.6,Net Banking,2024-11-09,65.67,5,2025-04-27,188,Toys,78.54,Anaya Das,30,Other,2023-02-10,Product_032,Books,2913.02,176
T000489,U0145,P007,83.64,Cash,2023-03-29,67.94875,8,2025-03-29,217,Beauty,296.62,Aarav Kulkarni,34,Male,2022-05-10,Product_007,Books,2084.59,134
T000489,U0145,P007,83.64,Cash,2023-03-29,67.94875,8,2025-03-29,217,Books,141.0,Aarav Kulkarni,34,Male,2022-05-10,Product_007,Books,2084.59,134
T000489,U0145,P007,83.64,Cash,2023-03-29,67.94875,8,2025-03-29,217,Clothing,70.65,Aarav Kulkarni,34,Male,2022-05-10,Product_007,Books,2084.59,134
T000489,U0145,P007,83.64,Cash,2023-03-29,67.94875,8,2025-03-29,217,Home,35.32,Aarav Kulkarni,34,Male,2022-05-10,Product_007,Books,2084.59,134
T000490,U0059,P014,71.28,Wallet,2025-08-31,63.89,5,2025-08-31,62,Beauty,71.28,Vivaan Iyer,34,Female,2023-02-04,Product_014,Beauty,3844.95,467
T000490,U0059,P014,71.28,Wallet,2025-08-31,63.89,5,2025-08-31,62,Clothing,144.87,Vivaan Iyer,34,Female,2023-02-04,Product_014,Beauty,3844.95,467
T000490,U0059,P014,71.28,Wallet,2025-08-31,63.89,5,2025-08-31,62,Electronics,39.41,Vivaan Iyer,34,Female,2023-02-04,Product_014,Beauty,3844.95,467
T000491,U0070,P003,43.97,Credit Card,2024-07-28,58.925,2,2025-06-13,141,Beauty,43.97,Anaya Ghosh,26,Female,2022-05-15,Product_003,Beauty,3027.98,127
T000491,U0070,P003,43.97,Credit Card,2024-07-28,58.925,2,2025-06-13,141,Books,73.88,Anaya Ghosh,26,Female,2022-05-15,Product_003,Beauty,3027.98,127
T000492,U0140,P037,109.46,Wallet,2023-03-09,59.8075,4,2024-06-25,494,Beauty,62.91,Ishaan Bose,22,Female,2023-04-11,Product_037,Clothing,1750.62,496
T000492,U0140,P037,109.46,Wallet,2023-03-09,59.8075,4,2024-06-25,494,Books,66.86,Ishaan Bose,22,Female,2023-04-11,Product_037,Clothing,1750.62,496
T000492,U0140,P037,109.46,Wallet,2023-03-09,59.8075,4,2024-06-25,494,Clothing,109.46,Ishaan Bose,22,Female,2023-04-11,Product_037,Clothing,1750.62,496
T000493,U0046,P021,28.54,Credit Card,2024-02-29,131.065,4,2025-10-08,24,Beauty,248.68,Vivaan Ghosh,26,Male,2024-05-30,Product_021,Books,3055.12,169
T000493,U0046,P021,28.54,Credit Card,2024-02-29,131.065,4,2025-10-08,24,Books,28.54,Vivaan Ghosh,26,Male,2024-05-30,Product_021,Books,3055.12,169
T000493,U0046,P021,28.54,Credit Card,2024-02-29,131.065,4,2025-10-08,24,Grocery,149.96,Vivaan Ghosh,26,Male,2024-05-30,Product_021,Books,3055.12,169
T000493,U0046,P021,28.54,Credit Card,2024-02-29,131.065,4,2025-10-08,24,Toys,97.08,Vivaan Ghosh,26,Male,2024-05-30,Product_021,Books,3055.12,169
T000494,U0151,P010,79.01,Wallet,2025-03-26,71.11875,8,2025-03-26,220,Beauty,33.2,Kabir Kulkarni,34,Male,2024-03-12,Product_010,Sports,1315.44,77
T000494,U0151,P010,79.01,Wallet,2025-03-26,71.11875,8,2025-03-26,220,Books,263.46,Kabir Kulkarni,34,Male,2024-03-12,Product_010,Sports,1315.44,77
T000494,U0151,P010,79.01,Wallet,2025-03-26,71.11875,8,2025-03-26,220,Clothing,136.95,Kabir Kulkarni,34,Male,2024-03-12,Product_010,Sports,1315.44,77
T000494,U0151,P010,79.01,Wallet,2025-03-26,71.11875,8,2025-03-26,220,Sports,79.01,Kabir Kulkarni,34,Male,2024-03-12,Product_010,Sports,1315.44,77
T000494,U0151,P010,79.01,Wallet,2025-03-26,71.11875,8,2025-03-26,220,Toys,56.33,Kabir Kulkarni,34,Male,2024-03-12,Product_010,Sports,1315.44,77
T000495,U0020,P020,77.93,Debit Card,2024-05-07,71.65,4,2025-04-05,210,Clothing,123.15,Vivaan Ghosh,20,Male,2023-02-15,Product_020,Toys,1595.75,428
T000495,U0020,P020,77.93,Debit Card,2024-05-07,71.65,4,2025-04-05,210,Grocery,36.71,Vivaan Ghosh,20,Male,2023-02-15,Product_020,Toys,1595.75,428
T000495,U0020,P020,77.93,Debit Card,2024-05-07,71.65,4,2025-04-05,210,Home,48.81,Vivaan Ghosh,20,Male,2023-02-15,Product_020,Toys,1595.75,428
T000495,U0020,P020,77.93,Debit Card,2024-05-07,71.65,4,2025-04-05,210,Toys,77.93,Vivaan Ghosh,20,Male,2023-02-15,Product_020,Toys,1595.75,428
T000496,U0146,P025,45.34,Wallet,2024-11-10,69.02333333333334,4,2024-11-10,356,Beauty,71.67,Meera Patel,38,Other,2023-04-22,Product_025,Electronics,1408.97,272
T000496,U0146,P025,45.34,Wallet,2024-11-10,69.02333333333334,4,2024-11-10,356,Clothing,53.13,Meera Patel,38,Other,2023-04-22,Product_025,Electronics,1408.97,272
T000496,U0146,P025,45.34,Wallet,2024-11-10,69.02333333333334,4,2024-11-10,356,Electronics,45.34,Meera Patel,38,Other,2023-04-22,Product_025,Electronics,1408.97,272
T000496,U0146,P025,45.34,Wallet,2024-11-10,69.02333333333334,4,2024-11-10,356,Home,36.93,Meera Patel,38,Other,2023-04-22,Product_025,Electronics,1408.97,272
T000497,U0099,P049,66.4,Wallet,2023-10-14,70.554,5,2025-08-26,67,Clothing,110.1,Vihaan Kulkarni,32,Female,2024-01-17,Product_049,Home,1701.17,159
T000497,U0099,P049,66.4,Wallet,2023-10-14,70.554,5,2025-08-26,67,Grocery,105.85,Vihaan Kulkarni,32,Female,2024-01-17,Product_049,Home,1701.17,159
T000497,U0099,P049,66.4,Wallet,2023-10-14,70.554,5,2025-08-26,67,Home,136.82,Vihaan Kulkarni,32,Female,2024-01-17,Product_049,Home,1701.17,159
T000498,U0177,P047,25.77,Credit Card,2025-10-22,77.21000000000001,5,2025-10-22,10,Clothing,252.76,Ishaan Verma,32,Male,2022-10-27,Product_047,Electronics,1846.57,300
T000498,U0177,P047,25.77,Credit Card,2025-10-22,77.21000000000001,5,2025-10-22,10,Electronics,25.77,Ishaan Verma,32,Male,2022-10-27,Product_047,Electronics,1846.57,300
T000498,U0177,P047,25.77,Credit Card,2025-10-22,77.21000000000001,5,2025-10-22,10,Home,38.34,Ishaan Verma,32,Male,2022-10-27,Product_047,Electronics,1846.57,300
T000498,U0177,P047,25.77,Credit Card,2025-10-22,77.21000000000001,5,2025-10-22,10,Toys,69.18,Ishaan Verma,32,Male,2022-10-27,Product_047,Electronics,1846.57,300
T000499,U0191,P023,95.05,Credit Card,2023-07-20,88.1,3,2025-03-07,239,Books,95.05,Kabir Verma,28,Male,2023-12-25,Product_023,Books,1984.98,450
T000499,U0191,P023,95.05,Credit Card,2023-07-20,88.1,3,2025-03-07,239,Home,81.15,Kabir Verma,28,Male,2023-12-25,Product_023,Books,1984.98,450
T000500,U0112,P015,48.86,Credit Card,2024-11-28,59.4525,5,2024-12-02,334,Beauty,57.24,Meera Iyer,31,Other,2022-10-18,Product_015,Books,2286.25,251
T000500,U0112,P015,48.86,Credit Card,2024-11-28,59.4525,5,2024-12-02,334,Books,48.86,Meera Iyer,31,Other,2022-10-18,Product_015,Books,2286.25,251
T000500,U0112,P015,48.86,Credit Card,2024-11-28,59.4525,5,2024-12-02,334,Grocery,33.24,Meera Iyer,31,Other,2022-10-18,Product_015,Books,2286.25,251
T000500,U0112,P015,48.86,Credit Card,2024-11-28,59.4525,5,2024-12-02,334,Home,98.47,Meera Iyer,31,Other,2022-10-18,Product_015,Books,2286.25,251
T000501,U0155,P050,39.9,Cash,2025-03-23,53.04,5,2025-03-23,223,Grocery,51.47,Diya Roy,34,Other,2023-03-22,Product_050,Toys,2833.37,45
T000501,U0155,P050,39.9,Cash,2025-03-23,53.04,5,2025-03-23,223,Home,78.89,Diya Roy,34,Other,2023-03-22,Product_050,Toys,2833.37,45
T000501,U0155,P050,39.9,Cash,2025-03-23,53.04,5,2025-03-23,223,Sports,39.17,Diya Roy,34,Other,2023-03-22,Product_050,Toys,2833.37,45
T000501,U0155,P050,39.9,Cash,2025-03-23,53.04,5,2025-03-23,223,Toys,95.67,Diya Roy,34,Other,2023-03-22,Product_050,Toys,2833.37,45
T000502,U0199,P021,102.45,Credit Card,2024-07-13,76.08555555555556,9,2025-08-12,81,Books,288.35,Meera Roy,32,Male,2022-02-10,Product_021,Books,3055.12,169
T000502,U0199,P021,102.45,Credit Card,2024-07-13,76.08555555555556,9,2025-08-12,81,Clothing,40.28,Meera Roy,32,Male,2022-02-10,Product_021,Books,3055.12,169
T000502,U0199,P021,102.45,Credit Card,2024-07-13,76.08555555555556,9,2025-08-12,81,Electronics,61.43,Meera Roy,32,Male,2022-02-10,Product_021,Books,3055.12,169
T000502,U0199,P021,102.45,Credit Card,2024-07-13,76.08555555555556,9,2025-08-12,81,Home,255.7,Meera Roy,32,Male,2022-02-10,Product_021,Books,3055.12,169
T000502,U0199,P021,102.45,Credit Card,2024-07-13,76.08555555555556,9,2025-08-12,81,Sports,39.01,Meera Roy,32,Male,2022-02-10,Product_021,Books,3055.12,169
T000503,U0116,P032,35.78,Debit Card,2024-12-29,62.73777777777778,11,2025-06-30,124,Beauty,32.99,Aditya Roy,34,Female,2022-07-19,Product_032,Books,2913.02,176
T000503,U0116,P032,35.78,Debit Card,2024-12-29,62.73777777777778,11,2025-06-30,124,Books,35.78,Aditya Roy,34,Female,2022-07-19,Product_032,Books,2913.02,176
T000503,U0116,P032,35.78,Debit Card,2024-12-29,62.73777777777778,11,2025-06-30,124,Clothing,159.60999999999999,Aditya Roy,34,Female,2022-07-19,Product_032,Books,2913.02,176
T000503,U0116,P032,35.78,Debit Card,2024-12-29,62.73777777777778,11,2025-06-30,124,Electronics,56.14,Aditya Roy,34,Female,2022-07-19,Product_032,Books,2913.02,176
T000503,U0116,P032,35.78,Debit Card,2024-12-29,62.73777777777778,11,2025-06-30,124,Home,168.49,Aditya Roy,34,Female,2022-07-19,Product_032,Books,2913.02,176
T000503,U0116,P032,35.78,Debit Card,2024-12-29,62.73777777777778,11,2025-06-30,124,Sports,111.63,Aditya Roy,34,Female,2022-07-19,Product_032,Books,2913.02,176
T000504,U0142,P025,23.45,Net Banking,2024-01-16,65.92833333333333,7,2025-09-16,46,Books,58.52,Kiara Khan,42,Male,2022-01-20,Product_025,Electronics,1408.97,272
T000504,U0142,P025,23.45,Net Banking,2024-01-16,65.92833333333333,7,2025-09-16,46,Clothing,53.38,Kiara Khan,42,Male,2022-01-20,Product_025,Electronics,1408.97,272
T000504,U0142,P025,23.45,Net Banking,2024-01-16,65.92833333333333,7,2025-09-16,46,Electronics,82.19,Kiara Khan,42,Male,2022-01-20,Product_025,Electronics,1408.97,272
T000504,U0142,P025,23.45,Net Banking,2024-01-16,65.92833333333333,7,2025-09-16,46,Home,125.42,Kiara Khan,42,Male,2022-01-20,Product_025,Electronics,1408.97,272
T000504,U0142,P025,23.45,Net Banking,2024-01-16,65.92833333333333,7,2025-09-16,46,Toys,76.06,Kiara Khan,42,Male,2022-01-20,Product_025,Electronics,1408.97,272
T000505,U0175,P038,21.46,Wallet,2025-02-17,63.688,6,2025-02-17,257,Clothing,121.2,Muhammad Singh,34,Male,2022-07-03,Product_038,Home,393.65,58
T000505,U0175,P038,21.46,Wallet,2025-02-17,63.688,6,2025-02-17,257,Electronics,74.53999999999999,Muhammad Singh,34,Male,2022-07-03,Product_038,Home,393.65,58
T000505,U0175,P038,21.46,Wallet,2025-02-17,63.688,6,2025-02-17,257,Home,21.46,Muhammad Singh,34,Male,2022-07-03,Product_038,Home,393.65,58
T000505,U0175,P038,21.46,Wallet,2025-02-17,63.688,6,2025-02-17,257,Toys,101.24,Muhammad Singh,34,Male,2022-07-03,Product_038,Home,393.65,58
T000506,U0022,P050,78.54,Cash,2024-08-27,65.67,5,2025-04-27,188,Books,43.6,Anaya Das,30,Other,2023-02-10,Product_050,Toys,2833.37,45
T000506,U0022,P050,78.54,Cash,2024-08-27,65.67,5,2025-04-27,188,Clothing,71.92,Anaya Das,30,Other,2023-02-10,Product_050,Toys,2833.37,45
T000506,U0022,P050,78.54,Cash,2024-08-27,65.67,5,2025-04-27,188,Home,134.29000000000002,Anaya Das,30,Other,2023-02-10,Product_050,Toys,2833.37,45
T000506,U0022,P050,78.54,Cash,2024-08-27,65.67,5,2025-04-27,188,Toys,78.54,Anaya Das,30,Other,2023-02-10,Product_050,Toys,2833.37,45
T000507,U0064,P046,25.32,Credit Card,2023-06-18,81.41333333333334,7,2025-03-15,231,Beauty,140.39,Ira Amin,22,Male,2024-09-10,Product_046,Toys,4970.99,267
T000507,U0064,P046,25.32,Credit Card,2023-06-18,81.41333333333334,7,2025-03-15,231,Electronics,68.68,Ira Amin,22,Male,2024-09-10,Product_046,Toys,4970.99,267
T000507,U0064,P046,25.32,Credit Card,2023-06-18,81.41333333333334,7,2025-03-15,231,Grocery,90.41,Ira Amin,22,Male,2024-09-10,Product_046,Toys,4970.99,267
T000507,U0064,P046,25.32,Credit Card,2023-06-18,81.41333333333334,7,2025-03-15,231,Home,40.97,Ira Amin,22,Male,2024-09-10,Product_046,Toys,4970.99,267
T000507,U0064,P046,25.32,Credit Card,2023-06-18,81.41333333333334,7,2025-03-15,231,Sports,122.71000000000001,Ira Amin,22,Male,2024-09-10,Product_046,Toys,4970.99,267
T000507,U0064,P046,25.32,Credit Card,2023-06-18,81.41333333333334,7,2025-03-15,231,Toys,25.32,Ira Amin,22,Male,2024-09-10,Product_046,Toys,4970.99,267
T000508,U0069,P010,156.47,Net Banking,2023-11-12,92.42,6,2023-11-12,720,Books,52.76,Ira Nair,34,Female,2023-11-17,Product_010,Sports,1315.44,77
T000508,U0069,P010,156.47,Net Banking,2023-11-12,92.42,6,2023-11-12,720,Clothing,108.65,Ira Nair,34,Female,2023-11-17,Product_010,Sports,1315.44,77
T000508,U0069,P010,156.47,Net Banking,2023-11-12,92.42,6,2023-11-12,720,Home,92.78,Ira Nair,34,Female,2023-11-17,Product_010,Sports,1315.44,77
T000508,U0069,P010,156.47,Net Banking,2023-11-12,92.42,6,2023-11-12,720,Sports,207.91,Ira Nair,34,Female,2023-11-17,Product_010,Sports,1315.44,77
T000509,U0190,P025,15.66,UPI,2025-01-08,53.284000000000006,5,2025-08-08,85,Beauty,67.22,Aarav Mukherjee,19,Female,2023-04-27,Product_025,Electronics,1408.97,272
T000509,U0190,P025,15.66,UPI,2025-01-08,53.284000000000006,5,2025-08-08,85,Books,38.65,Aarav Mukherjee,19,Female,2023-04-27,Product_025,Electronics,1408.97,272
T000509,U0190,P025,15.66,UPI,2025-01-08,53.284000000000006,5,2025-08-08,85,Electronics,15.66,Aarav Mukherjee,19,Female,2023-04-27,Product_025,Electronics,1408.97,272
T000509,U0190,P025,15.66,UPI,2025-01-08,53.284000000000006,5,2025-08-08,85,Grocery,106.19,Aarav Mukherjee,19,Female,2023-04-27,Product_025,Electronics,1408.97,272
T000509,U0190,P025,15.66,UPI,2025-01-08,53.284000000000006,5,2025-08-08,85,Sports,38.7,Aarav Mukherjee,19,Female,2023-04-27,Product_025,Electronics,1408.97,272
T000510,U0028,P006,151.09,Credit Card,2024-09-23,78.77333333333334,9,2025-08-23,70,Beauty,101.57000000000001,Kiara Kulkarni,35,Male,2023-01-26,Product_006,Clothing,3250.7,481
T000510,U0028,P006,151.09,Credit Card,2024-09-23,78.77333333333334,9,2025-08-23,70,Books,174.23000000000002,Kiara Kulkarni,35,Male,2023-01-26,Product_006,Clothing,3250.7,481
T000510,U0028,P006,151.09,Credit Card,2024-09-23,78.77333333333334,9,2025-08-23,70,Clothing,252.42000000000002,Kiara Kulkarni,35,Male,2023-01-26,Product_006,Clothing,3250.7,481
T000510,U0028,P006,151.09,Credit Card,2024-09-23,78.77333333333334,9,2025-08-23,70,Home,125.28,Kiara Kulkarni,35,Male,2023-01-26,Product_006,Clothing,3250.7,481
T000510,U0028,P006,151.09,Credit Card,2024-09-23,78.77333333333334,9,2025-08-23,70,Toys,55.46,Kiara Kulkarni,35,Male,2023-01-26,Product_006,Clothing,3250.7,481
T000511,U0114,P024,61.97,UPI,2023-07-29,72.976,7,2025-09-19,43,Beauty,29.56,Sai Singh,51,Male,2022-05-31,Product_024,Home,2509.0,267
T000511,U0114,P024,61.97,UPI,2023-07-29,72.976,7,2025-09-19,43,Books,126.61000000000001,Sai Singh,51,Male,2022-05-31,Product_024,Home,2509.0,267
T000511,U0114,P024,61.97,UPI,2023-07-29,72.976,7,2025-09-19,43,Electronics,41.06,Sai Singh,51,Male,2022-05-31,Product_024,Home,2509.0,267
T000511,U0114,P024,61.97,UPI,2023-07-29,72.976,7,2025-09-19,43,Grocery,83.68,Sai Singh,51,Male,2022-05-31,Product_024,Home,2509.0,267
T000511,U0114,P024,61.97,UPI,2023-07-29,72.976,7,2025-09-19,43,Home,83.97,Sai Singh,51,Male,2022-05-31,Product_024,Home,2509.0,267
T000512,U0034,P006,51.52,Debit Card,2025-06-01,85.23375,9,2025-10-27,5,Beauty,103.98,Vihaan Singh,23,Other,2023-09-16,Product_006,Clothing,3250.7,481
T000512,U0034,P006,51.52,Debit Card,2025-06-01,85.23375,9,2025-10-27,5,Books,84.49,Vihaan Singh,23,Other,2023-09-16,Product_006,Clothing,3250.7,481
T000512,U0034,P006,51.52,Debit Card,2025-06-01,85.23375,9,2025-10-27,5,Clothing,51.52,Vihaan Singh,23,Other,2023-09-16,Product_006,Clothing,3250.7,481
T000512,U0034,P006,51.52,Debit Card,2025-06-01,85.23375,9,2025-10-27,5,Electronics,39.12,Vihaan Singh,23,Other,2023-09-16,Product_006,Clothing,3250.7,481
T000512,U0034,P006,51.52,Debit Card,2025-06-01,85.23375,9,2025-10-27,5,Grocery,247.26999999999998,Vihaan Singh,23,Other,2023-09-16,Product_006,Clothing,3250.7,481
T000512,U0034,P006,51.52,Debit Card,2025-06-01,85.23375,9,2025-10-27,5,Home,46.11,Vihaan Singh,23,Other,2023-09-16,Product_006,Clothing,3250.7,481
T000512,U0034,P006,51.52,Debit Card,2025-06-01,85.23375,9,2025-10-27,5,Sports,109.38,Vihaan Singh,23,Other,2023-09-16,Product_006,Clothing,3250.7,481
T000513,U0115,P036,39.37,Cash,2025-04-15,44.77333333333333,6,2025-10-15,17,Books,30.12,Aarav Verma,30,Male,2023-09-18,Product_036,Sports,1650.69,388
T000513,U0115,P036,39.37,Cash,2025-04-15,44.77333333333333,6,2025-10-15,17,Grocery,118.68,Aarav Verma,30,Male,2023-09-18,Product_036,Sports,1650.69,388
T000513,U0115,P036,39.37,Cash,2025-04-15,44.77333333333333,6,2025-10-15,17,Home,80.47,Aarav Verma,30,Male,2023-09-18,Product_036,Sports,1650.69,388
T000513,U0115,P036,39.37,Cash,2025-04-15,44.77333333333333,6,2025-10-15,17,Sports,39.37,Aarav Verma,30,Male,2023-09-18,Product_036,Sports,1650.69,388
T000514,U0027,P002,69.37,Credit Card,2024-12-25,60.365,4,2024-12-25,311,Books,87.49,Vihaan Reddy,22,Other,2024-03-22,Product_002,Grocery,605.91,150
T000514,U0027,P002,69.37,Credit Card,2024-12-25,60.365,4,2024-12-25,311,Clothing,54.2,Vihaan Reddy,22,Other,2024-03-22,Product_002,Grocery,605.91,150
T000514,U0027,P002,69.37,Credit Card,2024-12-25,60.365,4,2024-12-25,311,Grocery,69.37,Vihaan Reddy,22,Other,2024-03-22,Product_002,Grocery,605.91,150
T000514,U0027,P002,69.37,Credit Card,2024-12-25,60.365,4,2024-12-25,311,Home,30.4,Vihaan Reddy,22,Other,2024-03-22,Product_002,Grocery,605.91,150
T000515,U0142,P006,53.38,Cash,2024-10-26,65.92833333333333,7,2025-09-16,46,Books,58.52,Kiara Khan,42,Male,2022-01-20,Product_006,Clothing,3250.7,481
T000515,U0142,P006,53.38,Cash,2024-10-26,65.92833333333333,7,2025-09-16,46,Clothing,53.38,Kiara Khan,42,Male,2022-01-20,Product_006,Clothing,3250.7,481
T000515,U0142,P006,53.38,Cash,2024-10-26,65.92833333333333,7,2025-09-16,46,Electronics,82.19,Kiara Khan,42,Male,2022-01-20,Product_006,Clothing,3250.7,481
T000515,U0142,P006,53.38,Cash,2024-10-26,65.92833333333333,7,2025-09-16,46,Home,125.42,Kiara Khan,42,Male,2022-01-20,Product_006,Clothing,3250.7,481
T000515,U0142,P006,53.38,Cash,2024-10-26,65.92833333333333,7,2025-09-16,46,Toys,76.06,Kiara Khan,42,Male,2022-01-20,Product_006,Clothing,3250.7,481
T000516,U0099,P001,105.85,UPI,2025-04-27,70.554,5,2025-08-26,67,Clothing,110.1,Vihaan Kulkarni,32,Female,2024-01-17,Product_001,Grocery,264.89,371
T000516,U0099,P001,105.85,UPI,2025-04-27,70.554,5,2025-08-26,67,Grocery,105.85,Vihaan Kulkarni,32,Female,2024-01-17,Product_001,Grocery,264.89,371
T000516,U0099,P001,105.85,UPI,2025-04-27,70.554,5,2025-08-26,67,Home,136.82,Vihaan Kulkarni,32,Female,2024-01-17,Product_001,Grocery,264.89,371
T000517,U0100,P050,58.47,Credit Card,2024-05-12,80.97857142857143,8,2025-08-30,63,Books,84.14,Anaya Mukherjee,30,Other,2022-04-29,Product_050,Toys,2833.37,45
T000517,U0100,P050,58.47,Credit Card,2024-05-12,80.97857142857143,8,2025-08-30,63,Electronics,63.2,Anaya Mukherjee,30,Other,2022-04-29,Product_050,Toys,2833.37,45
T000517,U0100,P050,58.47,Credit Card,2024-05-12,80.97857142857143,8,2025-08-30,63,Grocery,52.81,Anaya Mukherjee,30,Other,2022-04-29,Product_050,Toys,2833.37,45
T000517,U0100,P050,58.47,Credit Card,2024-05-12,80.97857142857143,8,2025-08-30,63,Home,64.62,Anaya Mukherjee,30,Other,2022-04-29,Product_050,Toys,2833.37,45
T000517,U0100,P050,58.47,Credit Card,2024-05-12,80.97857142857143,8,2025-08-30,63,Sports,189.65,Anaya Mukherjee,30,Other,2022-04-29,Product_050,Toys,2833.37,45
T000517,U0100,P050,58.47,Credit Card,2024-05-12,80.97857142857143,8,2025-08-30,63,Toys,112.43,Anaya Mukherjee,30,Other,2022-04-29,Product_050,Toys,2833.37,45
T000518,U0147,P034,59.75,Debit Card,2025-02-18,61.44818181818182,12,2025-10-25,7,Beauty,40.02,Ishaan Mehta,22,Male,2023-09-14,Product_034,Books,474.01,362
T000518,U0147,P034,59.75,Debit Card,2025-02-18,61.44818181818182,12,2025-10-25,7,Books,257.28,Ishaan Mehta,22,Male,2023-09-14,Product_034,Books,474.01,362
T000518,U0147,P034,59.75,Debit Card,2025-02-18,61.44818181818182,12,2025-10-25,7,Clothing,32.85,Ishaan Mehta,22,Male,2023-09-14,Product_034,Books,474.01,362
T000518,U0147,P034,59.75,Debit Card,2025-02-18,61.44818181818182,12,2025-10-25,7,Electronics,103.53999999999999,Ishaan Mehta,22,Male,2023-09-14,Product_034,Books,474.01,362
T000518,U0147,P034,59.75,Debit Card,2025-02-18,61.44818181818182,12,2025-10-25,7,Grocery,77.19,Ishaan Mehta,22,Male,2023-09-14,Product_034,Books,474.01,362
T000518,U0147,P034,59.75,Debit Card,2025-02-18,61.44818181818182,12,2025-10-25,7,Home,141.2,Ishaan Mehta,22,Male,2023-09-14,Product_034,Books,474.01,362
T000518,U0147,P034,59.75,Debit Card,2025-02-18,61.44818181818182,12,2025-10-25,7,Toys,23.85,Ishaan Mehta,22,Male,2023-09-14,Product_034,Books,474.01,362
T000519,U0044,P009,43.9,UPI,2024-09-08,73.16857142857144,7,2025-09-27,35,Books,12.39,Aditya Nair,29,Male,2023-07-22,Product_009,Clothing,1799.44,163
T000519,U0044,P009,43.9,UPI,2024-09-08,73.16857142857144,7,2025-09-27,35,Clothing,178.51000000000002,Aditya Nair,29,Male,2023-07-22,Product_009,Clothing,1799.44,163
T000519,U0044,P009,43.9,UPI,2024-09-08,73.16857142857144,7,2025-09-27,35,Grocery,69.48,Aditya Nair,29,Male,2023-07-22,Product_009,Clothing,1799.44,163
T000519,U0044,P009,43.9,UPI,2024-09-08,73.16857142857144,7,2025-09-27,35,Home,251.8,Aditya Nair,29,Male,2023-07-22,Product_009,Clothing,1799.44,163
T000520,U0069,P032,52.76,Debit Card,2023-05-10,92.42,6,2023-11-12,720,Books,52.76,Ira Nair,34,Female,2023-11-17,Product_032,Books,2913.02,176
T000520,U0069,P032,52.76,Debit Card,2023-05-10,92.42,6,2023-11-12,720,Clothing,108.65,Ira Nair,34,Female,2023-11-17,Product_032,Books,2913.02,176
T000520,U0069,P032,52.76,Debit Card,2023-05-10,92.42,6,2023-11-12,720,Home,92.78,Ira Nair,34,Female,2023-11-17,Product_032,Books,2913.02,176
T000520,U0069,P032,52.76,Debit Card,2023-05-10,92.42,6,2023-11-12,720,Sports,207.91,Ira Nair,34,Female,2023-11-17,Product_032,Books,2913.02,176
T000521,U0043,P028,65.67,UPI,2025-05-12,95.22,7,2025-06-23,131,Beauty,102.49,Ira Roy,31,Male,2022-08-19,Product_028,Home,3602.11,250
T000521,U0043,P028,65.67,UPI,2025-05-12,95.22,7,2025-06-23,131,Books,168.36,Ira Roy,31,Male,2022-08-19,Product_028,Home,3602.11,250
T000521,U0043,P028,65.67,UPI,2025-05-12,95.22,7,2025-06-23,131,Grocery,55.58,Ira Roy,31,Male,2022-08-19,Product_028,Home,3602.11,250
T000521,U0043,P028,65.67,UPI,2025-05-12,95.22,7,2025-06-23,131,Home,322.53999999999996,Ira Roy,31,Male,2022-08-19,Product_028,Home,3602.11,250
T000521,U0043,P028,65.67,UPI,2025-05-12,95.22,7,2025-06-23,131,Toys,17.57,Ira Roy,31,Male,2022-08-19,Product_028,Home,3602.11,250
T000522,U0077,P031,19.57,Credit Card,2025-01-09,44.13833333333333,6,2025-09-13,49,Beauty,36.49,Vihaan Reddy,32,Female,2024-06-30,Product_031,Grocery,3035.94,111
T000522,U0077,P031,19.57,Credit Card,2025-01-09,44.13833333333333,6,2025-09-13,49,Electronics,61.69,Vihaan Reddy,32,Female,2024-06-30,Product_031,Grocery,3035.94,111
T000522,U0077,P031,19.57,Credit Card,2025-01-09,44.13833333333333,6,2025-09-13,49,Grocery,19.57,Vihaan Reddy,32,Female,2024-06-30,Product_031,Grocery,3035.94,111
T000522,U0077,P031,19.57,Credit Card,2025-01-09,44.13833333333333,6,2025-09-13,49,Home,104.96000000000001,Vihaan Reddy,32,Female,2024-06-30,Product_031,Grocery,3035.94,111
T000522,U0077,P031,19.57,Credit Card,2025-01-09,44.13833333333333,6,2025-09-13,49,Toys,42.12,Vihaan Reddy,32,Female,2024-06-30,Product_031,Grocery,3035.94,111
T000523,U0065,P016,24.31,Wallet,2025-10-12,58.0425,4,2025-10-12,20,Beauty,166.07,Ira Gupta,38,Male,2023-09-02,Product_016,Books,807.27,58
T000523,U0065,P016,24.31,Wallet,2025-10-12,58.0425,4,2025-10-12,20,Books,24.31,Ira Gupta,38,Male,2023-09-02,Product_016,Books,807.27,58
T000523,U0065,P016,24.31,Wallet,2025-10-12,58.0425,4,2025-10-12,20,Clothing,41.79,Ira Gupta,38,Male,2023-09-02,Product_016,Books,807.27,58
T000524,U0153,P040,85.28,Debit Card,2025-07-26,57.984,5,2025-07-26,98,Beauty,50.63,Diya Gupta,26,Other,2022-01-13,Product_040,Grocery,4011.76,36
T000524,U0153,P040,85.28,Debit Card,2025-07-26,57.984,5,2025-07-26,98,Electronics,28.77,Diya Gupta,26,Other,2022-01-13,Product_040,Grocery,4011.76,36
T000524,U0153,P040,85.28,Debit Card,2025-07-26,57.984,5,2025-07-26,98,Grocery,160.31,Diya Gupta,26,Other,2022-01-13,Product_040,Grocery,4011.76,36
T000524,U0153,P040,85.28,Debit Card,2025-07-26,57.984,5,2025-07-26,98,Toys,50.21,Diya Gupta,26,Other,2022-01-13,Product_040,Grocery,4011.76,36
T000525,U0028,P009,60.49,UPI,2023-01-14,78.77333333333334,9,2025-08-23,70,Beauty,101.57000000000001,Kiara Kulkarni,35,Male,2023-01-26,Product_009,Clothing,1799.44,163
T000525,U0028,P009,60.49,UPI,2023-01-14,78.77333333333334,9,2025-08-23,70,Books,174.23000000000002,Kiara Kulkarni,35,Male,2023-01-26,Product_009,Clothing,1799.44,163
T000525,U0028,P009,60.49,UPI,2023-01-14,78.77333333333334,9,2025-08-23,70,Clothing,252.42000000000002,Kiara Kulkarni,35,Male,2023-01-26,Product_009,Clothing,1799.44,163
T000525,U0028,P009,60.49,UPI,2023-01-14,78.77333333333334,9,2025-08-23,70,Home,125.28,Kiara Kulkarni,35,Male,2023-01-26,Product_009,Clothing,1799.44,163
T000525,U0028,P009,60.49,UPI,2023-01-14,78.77333333333334,9,2025-08-23,70,Toys,55.46,Kiara Kulkarni,35,Male,2023-01-26,Product_009,Clothing,1799.44,163
T000526,U0102,P022,48.89,Cash,2025-02-17,96.24166666666667,7,2025-02-17,257,Beauty,52.81,Kiara Sharma,28,Other,2023-12-05,Product_022,Electronics,3207.91,466
T000526,U0102,P022,48.89,Cash,2025-02-17,96.24166666666667,7,2025-02-17,257,Books,304.48,Kiara Sharma,28,Other,2023-12-05,Product_022,Electronics,3207.91,466
T000526,U0102,P022,48.89,Cash,2025-02-17,96.24166666666667,7,2025-02-17,257,Electronics,48.89,Kiara Sharma,28,Other,2023-12-05,Product_022,Electronics,3207.91,466
T000526,U0102,P022,48.89,Cash,2025-02-17,96.24166666666667,7,2025-02-17,257,Grocery,108.81,Kiara Sharma,28,Other,2023-12-05,Product_022,Electronics,3207.91,466
T000526,U0102,P022,48.89,Cash,2025-02-17,96.24166666666667,7,2025-02-17,257,Toys,62.46,Kiara Sharma,28,Other,2023-12-05,Product_022,Electronics,3207.91,466
T000527,U0085,P029,55.21,UPI,2025-05-31,65.51666666666667,6,2025-07-10,114,Beauty,33.94,Arjun Kapoor,25,Male,2023-08-20,Product_029,Clothing,128.31,289
T000527,U0085,P029,55.21,UPI,2025-05-31,65.51666666666667,6,2025-07-10,114,Books,229.31,Arjun Kapoor,25,Male,2023-08-20,Product_029,Clothing,128.31,289
T000527,U0085,P029,55.21,UPI,2025-05-31,65.51666666666667,6,2025-07-10,114,Clothing,55.21,Arjun Kapoor,25,Male,2023-08-20,Product_029,Clothing,128.31,289
T000527,U0085,P029,55.21,UPI,2025-05-31,65.51666666666667,6,2025-07-10,114,Electronics,28.28,Arjun Kapoor,25,Male,2023-08-20,Product_029,Clothing,128.31,289
T000527,U0085,P029,55.21,UPI,2025-05-31,65.51666666666667,6,2025-07-10,114,Home,46.36,Arjun Kapoor,25,Male,2023-08-20,Product_029,Clothing,128.31,289
T000528,U0167,P039,67.26,Debit Card,2024-09-07,76.80250000000001,4,2025-05-03,182,Beauty,76.54,Sai Bose,38,Other,2022-11-10,Product_039,Grocery,4167.72,453
T000528,U0167,P039,67.26,Debit Card,2024-09-07,76.80250000000001,4,2025-05-03,182,Electronics,146.49,Sai Bose,38,Other,2022-11-10,Product_039,Grocery,4167.72,453
T000528,U0167,P039,67.26,Debit Card,2024-09-07,76.80250000000001,4,2025-05-03,182,Grocery,67.26,Sai Bose,38,Other,2022-11-10,Product_039,Grocery,4167.72,453
T000528,U0167,P039,67.26,Debit Card,2024-09-07,76.80250000000001,4,2025-05-03,182,Toys,16.92,Sai Bose,38,Other,2022-11-10,Product_039,Grocery,4167.72,453
T000529,U0083,P039,39.49,Wallet,2024-02-16,59.12375,8,2025-10-23,9,Books,103.51,Arjun Khan,43,Male,2023-07-19,Product_039,Grocery,4167.72,453
T000529,U0083,P039,39.49,Wallet,2024-02-16,59.12375,8,2025-10-23,9,Clothing,71.42,Arjun Khan,43,Male,2023-07-19,Product_039,Grocery,4167.72,453
T000529,U0083,P039,39.49,Wallet,2024-02-16,59.12375,8,2025-10-23,9,Grocery,99.24000000000001,Arjun Khan,43,Male,2023-07-19,Product_039,Grocery,4167.72,453
T000529,U0083,P039,39.49,Wallet,2024-02-16,59.12375,8,2025-10-23,9,Home,140.98,Arjun Khan,43,Male,2023-07-19,Product_039,Grocery,4167.72,453
T000529,U0083,P039,39.49,Wallet,2024-02-16,59.12375,8,2025-10-23,9,Toys,57.84,Arjun Khan,43,Male,2023-07-19,Product_039,Grocery,4167.72,453
T000530,U0123,P021,34.23,Debit Card,2025-03-26,51.17285714285714,7,2025-03-26,220,Beauty,172.5,Aarohi Roy,43,Male,2023-04-06,Product_021,Books,3055.12,169
T000530,U0123,P021,34.23,Debit Card,2025-03-26,51.17285714285714,7,2025-03-26,220,Books,106.53,Aarohi Roy,43,Male,2023-04-06,Product_021,Books,3055.12,169
T000530,U0123,P021,34.23,Debit Card,2025-03-26,51.17285714285714,7,2025-03-26,220,Clothing,12.75,Aarohi Roy,43,Male,2023-04-06,Product_021,Books,3055.12,169
T000530,U0123,P021,34.23,Debit Card,2025-03-26,51.17285714285714,7,2025-03-26,220,Home,66.43,Aarohi Roy,43,Male,2023-04-06,Product_021,Books,3055.12,169
T000531,U0082,P019,61.41,Wallet,2025-10-02,57.357142857142854,7,2025-10-02,30,Books,188.73000000000002,Ishaan Verma,34,Male,2024-02-29,Product_019,Home,523.79,441
T000531,U0082,P019,61.41,Wallet,2025-10-02,57.357142857142854,7,2025-10-02,30,Electronics,61.47,Ishaan Verma,34,Male,2024-02-29,Product_019,Home,523.79,441
T000531,U0082,P019,61.41,Wallet,2025-10-02,57.357142857142854,7,2025-10-02,30,Grocery,38.92,Ishaan Verma,34,Male,2024-02-29,Product_019,Home,523.79,441
T000531,U0082,P019,61.41,Wallet,2025-10-02,57.357142857142854,7,2025-10-02,30,Home,112.38,Ishaan Verma,34,Male,2024-02-29,Product_019,Home,523.79,441
T000532,U0148,P016,30.36,UPI,2025-02-09,39.166666666666664,3,2025-02-09,265,Books,67.84,Vihaan Iyer,21,Female,2023-08-16,Product_016,Books,807.27,58
T000532,U0148,P016,30.36,UPI,2025-02-09,39.166666666666664,3,2025-02-09,265,Grocery,49.66,Vihaan Iyer,21,Female,2023-08-16,Product_016,Books,807.27,58
T000533,U0072,P026,69.75,UPI,2023-08-22,72.58,5,2025-05-08,177,Beauty,69.75,Myra Kulkarni,44,Other,2022-03-17,Product_026,Beauty,3490.97,332
T000533,U0072,P026,69.75,UPI,2023-08-22,72.58,5,2025-05-08,177,Clothing,79.82,Myra Kulkarni,44,Other,2022-03-17,Product_026,Beauty,3490.97,332
T000533,U0072,P026,69.75,UPI,2023-08-22,72.58,5,2025-05-08,177,Electronics,14.6,Myra Kulkarni,44,Other,2022-03-17,Product_026,Beauty,3490.97,332
T000533,U0072,P026,69.75,UPI,2023-08-22,72.58,5,2025-05-08,177,Home,157.98,Myra Kulkarni,44,Other,2022-03-17,Product_026,Beauty,3490.97,332
T000533,U0072,P026,69.75,UPI,2023-08-22,72.58,5,2025-05-08,177,Sports,40.75,Myra Kulkarni,44,Other,2022-03-17,Product_026,Beauty,3490.97,332
T000534,U0145,P013,19.66,Cash,2024-01-04,67.94875,8,2025-03-29,217,Beauty,296.62,Aarav Kulkarni,34,Male,2022-05-10,Product_013,Beauty,3354.37,155
T000534,U0145,P013,19.66,Cash,2024-01-04,67.94875,8,2025-03-29,217,Books,141.0,Aarav Kulkarni,34,Male,2022-05-10,Product_013,Beauty,3354.37,155
T000534,U0145,P013,19.66,Cash,2024-01-04,67.94875,8,2025-03-29,217,Clothing,70.65,Aarav Kulkarni,34,Male,2022-05-10,Product_013,Beauty,3354.37,155
T000534,U0145,P013,19.66,Cash,2024-01-04,67.94875,8,2025-03-29,217,Home,35.32,Aarav Kulkarni,34,Male,2022-05-10,Product_013,Beauty,3354.37,155
T000535,U0175,P050,101.24,Cash,2023-02-25,63.688,6,2025-02-17,257,Clothing,121.2,Muhammad Singh,34,Male,2022-07-03,Product_050,Toys,2833.37,45
T000535,U0175,P050,101.24,Cash,2023-02-25,63.688,6,2025-02-17,257,Electronics,74.53999999999999,Muhammad Singh,34,Male,2022-07-03,Product_050,Toys,2833.37,45
T000535,U0175,P050,101.24,Cash,2023-02-25,63.688,6,2025-02-17,257,Home,21.46,Muhammad Singh,34,Male,2022-07-03,Product_050,Toys,2833.37,45
T000535,U0175,P050,101.24,Cash,2023-02-25,63.688,6,2025-02-17,257,Toys,101.24,Muhammad Singh,34,Male,2022-07-03,Product_050,Toys,2833.37,45
T000536,U0187,P030,72.5,Wallet,2024-03-05,76.19800000000001,7,2025-05-31,154,Books,164.03,Vivaan Kulkarni,35,Other,2024-08-28,Product_030,Home,685.55,28
T000536,U0187,P030,72.5,Wallet,2024-03-05,76.19800000000001,7,2025-05-31,154,Clothing,67.21,Vivaan Kulkarni,35,Other,2024-08-28,Product_030,Home,685.55,28
T000536,U0187,P030,72.5,Wallet,2024-03-05,76.19800000000001,7,2025-05-31,154,Home,149.75,Vivaan Kulkarni,35,Other,2024-08-28,Product_030,Home,685.55,28
T000537,U0113,P019,63.66,Wallet,2023-05-22,69.23,3,2024-04-08,572,Books,105.27,Ira Kulkarni,32,Female,2024-04-18,Product_019,Home,523.79,441
T000537,U0113,P019,63.66,Wallet,2023-05-22,69.23,3,2024-04-08,572,Home,102.41999999999999,Ira Kulkarni,32,Female,2024-04-18,Product_019,Home,523.79,441
T000538,U0105,P044,98.46,Net Banking,2023-10-13,98.976,6,2025-05-10,175,Beauty,202.88,Kabir Amin,30,Female,2022-12-01,Product_044,Beauty,1655.45,268
T000538,U0105,P044,98.46,Net Banking,2023-10-13,98.976,6,2025-05-10,175,Grocery,134.56,Kabir Amin,30,Female,2022-12-01,Product_044,Beauty,1655.45,268
T000538,U0105,P044,98.46,Net Banking,2023-10-13,98.976,6,2025-05-10,175,Sports,84.1,Kabir Amin,30,Female,2022-12-01,Product_044,Beauty,1655.45,268
T000538,U0105,P044,98.46,Net Banking,2023-10-13,98.976,6,2025-05-10,175,Toys,73.34,Kabir Amin,30,Female,2022-12-01,Product_044,Beauty,1655.45,268
T000539,U0163,P020,148.31,Debit Card,2024-06-01,127.97166666666668,7,2025-01-23,282,Beauty,76.58,Sara Khan,41,Other,2023-06-14,Product_020,Toys,1595.75,428
T000539,U0163,P020,148.31,Debit Card,2024-06-01,127.97166666666668,7,2025-01-23,282,Books,62.47,Sara Khan,41,Other,2023-06-14,Product_020,Toys,1595.75,428
T000539,U0163,P020,148.31,Debit Card,2024-06-01,127.97166666666668,7,2025-01-23,282,Clothing,58.96,Sara Khan,41,Other,2023-06-14,Product_020,Toys,1595.75,428
T000539,U0163,P020,148.31,Debit Card,2024-06-01,127.97166666666668,7,2025-01-23,282,Home,297.73,Sara Khan,41,Other,2023-06-14,Product_020,Toys,1595.75,428
T000539,U0163,P020,148.31,Debit Card,2024-06-01,127.97166666666668,7,2025-01-23,282,Toys,272.09000000000003,Sara Khan,41,Other,2023-06-14,Product_020,Toys,1595.75,428
T000540,U0169,P010,100.35,Wallet,2025-05-16,71.0775,4,2025-05-16,169,Books,23.46,Diya Mukherjee,30,Other,2022-12-05,Product_010,Sports,1315.44,77
T000540,U0169,P010,100.35,Wallet,2025-05-16,71.0775,4,2025-05-16,169,Grocery,52.59,Diya Mukherjee,30,Other,2022-12-05,Product_010,Sports,1315.44,77
T000540,U0169,P010,100.35,Wallet,2025-05-16,71.0775,4,2025-05-16,169,Sports,208.26,Diya Mukherjee,30,Other,2022-12-05,Product_010,Sports,1315.44,77
T000541,U0097,P005,18.09,Net Banking,2025-09-08,85.14,6,2025-09-08,54,Books,18.09,Aarohi Nair,34,Male,2024-06-17,Product_005,Books,1178.99,18
T000541,U0097,P005,18.09,Net Banking,2025-09-08,85.14,6,2025-09-08,54,Clothing,84.39,Aarohi Nair,34,Male,2024-06-17,Product_005,Books,1178.99,18
T000541,U0097,P005,18.09,Net Banking,2025-09-08,85.14,6,2025-09-08,54,Electronics,70.48,Aarohi Nair,34,Male,2024-06-17,Product_005,Books,1178.99,18
T000541,U0097,P005,18.09,Net Banking,2025-09-08,85.14,6,2025-09-08,54,Home,191.14,Aarohi Nair,34,Male,2024-06-17,Product_005,Books,1178.99,18
T000541,U0097,P005,18.09,Net Banking,2025-09-08,85.14,6,2025-09-08,54,Toys,146.74,Aarohi Nair,34,Male,2024-06-17,Product_005,Books,1178.99,18
T000542,U0150,P026,25.34,Cash,2025-05-06,57.31125,9,2025-08-02,91,Beauty,25.34,Muhammad Gupta,34,Other,2022-04-15,Product_026,Beauty,3490.97,332
T000542,U0150,P026,25.34,Cash,2025-05-06,57.31125,9,2025-08-02,91,Books,139.48000000000002,Muhammad Gupta,34,Other,2022-04-15,Product_026,Beauty,3490.97,332
T000542,U0150,P026,25.34,Cash,2025-05-06,57.31125,9,2025-08-02,91,Clothing,30.15,Muhammad Gupta,34,Other,2022-04-15,Product_026,Beauty,3490.97,332
T000542,U0150,P026,25.34,Cash,2025-05-06,57.31125,9,2025-08-02,91,Electronics,58.45,Muhammad Gupta,34,Other,2022-04-15,Product_026,Beauty,3490.97,332
T000542,U0150,P026,25.34,Cash,2025-05-06,57.31125,9,2025-08-02,91,Home,84.41,Muhammad Gupta,34,Other,2022-04-15,Product_026,Beauty,3490.97,332
T000542,U0150,P026,25.34,Cash,2025-05-06,57.31125,9,2025-08-02,91,Sports,101.44,Muhammad Gupta,34,Other,2022-04-15,Product_026,Beauty,3490.97,332
T000542,U0150,P026,25.34,Cash,2025-05-06,57.31125,9,2025-08-02,91,Toys,19.22,Muhammad Gupta,34,Other,2022-04-15,Product_026,Beauty,3490.97,332
T000543,U0140,P003,37.53,UPI,2023-06-24,59.8075,4,2024-06-25,494,Beauty,62.91,Ishaan Bose,22,Female,2023-04-11,Product_003,Beauty,3027.98,127
T000543,U0140,P003,37.53,UPI,2023-06-24,59.8075,4,2024-06-25,494,Books,66.86,Ishaan Bose,22,Female,2023-04-11,Product_003,Beauty,3027.98,127
T000543,U0140,P003,37.53,UPI,2023-06-24,59.8075,4,2024-06-25,494,Clothing,109.46,Ishaan Bose,22,Female,2023-04-11,Product_003,Beauty,3027.98,127
T000544,U0028,P050,55.46,Debit Card,2024-12-28,78.77333333333334,9,2025-08-23,70,Beauty,101.57000000000001,Kiara Kulkarni,35,Male,2023-01-26,Product_050,Toys,2833.37,45
T000544,U0028,P050,55.46,Debit Card,2024-12-28,78.77333333333334,9,2025-08-23,70,Books,174.23000000000002,Kiara Kulkarni,35,Male,2023-01-26,Product_050,Toys,2833.37,45
T000544,U0028,P050,55.46,Debit Card,2024-12-28,78.77333333333334,9,2025-08-23,70,Clothing,252.42000000000002,Kiara Kulkarni,35,Male,2023-01-26,Product_050,Toys,2833.37,45
T000544,U0028,P050,55.46,Debit Card,2024-12-28,78.77333333333334,9,2025-08-23,70,Home,125.28,Kiara Kulkarni,35,Male,2023-01-26,Product_050,Toys,2833.37,45
T000544,U0028,P050,55.46,Debit Card,2024-12-28,78.77333333333334,9,2025-08-23,70,Toys,55.46,Kiara Kulkarni,35,Male,2023-01-26,Product_050,Toys,2833.37,45
T000545,U0043,P042,74.48,Cash,2023-04-01,95.22,7,2025-06-23,131,Beauty,102.49,Ira Roy,31,Male,2022-08-19,Product_042,Home,4406.39,59
T000545,U0043,P042,74.48,Cash,2023-04-01,95.22,7,2025-06-23,131,Books,168.36,Ira Roy,31,Male,2022-08-19,Product_042,Home,4406.39,59
T000545,U0043,P042,74.48,Cash,2023-04-01,95.22,7,2025-06-23,131,Grocery,55.58,Ira Roy,31,Male,2022-08-19,Product_042,Home,4406.39,59
T000545,U0043,P042,74.48,Cash,2023-04-01,95.22,7,2025-06-23,131,Home,322.53999999999996,Ira Roy,31,Male,2022-08-19,Product_042,Home,4406.39,59
T000545,U0043,P042,74.48,Cash,2023-04-01,95.22,7,2025-06-23,131,Toys,17.57,Ira Roy,31,Male,2022-08-19,Product_042,Home,4406.39,59
T000546,U0145,P042,35.32,Wallet,2025-03-29,67.94875,8,2025-03-29,217,Beauty,296.62,Aarav Kulkarni,34,Male,2022-05-10,Product_042,Home,4406.39,59
T000546,U0145,P042,35.32,Wallet,2025-03-29,67.94875,8,2025-03-29,217,Books,141.0,Aarav Kulkarni,34,Male,2022-05-10,Product_042,Home,4406.39,59
T000546,U0145,P042,35.32,Wallet,2025-03-29,67.94875,8,2025-03-29,217,Clothing,70.65,Aarav Kulkarni,34,Male,2022-05-10,Product_042,Home,4406.39,59
T000546,U0145,P042,35.32,Wallet,2025-03-29,67.94875,8,2025-03-29,217,Home,35.32,Aarav Kulkarni,34,Male,2022-05-10,Product_042,Home,4406.39,59
T000547,U0193,P022,61.07,Net Banking,2023-08-05,88.7475,5,2025-02-25,249,Books,136.95999999999998,Ishaan Chopra,33,Other,2023-03-12,Product_022,Electronics,3207.91,466
T000547,U0193,P022,61.07,Net Banking,2023-08-05,88.7475,5,2025-02-25,249,Electronics,91.61,Ishaan Chopra,33,Other,2023-03-12,Product_022,Electronics,3207.91,466
T000547,U0193,P022,61.07,Net Banking,2023-08-05,88.7475,5,2025-02-25,249,Grocery,126.42,Ishaan Chopra,33,Other,2023-03-12,Product_022,Electronics,3207.91,466
T000548,U0003,P007,34.7,UPI,2024-03-30,40.597500000000004,4,2025-11-01,0,Beauty,44.45,Aarohi Gupta,37,Other,2022-02-02,Product_007,Books,2084.59,134
T000548,U0003,P007,34.7,UPI,2024-03-30,40.597500000000004,4,2025-11-01,0,Books,34.7,Aarohi Gupta,37,Other,2022-02-02,Product_007,Books,2084.59,134
T000548,U0003,P007,34.7,UPI,2024-03-30,40.597500000000004,4,2025-11-01,0,Grocery,24.37,Aarohi Gupta,37,Other,2022-02-02,Product_007,Books,2084.59,134
T000548,U0003,P007,34.7,UPI,2024-03-30,40.597500000000004,4,2025-11-01,0,Home,58.87,Aarohi Gupta,37,Other,2022-02-02,Product_007,Books,2084.59,134
T000549,U0131,P048,37.83,Cash,2024-03-28,73.65,5,2025-07-23,101,Beauty,61.67,Muhammad Mukherjee,19,Female,2024-08-26,Product_048,Clothing,3666.72,295
T000549,U0131,P048,37.83,Cash,2024-03-28,73.65,5,2025-07-23,101,Clothing,37.83,Muhammad Mukherjee,19,Female,2024-08-26,Product_048,Clothing,3666.72,295
T000549,U0131,P048,37.83,Cash,2024-03-28,73.65,5,2025-07-23,101,Home,57.89,Muhammad Mukherjee,19,Female,2024-08-26,Product_048,Clothing,3666.72,295
T000549,U0131,P048,37.83,Cash,2024-03-28,73.65,5,2025-07-23,101,Sports,146.23,Muhammad Mukherjee,19,Female,2024-08-26,Product_048,Clothing,3666.72,295
T000549,U0131,P048,37.83,Cash,2024-03-28,73.65,5,2025-07-23,101,Toys,64.63,Muhammad Mukherjee,19,Female,2024-08-26,Product_048,Clothing,3666.72,295
T000550,U0115,P024,23.48,Net Banking,2025-08-06,44.77333333333333,6,2025-10-15,17,Books,30.12,Aarav Verma,30,Male,2023-09-18,Product_024,Home,2509.0,267
T000550,U0115,P024,23.48,Net Banking,2025-08-06,44.77333333333333,6,2025-10-15,17,Grocery,118.68,Aarav Verma,30,Male,2023-09-18,Product_024,Home,2509.0,267
T000550,U0115,P024,23.48,Net Banking,2025-08-06,44.77333333333333,6,2025-10-15,17,Home,80.47,Aarav Verma,30,Male,2023-09-18,Product_024,Home,2509.0,267
T000550,U0115,P024,23.48,Net Banking,2025-08-06,44.77333333333333,6,2025-10-15,17,Sports,39.37,Aarav Verma,30,Male,2023-09-18,Product_024,Home,2509.0,267
T000551,U0198,P044,31.38,Cash,2025-10-21,80.575,3,2025-10-29,3,Beauty,31.38,Kabir Bose,33,Female,2023-07-07,Product_044,Beauty,1655.45,268
T000551,U0198,P044,31.38,Cash,2025-10-21,80.575,3,2025-10-29,3,Clothing,78.01,Kabir Bose,33,Female,2023-07-07,Product_044,Beauty,1655.45,268
T000551,U0198,P044,31.38,Cash,2025-10-21,80.575,3,2025-10-29,3,Home,51.76,Kabir Bose,33,Female,2023-07-07,Product_044,Beauty,1655.45,268
T000552,U0039,P023,24.26,Credit Card,2025-09-15,61.31,6,2025-09-18,44,Books,24.26,Meera Gupta,21,Other,2022-05-12,Product_023,Books,1984.98,450
T000552,U0039,P023,24.26,Credit Card,2025-09-15,61.31,6,2025-09-18,44,Clothing,97.15,Meera Gupta,21,Other,2022-05-12,Product_023,Books,1984.98,450
T000552,U0039,P023,24.26,Credit Card,2025-09-15,61.31,6,2025-09-18,44,Sports,49.9,Meera Gupta,21,Other,2022-05-12,Product_023,Books,1984.98,450
T000552,U0039,P023,24.26,Credit Card,2025-09-15,61.31,6,2025-09-18,44,Toys,135.24,Meera Gupta,21,Other,2022-05-12,Product_023,Books,1984.98,450
T000553,U0027,P019,30.4,Net Banking,2023-06-25,60.365,4,2024-12-25,311,Books,87.49,Vihaan Reddy,22,Other,2024-03-22,Product_019,Home,523.79,441
T000553,U0027,P019,30.4,Net Banking,2023-06-25,60.365,4,2024-12-25,311,Clothing,54.2,Vihaan Reddy,22,Other,2024-03-22,Product_019,Home,523.79,441
T000553,U0027,P019,30.4,Net Banking,2023-06-25,60.365,4,2024-12-25,311,Grocery,69.37,Vihaan Reddy,22,Other,2024-03-22,Product_019,Home,523.79,441
T000553,U0027,P019,30.4,Net Banking,2023-06-25,60.365,4,2024-12-25,311,Home,30.4,Vihaan Reddy,22,Other,2024-03-22,Product_019,Home,523.79,441
T000554,U0030,P047,102.74,Debit Card,2024-12-14,84.85857142857142,9,2025-09-29,33,Beauty,168.95,Aarohi Sharma,29,Other,2023-11-30,Product_047,Electronics,1846.57,300
T000554,U0030,P047,102.74,Debit Card,2024-12-14,84.85857142857142,9,2025-09-29,33,Books,176.11,Aarohi Sharma,29,Other,2023-11-30,Product_047,Electronics,1846.57,300
T000554,U0030,P047,102.74,Debit Card,2024-12-14,84.85857142857142,9,2025-09-29,33,Electronics,102.74,Aarohi Sharma,29,Other,2023-11-30,Product_047,Electronics,1846.57,300
T000554,U0030,P047,102.74,Debit Card,2024-12-14,84.85857142857142,9,2025-09-29,33,Home,146.21,Aarohi Sharma,29,Other,2023-11-30,Product_047,Electronics,1846.57,300
T000555,U0080,P022,30.89,Net Banking,2024-02-28,62.012857142857136,7,2025-04-15,200,Clothing,59.05,Ishaan Amin,18,Female,2024-07-16,Product_022,Electronics,3207.91,466
T000555,U0080,P022,30.89,Net Banking,2024-02-28,62.012857142857136,7,2025-04-15,200,Electronics,101.83,Ishaan Amin,18,Female,2024-07-16,Product_022,Electronics,3207.91,466
T000555,U0080,P022,30.89,Net Banking,2024-02-28,62.012857142857136,7,2025-04-15,200,Grocery,138.17,Ishaan Amin,18,Female,2024-07-16,Product_022,Electronics,3207.91,466
T000555,U0080,P022,30.89,Net Banking,2024-02-28,62.012857142857136,7,2025-04-15,200,Home,43.27,Ishaan Amin,18,Female,2024-07-16,Product_022,Electronics,3207.91,466
T000555,U0080,P022,30.89,Net Banking,2024-02-28,62.012857142857136,7,2025-04-15,200,Sports,91.77,Ishaan Amin,18,Female,2024-07-16,Product_022,Electronics,3207.91,466
T000556,U0134,P031,264.92,UPI,2025-09-02,169.215,2,2025-09-02,60,Beauty,73.51,Aarohi Kulkarni,35,Male,2022-08-13,Product_031,Grocery,3035.94,111
T000556,U0134,P031,264.92,UPI,2025-09-02,169.215,2,2025-09-02,60,Grocery,264.92,Aarohi Kulkarni,35,Male,2022-08-13,Product_031,Grocery,3035.94,111
T000557,U0025,P029,73.4,Wallet,2025-07-15,74.69,6,2025-10-02,30,Clothing,99.75,Saanvi Bose,27,Female,2022-05-22,Product_029,Clothing,128.31,289
T000557,U0025,P029,73.4,Wallet,2025-07-15,74.69,6,2025-10-02,30,Home,187.25,Saanvi Bose,27,Female,2022-05-22,Product_029,Clothing,128.31,289
T000557,U0025,P029,73.4,Wallet,2025-07-15,74.69,6,2025-10-02,30,Toys,86.45,Saanvi Bose,27,Female,2022-05-22,Product_029,Clothing,128.31,289
T000558,U0082,P005,61.0,UPI,2023-04-02,57.357142857142854,7,2025-10-02,30,Books,188.73000000000002,Ishaan Verma,34,Male,2024-02-29,Product_005,Books,1178.99,18
T000558,U0082,P005,61.0,UPI,2023-04-02,57.357142857142854,7,2025-10-02,30,Electronics,61.47,Ishaan Verma,34,Male,2024-02-29,Product_005,Books,1178.99,18
T000558,U0082,P005,61.0,UPI,2023-04-02,57.357142857142854,7,2025-10-02,30,Grocery,38.92,Ishaan Verma,34,Male,2024-02-29,Product_005,Books,1178.99,18
T000558,U0082,P005,61.0,UPI,2023-04-02,57.357142857142854,7,2025-10-02,30,Home,112.38,Ishaan Verma,34,Male,2024-02-29,Product_005,Books,1178.99,18
T000559,U0182,P008,32.62,Credit Card,2024-12-03,73.22555555555556,11,2025-10-28,4,Books,104.02,Vivaan Reddy,25,Male,2024-08-29,Product_008,Books,4534.16,161
T000559,U0182,P008,32.62,Credit Card,2024-12-03,73.22555555555556,11,2025-10-28,4,Clothing,236.67,Vivaan Reddy,25,Male,2024-08-29,Product_008,Books,4534.16,161
T000559,U0182,P008,32.62,Credit Card,2024-12-03,73.22555555555556,11,2025-10-28,4,Grocery,55.53,Vivaan Reddy,25,Male,2024-08-29,Product_008,Books,4534.16,161
T000559,U0182,P008,32.62,Credit Card,2024-12-03,73.22555555555556,11,2025-10-28,4,Home,262.81,Vivaan Reddy,25,Male,2024-08-29,Product_008,Books,4534.16,161
T000560,U0166,P007,83.11,Wallet,2023-12-03,83.738,5,2025-04-23,192,Books,132.34,Meera Roy,35,Male,2022-10-29,Product_007,Books,2084.59,134
T000560,U0166,P007,83.11,Wallet,2023-12-03,83.738,5,2025-04-23,192,Home,189.78,Meera Roy,35,Male,2022-10-29,Product_007,Books,2084.59,134
T000560,U0166,P007,83.11,Wallet,2023-12-03,83.738,5,2025-04-23,192,Sports,96.57,Meera Roy,35,Male,2022-10-29,Product_007,Books,2084.59,134
T000561,U0190,P016,38.65,Cash,2023-12-24,53.284000000000006,5,2025-08-08,85,Beauty,67.22,Aarav Mukherjee,19,Female,2023-04-27,Product_016,Books,807.27,58
T000561,U0190,P016,38.65,Cash,2023-12-24,53.284000000000006,5,2025-08-08,85,Books,38.65,Aarav Mukherjee,19,Female,2023-04-27,Product_016,Books,807.27,58
T000561,U0190,P016,38.65,Cash,2023-12-24,53.284000000000006,5,2025-08-08,85,Electronics,15.66,Aarav Mukherjee,19,Female,2023-04-27,Product_016,Books,807.27,58
T000561,U0190,P016,38.65,Cash,2023-12-24,53.284000000000006,5,2025-08-08,85,Grocery,106.19,Aarav Mukherjee,19,Female,2023-04-27,Product_016,Books,807.27,58
T000561,U0190,P016,38.65,Cash,2023-12-24,53.284000000000006,5,2025-08-08,85,Sports,38.7,Aarav Mukherjee,19,Female,2023-04-27,Product_016,Books,807.27,58
T000562,U0142,P011,58.74,UPI,2025-05-23,65.92833333333333,7,2025-09-16,46,Books,58.52,Kiara Khan,42,Male,2022-01-20,Product_011,Electronics,1410.29,28
T000562,U0142,P011,58.74,UPI,2025-05-23,65.92833333333333,7,2025-09-16,46,Clothing,53.38,Kiara Khan,42,Male,2022-01-20,Product_011,Electronics,1410.29,28
T000562,U0142,P011,58.74,UPI,2025-05-23,65.92833333333333,7,2025-09-16,46,Electronics,82.19,Kiara Khan,42,Male,2022-01-20,Product_011,Electronics,1410.29,28
T000562,U0142,P011,58.74,UPI,2025-05-23,65.92833333333333,7,2025-09-16,46,Home,125.42,Kiara Khan,42,Male,2022-01-20,Product_011,Electronics,1410.29,28
T000562,U0142,P011,58.74,UPI,2025-05-23,65.92833333333333,7,2025-09-16,46,Toys,76.06,Kiara Khan,42,Male,2022-01-20,Product_011,Electronics,1410.29,28
T000563,U0119,P015,253.67,Net Banking,2024-01-13,114.93666666666667,6,2025-07-08,116,Beauty,33.16,Ira Roy,41,Male,2022-09-13,Product_015,Books,2286.25,251
T000563,U0119,P015,253.67,Net Banking,2024-01-13,114.93666666666667,6,2025-07-08,116,Books,253.67,Ira Roy,41,Male,2022-09-13,Product_015,Books,2286.25,251
T000563,U0119,P015,253.67,Net Banking,2024-01-13,114.93666666666667,6,2025-07-08,116,Home,238.55,Ira Roy,41,Male,2022-09-13,Product_015,Books,2286.25,251
T000563,U0119,P015,253.67,Net Banking,2024-01-13,114.93666666666667,6,2025-07-08,116,Toys,164.24,Ira Roy,41,Male,2022-09-13,Product_015,Books,2286.25,251
T000564,U0048,P041,51.54,Wallet,2025-06-04,69.612,5,2025-08-27,66,Clothing,80.2,Meera Das,40,Other,2024-01-11,Product_041,Home,3218.83,273
T000564,U0048,P041,51.54,Wallet,2025-06-04,69.612,5,2025-08-27,66,Home,256.73,Meera Das,40,Other,2024-01-11,Product_041,Home,3218.83,273
T000564,U0048,P041,51.54,Wallet,2025-06-04,69.612,5,2025-08-27,66,Sports,11.13,Meera Das,40,Other,2024-01-11,Product_041,Home,3218.83,273
T000565,U0102,P002,108.81,Wallet,2024-02-09,96.24166666666667,7,2025-02-17,257,Beauty,52.81,Kiara Sharma,28,Other,2023-12-05,Product_002,Grocery,605.91,150
T000565,U0102,P002,108.81,Wallet,2024-02-09,96.24166666666667,7,2025-02-17,257,Books,304.48,Kiara Sharma,28,Other,2023-12-05,Product_002,Grocery,605.91,150
T000565,U0102,P002,108.81,Wallet,2024-02-09,96.24166666666667,7,2025-02-17,257,Electronics,48.89,Kiara Sharma,28,Other,2023-12-05,Product_002,Grocery,605.91,150
T000565,U0102,P002,108.81,Wallet,2024-02-09,96.24166666666667,7,2025-02-17,257,Grocery,108.81,Kiara Sharma,28,Other,2023-12-05,Product_002,Grocery,605.91,150
T000565,U0102,P002,108.81,Wallet,2024-02-09,96.24166666666667,7,2025-02-17,257,Toys,62.46,Kiara Sharma,28,Other,2023-12-05,Product_002,Grocery,605.91,150
T000566,U0116,P038,35.81,Net Banking,2025-03-07,62.73777777777778,11,2025-06-30,124,Beauty,32.99,Aditya Roy,34,Female,2022-07-19,Product_038,Home,393.65,58
T000566,U0116,P038,35.81,Net Banking,2025-03-07,62.73777777777778,11,2025-06-30,124,Books,35.78,Aditya Roy,34,Female,2022-07-19,Product_038,Home,393.65,58
T000566,U0116,P038,35.81,Net Banking,2025-03-07,62.73777777777778,11,2025-06-30,124,Clothing,159.60999999999999,Aditya Roy,34,Female,2022-07-19,Product_038,Home,393.65,58
T000566,U0116,P038,35.81,Net Banking,2025-03-07,62.73777777777778,11,2025-06-30,124,Electronics,56.14,Aditya Roy,34,Female,2022-07-19,Product_038,Home,393.65,58
T000566,U0116,P038,35.81,Net Banking,2025-03-07,62.73777777777778,11,2025-06-30,124,Home,168.49,Aditya Roy,34,Female,2022-07-19,Product_038,Home,393.65,58
T000566,U0116,P038,35.81,Net Banking,2025-03-07,62.73777777777778,11,2025-06-30,124,Sports,111.63,Aditya Roy,34,Female,2022-07-19,Product_038,Home,393.65,58
T000567,U0002,P046,53.46,Debit Card,2024-02-26,129.68,6,2024-04-27,553,Beauty,187.02,Sai Reddy,30,Other,2023-11-24,Product_046,Toys,4970.99,267
T000567,U0002,P046,53.46,Debit Card,2024-02-26,129.68,6,2024-04-27,553,Clothing,45.02,Sai Reddy,30,Other,2023-11-24,Product_046,Toys,4970.99,267
T000567,U0002,P046,53.46,Debit Card,2024-02-26,129.68,6,2024-04-27,553,Toys,157.0,Sai Reddy,30,Other,2023-11-24,Product_046,Toys,4970.99,267
T000568,U0072,P049,157.98,Wallet,2023-05-09,72.58,5,2025-05-08,177,Beauty,69.75,Myra Kulkarni,44,Other,2022-03-17,Product_049,Home,1701.17,159
T000568,U0072,P049,157.98,Wallet,2023-05-09,72.58,5,2025-05-08,177,Clothing,79.82,Myra Kulkarni,44,Other,2022-03-17,Product_049,Home,1701.17,159
T000568,U0072,P049,157.98,Wallet,2023-05-09,72.58,5,2025-05-08,177,Electronics,14.6,Myra Kulkarni,44,Other,2022-03-17,Product_049,Home,1701.17,159
T000568,U0072,P049,157.98,Wallet,2023-05-09,72.58,5,2025-05-08,177,Home,157.98,Myra Kulkarni,44,Other,2022-03-17,Product_049,Home,1701.17,159
T000568,U0072,P049,157.98,Wallet,2023-05-09,72.58,5,2025-05-08,177,Sports,40.75,Myra Kulkarni,44,Other,2022-03-17,Product_049,Home,1701.17,159
T000569,U0148,P007,37.48,Cash,2024-01-18,39.166666666666664,3,2025-02-09,265,Books,67.84,Vihaan Iyer,21,Female,2023-08-16,Product_007,Books,2084.59,134
T000569,U0148,P007,37.48,Cash,2024-01-18,39.166666666666664,3,2025-02-09,265,Grocery,49.66,Vihaan Iyer,21,Female,2023-08-16,Product_007,Books,2084.59,134
T000570,U0094,P021,161.98,Debit Card,2025-07-26,63.004,5,2025-07-26,98,Beauty,74.34,Kabir Ghosh,29,Male,2023-11-07,Product_021,Books,3055.12,169
T000570,U0094,P021,161.98,Debit Card,2025-07-26,63.004,5,2025-07-26,98,Books,161.98,Kabir Ghosh,29,Male,2023-11-07,Product_021,Books,3055.12,169
T000570,U0094,P021,161.98,Debit Card,2025-07-26,63.004,5,2025-07-26,98,Home,31.85,Kabir Ghosh,29,Male,2023-11-07,Product_021,Books,3055.12,169
T000570,U0094,P021,161.98,Debit Card,2025-07-26,63.004,5,2025-07-26,98,Sports,37.25,Kabir Ghosh,29,Male,2023-11-07,Product_021,Books,3055.12,169
T000570,U0094,P021,161.98,Debit Card,2025-07-26,63.004,5,2025-07-26,98,Toys,9.6,Kabir Ghosh,29,Male,2023-11-07,Product_021,Books,3055.12,169
T000571,U0030,P017,83.48,Wallet,2025-09-29,84.85857142857142,9,2025-09-29,33,Beauty,168.95,Aarohi Sharma,29,Other,2023-11-30,Product_017,Beauty,3697.53,235
T000571,U0030,P017,83.48,Wallet,2025-09-29,84.85857142857142,9,2025-09-29,33,Books,176.11,Aarohi Sharma,29,Other,2023-11-30,Product_017,Beauty,3697.53,235
T000571,U0030,P017,83.48,Wallet,2025-09-29,84.85857142857142,9,2025-09-29,33,Electronics,102.74,Aarohi Sharma,29,Other,2023-11-30,Product_017,Beauty,3697.53,235
T000571,U0030,P017,83.48,Wallet,2025-09-29,84.85857142857142,9,2025-09-29,33,Home,146.21,Aarohi Sharma,29,Other,2023-11-30,Product_017,Beauty,3697.53,235
T000572,U0136,P041,38.96,UPI,2025-03-06,86.9,5,2025-03-06,240,Books,92.16,Anaya Bose,44,Other,2024-05-10,Product_041,Home,3218.83,273
T000572,U0136,P041,38.96,UPI,2025-03-06,86.9,5,2025-03-06,240,Clothing,54.93,Anaya Bose,44,Other,2024-05-10,Product_041,Home,3218.83,273
T000572,U0136,P041,38.96,UPI,2025-03-06,86.9,5,2025-03-06,240,Grocery,37.57,Anaya Bose,44,Other,2024-05-10,Product_041,Home,3218.83,273
T000572,U0136,P041,38.96,UPI,2025-03-06,86.9,5,2025-03-06,240,Home,162.94,Anaya Bose,44,Other,2024-05-10,Product_041,Home,3218.83,273
T000573,U0157,P026,79.79,Cash,2023-08-22,45.112,5,2025-06-20,134,Beauty,79.79,Aarohi Joshi,46,Female,2024-04-25,Product_026,Beauty,3490.97,332
T000573,U0157,P026,79.79,Cash,2023-08-22,45.112,5,2025-06-20,134,Books,25.98,Aarohi Joshi,46,Female,2024-04-25,Product_026,Beauty,3490.97,332
T000573,U0157,P026,79.79,Cash,2023-08-22,45.112,5,2025-06-20,134,Electronics,47.16,Aarohi Joshi,46,Female,2024-04-25,Product_026,Beauty,3490.97,332
T000573,U0157,P026,79.79,Cash,2023-08-22,45.112,5,2025-06-20,134,Grocery,42.64,Aarohi Joshi,46,Female,2024-04-25,Product_026,Beauty,3490.97,332
T000573,U0157,P026,79.79,Cash,2023-08-22,45.112,5,2025-06-20,134,Home,29.99,Aarohi Joshi,46,Female,2024-04-25,Product_026,Beauty,3490.97,332
T000574,U0090,P023,97.86,Net Banking,2023-12-20,57.08,5,2025-03-13,233,Books,97.86,Sai Iyer,36,Male,2022-01-26,Product_023,Books,1984.98,450
T000574,U0090,P023,97.86,Net Banking,2023-12-20,57.08,5,2025-03-13,233,Electronics,98.55,Sai Iyer,36,Male,2022-01-26,Product_023,Books,1984.98,450
T000574,U0090,P023,97.86,Net Banking,2023-12-20,57.08,5,2025-03-13,233,Home,27.84,Sai Iyer,36,Male,2022-01-26,Product_023,Books,1984.98,450
T000574,U0090,P023,97.86,Net Banking,2023-12-20,57.08,5,2025-03-13,233,Sports,41.62,Sai Iyer,36,Male,2022-01-26,Product_023,Books,1984.98,450
T000574,U0090,P023,97.86,Net Banking,2023-12-20,57.08,5,2025-03-13,233,Toys,19.53,Sai Iyer,36,Male,2022-01-26,Product_023,Books,1984.98,450
T000575,U0173,P046,79.29,UPI,2023-06-23,70.39666666666666,6,2025-06-26,128,Clothing,180.04000000000002,Muhammad Joshi,31,Female,2024-09-27,Product_046,Toys,4970.99,267
T000575,U0173,P046,79.29,UPI,2023-06-23,70.39666666666666,6,2025-06-26,128,Toys,242.34,Muhammad Joshi,31,Female,2024-09-27,Product_046,Toys,4970.99,267
T000576,U0173,P009,21.28,UPI,2023-08-30,70.39666666666666,6,2025-06-26,128,Clothing,180.04000000000002,Muhammad Joshi,31,Female,2024-09-27,Product_009,Clothing,1799.44,163
T000576,U0173,P009,21.28,UPI,2023-08-30,70.39666666666666,6,2025-06-26,128,Toys,242.34,Muhammad Joshi,31,Female,2024-09-27,Product_009,Clothing,1799.44,163
T000577,U0062,P020,35.29,Credit Card,2024-01-10,68.21714285714286,7,2025-07-02,122,Beauty,114.33000000000001,Muhammad Verma,30,Other,2022-03-04,Product_020,Toys,1595.75,428
T000577,U0062,P020,35.29,Credit Card,2024-01-10,68.21714285714286,7,2025-07-02,122,Books,225.56,Muhammad Verma,30,Other,2022-03-04,Product_020,Toys,1595.75,428
T000577,U0062,P020,35.29,Credit Card,2024-01-10,68.21714285714286,7,2025-07-02,122,Home,102.34,Muhammad Verma,30,Other,2022-03-04,Product_020,Toys,1595.75,428
T000577,U0062,P020,35.29,Credit Card,2024-01-10,68.21714285714286,7,2025-07-02,122,Toys,35.29,Muhammad Verma,30,Other,2022-03-04,Product_020,Toys,1595.75,428
T000578,U0096,P045,47.06,Debit Card,2025-03-06,68.59833333333334,6,2025-09-16,46,Beauty,108.61,Aditya Khan,20,Female,2023-02-14,Product_045,Grocery,992.11,139
T000578,U0096,P045,47.06,Debit Card,2025-03-06,68.59833333333334,6,2025-09-16,46,Electronics,58.3,Aditya Khan,20,Female,2023-02-14,Product_045,Grocery,992.11,139
T000578,U0096,P045,47.06,Debit Card,2025-03-06,68.59833333333334,6,2025-09-16,46,Grocery,200.99,Aditya Khan,20,Female,2023-02-14,Product_045,Grocery,992.11,139
T000578,U0096,P045,47.06,Debit Card,2025-03-06,68.59833333333334,6,2025-09-16,46,Toys,43.69,Aditya Khan,20,Female,2023-02-14,Product_045,Grocery,992.11,139
T000579,U0108,P039,52.21,Debit Card,2025-02-24,75.902,6,2025-07-25,99,Beauty,108.77,Saanvi Singh,33,Female,2024-05-03,Product_039,Grocery,4167.72,453
T000579,U0108,P039,52.21,Debit Card,2025-02-24,75.902,6,2025-07-25,99,Books,48.7,Saanvi Singh,33,Female,2024-05-03,Product_039,Grocery,4167.72,453
T000579,U0108,P039,52.21,Debit Card,2025-02-24,75.902,6,2025-07-25,99,Electronics,57.17,Saanvi Singh,33,Female,2024-05-03,Product_039,Grocery,4167.72,453
T000579,U0108,P039,52.21,Debit Card,2025-02-24,75.902,6,2025-07-25,99,Grocery,52.21,Saanvi Singh,33,Female,2024-05-03,Product_039,Grocery,4167.72,453
T000579,U0108,P039,52.21,Debit Card,2025-02-24,75.902,6,2025-07-25,99,Home,112.66,Saanvi Singh,33,Female,2024-05-03,Product_039,Grocery,4167.72,453
T000580,U0109,P012,79.23,Net Banking,2023-12-21,49.00666666666667,3,2025-07-29,95,Electronics,37.51,Aarav Singh,34,Female,2023-03-17,Product_012,Sports,4263.31,176
T000580,U0109,P012,79.23,Net Banking,2023-12-21,49.00666666666667,3,2025-07-29,95,Grocery,30.28,Aarav Singh,34,Female,2023-03-17,Product_012,Sports,4263.31,176
T000580,U0109,P012,79.23,Net Banking,2023-12-21,49.00666666666667,3,2025-07-29,95,Sports,79.23,Aarav Singh,34,Female,2023-03-17,Product_012,Sports,4263.31,176
T000581,U0143,P011,60.74,Net Banking,2024-08-14,39.68666666666667,3,2025-03-19,227,Electronics,60.74,Aarohi Verma,19,Female,2023-10-28,Product_011,Electronics,1410.29,28
T000581,U0143,P011,60.74,Net Banking,2024-08-14,39.68666666666667,3,2025-03-19,227,Home,58.32000000000001,Aarohi Verma,19,Female,2023-10-28,Product_011,Electronics,1410.29,28
T000582,U0036,P012,24.5,UPI,2025-07-12,48.7025,5,2025-08-28,65,Books,16.07,Ira Sharma,22,Other,2023-05-16,Product_012,Sports,4263.31,176
T000582,U0036,P012,24.5,UPI,2025-07-12,48.7025,5,2025-08-28,65,Grocery,89.86,Ira Sharma,22,Other,2023-05-16,Product_012,Sports,4263.31,176
T000582,U0036,P012,24.5,UPI,2025-07-12,48.7025,5,2025-08-28,65,Home,27.45,Ira Sharma,22,Other,2023-05-16,Product_012,Sports,4263.31,176
T000582,U0036,P012,24.5,UPI,2025-07-12,48.7025,5,2025-08-28,65,Sports,24.5,Ira Sharma,22,Other,2023-05-16,Product_012,Sports,4263.31,176
T000582,U0036,P012,24.5,UPI,2025-07-12,48.7025,5,2025-08-28,65,Toys,36.93,Ira Sharma,22,Other,2023-05-16,Product_012,Sports,4263.31,176
T000583,U0159,P004,68.59,UPI,2023-01-20,150.3,3,2025-10-16,16,Beauty,195.06,Aditya Khan,22,Female,2024-02-08,Product_004,Toys,2600.12,229
T000583,U0159,P004,68.59,UPI,2023-01-20,150.3,3,2025-10-16,16,Home,36.95,Aditya Khan,22,Female,2024-02-08,Product_004,Toys,2600.12,229
T000583,U0159,P004,68.59,UPI,2023-01-20,150.3,3,2025-10-16,16,Toys,68.59,Aditya Khan,22,Female,2024-02-08,Product_004,Toys,2600.12,229
T000584,U0125,P009,78.76,Debit Card,2025-02-25,95.11,2,2025-06-21,133,Books,111.46,Ira Joshi,36,Other,2022-10-09,Product_009,Clothing,1799.44,163
T000584,U0125,P009,78.76,Debit Card,2025-02-25,95.11,2,2025-06-21,133,Clothing,78.76,Ira Joshi,36,Other,2022-10-09,Product_009,Clothing,1799.44,163
T000585,U0144,P033,76.39,Wallet,2025-10-10,57.815,2,2025-10-10,22,Clothing,76.39,Aditya Verma,33,Male,2022-07-24,Product_033,Clothing,3874.48,45
T000585,U0144,P033,76.39,Wallet,2025-10-10,57.815,2,2025-10-10,22,Home,39.24,Aditya Verma,33,Male,2022-07-24,Product_033,Clothing,3874.48,45
T000586,U0105,P044,104.42,Net Banking,2025-05-01,98.976,6,2025-05-10,175,Beauty,202.88,Kabir Amin,30,Female,2022-12-01,Product_044,Beauty,1655.45,268
T000586,U0105,P044,104.42,Net Banking,2025-05-01,98.976,6,2025-05-10,175,Grocery,134.56,Kabir Amin,30,Female,2022-12-01,Product_044,Beauty,1655.45,268
T000586,U0105,P044,104.42,Net Banking,2025-05-01,98.976,6,2025-05-10,175,Sports,84.1,Kabir Amin,30,Female,2022-12-01,Product_044,Beauty,1655.45,268
T000586,U0105,P044,104.42,Net Banking,2025-05-01,98.976,6,2025-05-10,175,Toys,73.34,Kabir Amin,30,Female,2022-12-01,Product_044,Beauty,1655.45,268
T000587,U0182,P029,90.05,Net Banking,2023-12-09,73.22555555555556,11,2025-10-28,4,Books,104.02,Vivaan Reddy,25,Male,2024-08-29,Product_029,Clothing,128.31,289
T000587,U0182,P029,90.05,Net Banking,2023-12-09,73.22555555555556,11,2025-10-28,4,Clothing,236.67,Vivaan Reddy,25,Male,2024-08-29,Product_029,Clothing,128.31,289
T000587,U0182,P029,90.05,Net Banking,2023-12-09,73.22555555555556,11,2025-10-28,4,Grocery,55.53,Vivaan Reddy,25,Male,2024-08-29,Product_029,Clothing,128.31,289
T000587,U0182,P029,90.05,Net Banking,2023-12-09,73.22555555555556,11,2025-10-28,4,Home,262.81,Vivaan Reddy,25,Male,2024-08-29,Product_029,Clothing,128.31,289
T000588,U0022,P037,71.92,Credit Card,2024-03-27,65.67,5,2025-04-27,188,Books,43.6,Anaya Das,30,Other,2023-02-10,Product_037,Clothing,1750.62,496
T000588,U0022,P037,71.92,Credit Card,2024-03-27,65.67,5,2025-04-27,188,Clothing,71.92,Anaya Das,30,Other,2023-02-10,Product_037,Clothing,1750.62,496
T000588,U0022,P037,71.92,Credit Card,2024-03-27,65.67,5,2025-04-27,188,Home,134.29000000000002,Anaya Das,30,Other,2023-02-10,Product_037,Clothing,1750.62,496
T000588,U0022,P037,71.92,Credit Card,2024-03-27,65.67,5,2025-04-27,188,Toys,78.54,Anaya Das,30,Other,2023-02-10,Product_037,Clothing,1750.62,496
T000589,U0075,P003,52.35,UPI,2024-04-05,84.96,2,2025-03-15,231,Beauty,169.92,Reyansh Roy,18,Other,2023-09-19,Product_003,Beauty,3027.98,127
T000590,U0138,P019,20.15,Debit Card,2025-07-25,105.31200000000001,6,2025-10-25,7,Beauty,62.45,Aadhya Chopra,29,Other,2022-03-27,Product_019,Home,523.79,441
T000590,U0138,P019,20.15,Debit Card,2025-07-25,105.31200000000001,6,2025-10-25,7,Books,244.98000000000002,Aadhya Chopra,29,Other,2022-03-27,Product_019,Home,523.79,441
T000590,U0138,P019,20.15,Debit Card,2025-07-25,105.31200000000001,6,2025-10-25,7,Electronics,42.74,Aadhya Chopra,29,Other,2022-03-27,Product_019,Home,523.79,441
T000590,U0138,P019,20.15,Debit Card,2025-07-25,105.31200000000001,6,2025-10-25,7,Home,176.39000000000001,Aadhya Chopra,29,Other,2022-03-27,Product_019,Home,523.79,441
T000591,U0145,P048,70.65,Net Banking,2023-08-20,67.94875,8,2025-03-29,217,Beauty,296.62,Aarav Kulkarni,34,Male,2022-05-10,Product_048,Clothing,3666.72,295
T000591,U0145,P048,70.65,Net Banking,2023-08-20,67.94875,8,2025-03-29,217,Books,141.0,Aarav Kulkarni,34,Male,2022-05-10,Product_048,Clothing,3666.72,295
T000591,U0145,P048,70.65,Net Banking,2023-08-20,67.94875,8,2025-03-29,217,Clothing,70.65,Aarav Kulkarni,34,Male,2022-05-10,Product_048,Clothing,3666.72,295
T000591,U0145,P048,70.65,Net Banking,2023-08-20,67.94875,8,2025-03-29,217,Home,35.32,Aarav Kulkarni,34,Male,2022-05-10,Product_048,Clothing,3666.72,295
T000592,U0147,P008,61.84,UPI,2025-01-21,61.44818181818182,12,2025-10-25,7,Beauty,40.02,Ishaan Mehta,22,Male,2023-09-14,Product_008,Books,4534.16,161
T000592,U0147,P008,61.84,UPI,2025-01-21,61.44818181818182,12,2025-10-25,7,Books,257.28,Ishaan Mehta,22,Male,2023-09-14,Product_008,Books,4534.16,161
T000592,U0147,P008,61.84,UPI,2025-01-21,61.44818181818182,12,2025-10-25,7,Clothing,32.85,Ishaan Mehta,22,Male,2023-09-14,Product_008,Books,4534.16,161
T000592,U0147,P008,61.84,UPI,2025-01-21,61.44818181818182,12,2025-10-25,7,Electronics,103.53999999999999,Ishaan Mehta,22,Male,2023-09-14,Product_008,Books,4534.16,161
T000592,U0147,P008,61.84,UPI,2025-01-21,61.44818181818182,12,2025-10-25,7,Grocery,77.19,Ishaan Mehta,22,Male,2023-09-14,Product_008,Books,4534.16,161
T000592,U0147,P008,61.84,UPI,2025-01-21,61.44818181818182,12,2025-10-25,7,Home,141.2,Ishaan Mehta,22,Male,2023-09-14,Product_008,Books,4534.16,161
T000592,U0147,P008,61.84,UPI,2025-01-21,61.44818181818182,12,2025-10-25,7,Toys,23.85,Ishaan Mehta,22,Male,2023-09-14,Product_008,Books,4534.16,161
T000593,U0139,P049,64.26,Credit Card,2025-06-22,85.75750000000001,4,2025-06-22,132,Beauty,73.92,Kiara Reddy,38,Female,2022-02-21,Product_049,Home,1701.17,159
T000593,U0139,P049,64.26,Credit Card,2025-06-22,85.75750000000001,4,2025-06-22,132,Books,110.12,Kiara Reddy,38,Female,2022-02-21,Product_049,Home,1701.17,159
T000593,U0139,P049,64.26,Credit Card,2025-06-22,85.75750000000001,4,2025-06-22,132,Grocery,94.73,Kiara Reddy,38,Female,2022-02-21,Product_049,Home,1701.17,159
T000593,U0139,P049,64.26,Credit Card,2025-06-22,85.75750000000001,4,2025-06-22,132,Home,64.26,Kiara Reddy,38,Female,2022-02-21,Product_049,Home,1701.17,159
T000594,U0140,P014,25.38,Net Banking,2023-07-29,59.8075,4,2024-06-25,494,Beauty,62.91,Ishaan Bose,22,Female,2023-04-11,Product_014,Beauty,3844.95,467
T000594,U0140,P014,25.38,Net Banking,2023-07-29,59.8075,4,2024-06-25,494,Books,66.86,Ishaan Bose,22,Female,2023-04-11,Product_014,Beauty,3844.95,467
T000594,U0140,P014,25.38,Net Banking,2023-07-29,59.8075,4,2024-06-25,494,Clothing,109.46,Ishaan Bose,22,Female,2023-04-11,Product_014,Beauty,3844.95,467
T000595,U0189,P042,28.54,Debit Card,2024-09-01,55.54333333333333,3,2024-09-01,426,Electronics,138.09,Sai Iyer,25,Other,2022-06-10,Product_042,Home,4406.39,59
T000595,U0189,P042,28.54,Debit Card,2024-09-01,55.54333333333333,3,2024-09-01,426,Home,28.54,Sai Iyer,25,Other,2022-06-10,Product_042,Home,4406.39,59
T000596,U0009,P029,102.71,UPI,2024-12-14,60.51666666666667,3,2024-12-14,322,Clothing,142.42,Aditya Bose,28,Male,2024-05-17,Product_029,Clothing,128.31,289
T000596,U0009,P029,102.71,UPI,2024-12-14,60.51666666666667,3,2024-12-14,322,Grocery,39.13,Aditya Bose,28,Male,2024-05-17,Product_029,Clothing,128.31,289
T000597,U0023,P029,53.32,Credit Card,2024-04-30,49.03,5,2024-12-12,324,Beauty,30.77,Myra Reddy,32,Female,2022-09-10,Product_029,Clothing,128.31,289
T000597,U0023,P029,53.32,Credit Card,2024-04-30,49.03,5,2024-12-12,324,Clothing,53.32,Myra Reddy,32,Female,2022-09-10,Product_029,Clothing,128.31,289
T000597,U0023,P029,53.32,Credit Card,2024-04-30,49.03,5,2024-12-12,324,Electronics,34.44,Myra Reddy,32,Female,2022-09-10,Product_029,Clothing,128.31,289
T000597,U0023,P029,53.32,Credit Card,2024-04-30,49.03,5,2024-12-12,324,Home,82.61,Myra Reddy,32,Female,2022-09-10,Product_029,Clothing,128.31,289
T000597,U0023,P029,53.32,Credit Card,2024-04-30,49.03,5,2024-12-12,324,Sports,44.01,Myra Reddy,32,Female,2022-09-10,Product_029,Clothing,128.31,289
T000598,U0054,P048,82.18,Cash,2024-12-19,75.07,2,2024-12-19,317,Clothing,82.18,Aarohi Roy,36,Male,2022-07-07,Product_048,Clothing,3666.72,295
T000598,U0054,P048,82.18,Cash,2024-12-19,75.07,2,2024-12-19,317,Grocery,67.96,Aarohi Roy,36,Male,2022-07-07,Product_048,Clothing,3666.72,295
T000599,U0182,P040,55.53,Wallet,2025-05-26,73.22555555555556,11,2025-10-28,4,Books,104.02,Vivaan Reddy,25,Male,2024-08-29,Product_040,Grocery,4011.76,36
T000599,U0182,P040,55.53,Wallet,2025-05-26,73.22555555555556,11,2025-10-28,4,Clothing,236.67,Vivaan Reddy,25,Male,2024-08-29,Product_040,Grocery,4011.76,36
T000599,U0182,P040,55.53,Wallet,2025-05-26,73.22555555555556,11,2025-10-28,4,Grocery,55.53,Vivaan Reddy,25,Male,2024-08-29,Product_040,Grocery,4011.76,36
T000599,U0182,P040,55.53,Wallet,2025-05-26,73.22555555555556,11,2025-10-28,4,Home,262.81,Vivaan Reddy,25,Male,2024-08-29,Product_040,Grocery,4011.76,36
T000600,U0043,P040,55.58,Debit Card,2024-02-28,95.22,7,2025-06-23,131,Beauty,102.49,Ira Roy,31,Male,2022-08-19,Product_040,Grocery,4011.76,36
T000600,U0043,P040,55.58,Debit Card,2024-02-28,95.22,7,2025-06-23,131,Books,168.36,Ira Roy,31,Male,2022-08-19,Product_040,Grocery,4011.76,36
T000600,U0043,P040,55.58,Debit Card,2024-02-28,95.22,7,2025-06-23,131,Grocery,55.58,Ira Roy,31,Male,2022-08-19,Product_040,Grocery,4011.76,36
T000600,U0043,P040,55.58,Debit Card,2024-02-28,95.22,7,2025-06-23,131,Home,322.53999999999996,Ira Roy,31,Male,2022-08-19,Product_040,Grocery,4011.76,36
T000600,U0043,P040,55.58,Debit Card,2024-02-28,95.22,7,2025-06-23,131,Toys,17.57,Ira Roy,31,Male,2022-08-19,Product_040,Grocery,4011.76,36
T000601,U0053,P004,95.87,Cash,2024-12-19,52.748000000000005,5,2025-05-09,176,Books,114.33,Anaya Patel,26,Male,2022-07-14,Product_004,Toys,2600.12,229
T000601,U0053,P004,95.87,Cash,2024-12-19,52.748000000000005,5,2025-05-09,176,Grocery,29.02,Anaya Patel,26,Male,2022-07-14,Product_004,Toys,2600.12,229
T000601,U0053,P004,95.87,Cash,2024-12-19,52.748000000000005,5,2025-05-09,176,Home,24.52,Anaya Patel,26,Male,2022-07-14,Product_004,Toys,2600.12,229
T000601,U0053,P004,95.87,Cash,2024-12-19,52.748000000000005,5,2025-05-09,176,Toys,95.87,Anaya Patel,26,Male,2022-07-14,Product_004,Toys,2600.12,229
T000602,U0137,P018,40.06,Cash,2023-12-11,62.848,5,2024-09-23,404,Clothing,14.49,Myra Reddy,25,Other,2022-01-28,Product_018,Electronics,2390.82,158
T000602,U0137,P018,40.06,Cash,2023-12-11,62.848,5,2024-09-23,404,Electronics,208.94,Myra Reddy,25,Other,2022-01-28,Product_018,Electronics,2390.82,158
T000602,U0137,P018,40.06,Cash,2023-12-11,62.848,5,2024-09-23,404,Home,56.57,Myra Reddy,25,Other,2022-01-28,Product_018,Electronics,2390.82,158
T000602,U0137,P018,40.06,Cash,2023-12-11,62.848,5,2024-09-23,404,Sports,34.24,Myra Reddy,25,Other,2022-01-28,Product_018,Electronics,2390.82,158
T000603,U0083,P046,57.84,UPI,2024-08-15,59.12375,8,2025-10-23,9,Books,103.51,Arjun Khan,43,Male,2023-07-19,Product_046,Toys,4970.99,267
T000603,U0083,P046,57.84,UPI,2024-08-15,59.12375,8,2025-10-23,9,Clothing,71.42,Arjun Khan,43,Male,2023-07-19,Product_046,Toys,4970.99,267
T000603,U0083,P046,57.84,UPI,2024-08-15,59.12375,8,2025-10-23,9,Grocery,99.24000000000001,Arjun Khan,43,Male,2023-07-19,Product_046,Toys,4970.99,267
T000603,U0083,P046,57.84,UPI,2024-08-15,59.12375,8,2025-10-23,9,Home,140.98,Arjun Khan,43,Male,2023-07-19,Product_046,Toys,4970.99,267
T000603,U0083,P046,57.84,UPI,2024-08-15,59.12375,8,2025-10-23,9,Toys,57.84,Arjun Khan,43,Male,2023-07-19,Product_046,Toys,4970.99,267
T000604,U0147,P018,41.37,Cash,2023-07-15,61.44818181818182,12,2025-10-25,7,Beauty,40.02,Ishaan Mehta,22,Male,2023-09-14,Product_018,Electronics,2390.82,158
T000604,U0147,P018,41.37,Cash,2023-07-15,61.44818181818182,12,2025-10-25,7,Books,257.28,Ishaan Mehta,22,Male,2023-09-14,Product_018,Electronics,2390.82,158
T000604,U0147,P018,41.37,Cash,2023-07-15,61.44818181818182,12,2025-10-25,7,Clothing,32.85,Ishaan Mehta,22,Male,2023-09-14,Product_018,Electronics,2390.82,158
T000604,U0147,P018,41.37,Cash,2023-07-15,61.44818181818182,12,2025-10-25,7,Electronics,103.53999999999999,Ishaan Mehta,22,Male,2023-09-14,Product_018,Electronics,2390.82,158
T000604,U0147,P018,41.37,Cash,2023-07-15,61.44818181818182,12,2025-10-25,7,Grocery,77.19,Ishaan Mehta,22,Male,2023-09-14,Product_018,Electronics,2390.82,158
T000604,U0147,P018,41.37,Cash,2023-07-15,61.44818181818182,12,2025-10-25,7,Home,141.2,Ishaan Mehta,22,Male,2023-09-14,Product_018,Electronics,2390.82,158
T000604,U0147,P018,41.37,Cash,2023-07-15,61.44818181818182,12,2025-10-25,7,Toys,23.85,Ishaan Mehta,22,Male,2023-09-14,Product_018,Electronics,2390.82,158
T000605,U0035,P049,42.07,Net Banking,2023-05-02,51.217999999999996,5,2025-07-26,98,Beauty,24.96,Muhammad Reddy,38,Female,2023-07-07,Product_049,Home,1701.17,159
T000605,U0035,P049,42.07,Net Banking,2023-05-02,51.217999999999996,5,2025-07-26,98,Books,122.17,Muhammad Reddy,38,Female,2023-07-07,Product_049,Home,1701.17,159
T000605,U0035,P049,42.07,Net Banking,2023-05-02,51.217999999999996,5,2025-07-26,98,Clothing,66.89,Muhammad Reddy,38,Female,2023-07-07,Product_049,Home,1701.17,159
T000605,U0035,P049,42.07,Net Banking,2023-05-02,51.217999999999996,5,2025-07-26,98,Home,42.07,Muhammad Reddy,38,Female,2023-07-07,Product_049,Home,1701.17,159
T000606,U0071,P042,45.35,Debit Card,2023-09-29,73.29333333333334,9,2024-12-21,315,Beauty,156.49,Kabir Roy,34,Female,2022-01-10,Product_042,Home,4406.39,59
T000606,U0071,P042,45.35,Debit Card,2023-09-29,73.29333333333334,9,2024-12-21,315,Books,36.11,Kabir Roy,34,Female,2022-01-10,Product_042,Home,4406.39,59
T000606,U0071,P042,45.35,Debit Card,2023-09-29,73.29333333333334,9,2024-12-21,315,Electronics,52.49,Kabir Roy,34,Female,2022-01-10,Product_042,Home,4406.39,59
T000606,U0071,P042,45.35,Debit Card,2023-09-29,73.29333333333334,9,2024-12-21,315,Grocery,29.53,Kabir Roy,34,Female,2022-01-10,Product_042,Home,4406.39,59
T000606,U0071,P042,45.35,Debit Card,2023-09-29,73.29333333333334,9,2024-12-21,315,Home,299.53,Kabir Roy,34,Female,2022-01-10,Product_042,Home,4406.39,59
T000606,U0071,P042,45.35,Debit Card,2023-09-29,73.29333333333334,9,2024-12-21,315,Sports,85.49,Kabir Roy,34,Female,2022-01-10,Product_042,Home,4406.39,59
T000607,U0064,P010,62.38,Wallet,2024-10-21,81.41333333333334,7,2025-03-15,231,Beauty,140.39,Ira Amin,22,Male,2024-09-10,Product_010,Sports,1315.44,77
T000607,U0064,P010,62.38,Wallet,2024-10-21,81.41333333333334,7,2025-03-15,231,Electronics,68.68,Ira Amin,22,Male,2024-09-10,Product_010,Sports,1315.44,77
T000607,U0064,P010,62.38,Wallet,2024-10-21,81.41333333333334,7,2025-03-15,231,Grocery,90.41,Ira Amin,22,Male,2024-09-10,Product_010,Sports,1315.44,77
T000607,U0064,P010,62.38,Wallet,2024-10-21,81.41333333333334,7,2025-03-15,231,Home,40.97,Ira Amin,22,Male,2024-09-10,Product_010,Sports,1315.44,77
T000607,U0064,P010,62.38,Wallet,2024-10-21,81.41333333333334,7,2025-03-15,231,Sports,122.71000000000001,Ira Amin,22,Male,2024-09-10,Product_010,Sports,1315.44,77
T000607,U0064,P010,62.38,Wallet,2024-10-21,81.41333333333334,7,2025-03-15,231,Toys,25.32,Ira Amin,22,Male,2024-09-10,Product_010,Sports,1315.44,77
T000608,U0064,P049,40.97,Wallet,2025-03-15,81.41333333333334,7,2025-03-15,231,Beauty,140.39,Ira Amin,22,Male,2024-09-10,Product_049,Home,1701.17,159
T000608,U0064,P049,40.97,Wallet,2025-03-15,81.41333333333334,7,2025-03-15,231,Electronics,68.68,Ira Amin,22,Male,2024-09-10,Product_049,Home,1701.17,159
T000608,U0064,P049,40.97,Wallet,2025-03-15,81.41333333333334,7,2025-03-15,231,Grocery,90.41,Ira Amin,22,Male,2024-09-10,Product_049,Home,1701.17,159
T000608,U0064,P049,40.97,Wallet,2025-03-15,81.41333333333334,7,2025-03-15,231,Home,40.97,Ira Amin,22,Male,2024-09-10,Product_049,Home,1701.17,159
T000608,U0064,P049,40.97,Wallet,2025-03-15,81.41333333333334,7,2025-03-15,231,Sports,122.71000000000001,Ira Amin,22,Male,2024-09-10,Product_049,Home,1701.17,159
T000608,U0064,P049,40.97,Wallet,2025-03-15,81.41333333333334,7,2025-03-15,231,Toys,25.32,Ira Amin,22,Male,2024-09-10,Product_049,Home,1701.17,159
T000609,U0126,P010,115.98,Cash,2024-07-04,79.38199999999999,6,2024-07-27,462,Beauty,47.24,Myra Gupta,49,Other,2022-08-29,Product_010,Sports,1315.44,77
T000609,U0126,P010,115.98,Cash,2024-07-04,79.38199999999999,6,2024-07-27,462,Books,16.46,Myra Gupta,49,Other,2022-08-29,Product_010,Sports,1315.44,77
T000609,U0126,P010,115.98,Cash,2024-07-04,79.38199999999999,6,2024-07-27,462,Home,68.66,Myra Gupta,49,Other,2022-08-29,Product_010,Sports,1315.44,77
T000609,U0126,P010,115.98,Cash,2024-07-04,79.38199999999999,6,2024-07-27,462,Sports,115.98,Myra Gupta,49,Other,2022-08-29,Product_010,Sports,1315.44,77
T000609,U0126,P010,115.98,Cash,2024-07-04,79.38199999999999,6,2024-07-27,462,Toys,148.57,Myra Gupta,49,Other,2022-08-29,Product_010,Sports,1315.44,77
T000610,U0161,P027,31.92,Net Banking,2025-07-14,59.246,5,2025-10-12,20,Beauty,89.47,Aarav Joshi,24,Female,2023-05-15,Product_027,Toys,2241.45,134
T000610,U0161,P027,31.92,Net Banking,2025-07-14,59.246,5,2025-10-12,20,Books,134.08,Aarav Joshi,24,Female,2023-05-15,Product_027,Toys,2241.45,134
T000610,U0161,P027,31.92,Net Banking,2025-07-14,59.246,5,2025-10-12,20,Sports,40.76,Aarav Joshi,24,Female,2023-05-15,Product_027,Toys,2241.45,134
T000610,U0161,P027,31.92,Net Banking,2025-07-14,59.246,5,2025-10-12,20,Toys,31.92,Aarav Joshi,24,Female,2023-05-15,Product_027,Toys,2241.45,134
T000611,U0020,P041,48.81,Credit Card,2025-04-05,71.65,4,2025-04-05,210,Clothing,123.15,Vivaan Ghosh,20,Male,2023-02-15,Product_041,Home,3218.83,273
T000611,U0020,P041,48.81,Credit Card,2025-04-05,71.65,4,2025-04-05,210,Grocery,36.71,Vivaan Ghosh,20,Male,2023-02-15,Product_041,Home,3218.83,273
T000611,U0020,P041,48.81,Credit Card,2025-04-05,71.65,4,2025-04-05,210,Home,48.81,Vivaan Ghosh,20,Male,2023-02-15,Product_041,Home,3218.83,273
T000611,U0020,P041,48.81,Credit Card,2025-04-05,71.65,4,2025-04-05,210,Toys,77.93,Vivaan Ghosh,20,Male,2023-02-15,Product_041,Home,3218.83,273
T000612,U0132,P048,41.94,UPI,2025-01-25,79.0025,6,2025-08-27,66,Beauty,52.58,Aarav Chopra,32,Female,2022-01-07,Product_048,Clothing,3666.72,295
T000612,U0132,P048,41.94,UPI,2025-01-25,79.0025,6,2025-08-27,66,Clothing,120.87,Aarav Chopra,32,Female,2022-01-07,Product_048,Clothing,3666.72,295
T000612,U0132,P048,41.94,UPI,2025-01-25,79.0025,6,2025-08-27,66,Electronics,20.06,Aarav Chopra,32,Female,2022-01-07,Product_048,Clothing,3666.72,295
T000612,U0132,P048,41.94,UPI,2025-01-25,79.0025,6,2025-08-27,66,Home,57.95,Aarav Chopra,32,Female,2022-01-07,Product_048,Clothing,3666.72,295
T000612,U0132,P048,41.94,UPI,2025-01-25,79.0025,6,2025-08-27,66,Toys,64.55,Aarav Chopra,32,Female,2022-01-07,Product_048,Clothing,3666.72,295
T000613,U0117,P032,130.08,UPI,2023-01-06,148.54888888888888,13,2025-09-06,56,Books,165.31,Aadhya Joshi,31,Female,2022-06-01,Product_032,Books,2913.02,176
T000613,U0117,P032,130.08,UPI,2023-01-06,148.54888888888888,13,2025-09-06,56,Clothing,790.84,Aadhya Joshi,31,Female,2022-06-01,Product_032,Books,2913.02,176
T000613,U0117,P032,130.08,UPI,2023-01-06,148.54888888888888,13,2025-09-06,56,Electronics,102.63,Aadhya Joshi,31,Female,2022-06-01,Product_032,Books,2913.02,176
T000613,U0117,P032,130.08,UPI,2023-01-06,148.54888888888888,13,2025-09-06,56,Grocery,127.18,Aadhya Joshi,31,Female,2022-06-01,Product_032,Books,2913.02,176
T000613,U0117,P032,130.08,UPI,2023-01-06,148.54888888888888,13,2025-09-06,56,Home,43.33,Aadhya Joshi,31,Female,2022-06-01,Product_032,Books,2913.02,176
T000613,U0117,P032,130.08,UPI,2023-01-06,148.54888888888888,13,2025-09-06,56,Sports,20.75,Aadhya Joshi,31,Female,2022-06-01,Product_032,Books,2913.02,176
T000613,U0117,P032,130.08,UPI,2023-01-06,148.54888888888888,13,2025-09-06,56,Toys,86.9,Aadhya Joshi,31,Female,2022-06-01,Product_032,Books,2913.02,176
T000614,U0199,P047,61.43,Credit Card,2025-07-27,76.08555555555556,9,2025-08-12,81,Books,288.35,Meera Roy,32,Male,2022-02-10,Product_047,Electronics,1846.57,300
T000614,U0199,P047,61.43,Credit Card,2025-07-27,76.08555555555556,9,2025-08-12,81,Clothing,40.28,Meera Roy,32,Male,2022-02-10,Product_047,Electronics,1846.57,300
T000614,U0199,P047,61.43,Credit Card,2025-07-27,76.08555555555556,9,2025-08-12,81,Electronics,61.43,Meera Roy,32,Male,2022-02-10,Product_047,Electronics,1846.57,300
T000614,U0199,P047,61.43,Credit Card,2025-07-27,76.08555555555556,9,2025-08-12,81,Home,255.7,Meera Roy,32,Male,2022-02-10,Product_047,Electronics,1846.57,300
T000614,U0199,P047,61.43,Credit Card,2025-07-27,76.08555555555556,9,2025-08-12,81,Sports,39.01,Meera Roy,32,Male,2022-02-10,Product_047,Electronics,1846.57,300
T000615,U0163,P043,101.4,Wallet,2025-01-03,127.97166666666668,7,2025-01-23,282,Beauty,76.58,Sara Khan,41,Other,2023-06-14,Product_043,Home,3416.65,309
T000615,U0163,P043,101.4,Wallet,2025-01-03,127.97166666666668,7,2025-01-23,282,Books,62.47,Sara Khan,41,Other,2023-06-14,Product_043,Home,3416.65,309
T000615,U0163,P043,101.4,Wallet,2025-01-03,127.97166666666668,7,2025-01-23,282,Clothing,58.96,Sara Khan,41,Other,2023-06-14,Product_043,Home,3416.65,309
T000615,U0163,P043,101.4,Wallet,2025-01-03,127.97166666666668,7,2025-01-23,282,Home,297.73,Sara Khan,41,Other,2023-06-14,Product_043,Home,3416.65,309
T000615,U0163,P043,101.4,Wallet,2025-01-03,127.97166666666668,7,2025-01-23,282,Toys,272.09000000000003,Sara Khan,41,Other,2023-06-14,Product_043,Home,3416.65,309
T000616,U0017,P035,22.39,Net Banking,2024-03-22,91.42,5,2025-09-07,55,Books,83.98,Ishaan Gupta,23,Other,2023-07-01,Product_035,Sports,2998.97,82
T000616,U0017,P035,22.39,Net Banking,2024-03-22,91.42,5,2025-09-07,55,Clothing,55.29,Ishaan Gupta,23,Other,2023-07-01,Product_035,Sports,2998.97,82
T000616,U0017,P035,22.39,Net Banking,2024-03-22,91.42,5,2025-09-07,55,Electronics,53.77,Ishaan Gupta,23,Other,2023-07-01,Product_035,Sports,2998.97,82
T000616,U0017,P035,22.39,Net Banking,2024-03-22,91.42,5,2025-09-07,55,Sports,22.39,Ishaan Gupta,23,Other,2023-07-01,Product_035,Sports,2998.97,82
T000616,U0017,P035,22.39,Net Banking,2024-03-22,91.42,5,2025-09-07,55,Toys,150.25,Ishaan Gupta,23,Other,2023-07-01,Product_035,Sports,2998.97,82
T000617,U0110,P014,64.09,Net Banking,2024-07-03,59.848,5,2025-09-10,52,Beauty,64.09,Saanvi Kulkarni,31,Other,2023-04-22,Product_014,Beauty,3844.95,467
T000617,U0110,P014,64.09,Net Banking,2024-07-03,59.848,5,2025-09-10,52,Clothing,103.32,Saanvi Kulkarni,31,Other,2023-04-22,Product_014,Beauty,3844.95,467
T000617,U0110,P014,64.09,Net Banking,2024-07-03,59.848,5,2025-09-10,52,Electronics,33.82,Saanvi Kulkarni,31,Other,2023-04-22,Product_014,Beauty,3844.95,467
T000617,U0110,P014,64.09,Net Banking,2024-07-03,59.848,5,2025-09-10,52,Sports,98.01,Saanvi Kulkarni,31,Other,2023-04-22,Product_014,Beauty,3844.95,467
T000618,U0083,P019,93.11,UPI,2023-09-25,59.12375,8,2025-10-23,9,Books,103.51,Arjun Khan,43,Male,2023-07-19,Product_019,Home,523.79,441
T000618,U0083,P019,93.11,UPI,2023-09-25,59.12375,8,2025-10-23,9,Clothing,71.42,Arjun Khan,43,Male,2023-07-19,Product_019,Home,523.79,441
T000618,U0083,P019,93.11,UPI,2023-09-25,59.12375,8,2025-10-23,9,Grocery,99.24000000000001,Arjun Khan,43,Male,2023-07-19,Product_019,Home,523.79,441
T000618,U0083,P019,93.11,UPI,2023-09-25,59.12375,8,2025-10-23,9,Home,140.98,Arjun Khan,43,Male,2023-07-19,Product_019,Home,523.79,441
T000618,U0083,P019,93.11,UPI,2023-09-25,59.12375,8,2025-10-23,9,Toys,57.84,Arjun Khan,43,Male,2023-07-19,Product_019,Home,523.79,441
T000619,U0145,P032,57.36,UPI,2023-04-10,67.94875,8,2025-03-29,217,Beauty,296.62,Aarav Kulkarni,34,Male,2022-05-10,Product_032,Books,2913.02,176
T000619,U0145,P032,57.36,UPI,2023-04-10,67.94875,8,2025-03-29,217,Books,141.0,Aarav Kulkarni,34,Male,2022-05-10,Product_032,Books,2913.02,176
T000619,U0145,P032,57.36,UPI,2023-04-10,67.94875,8,2025-03-29,217,Clothing,70.65,Aarav Kulkarni,34,Male,2022-05-10,Product_032,Books,2913.02,176
T000619,U0145,P032,57.36,UPI,2023-04-10,67.94875,8,2025-03-29,217,Home,35.32,Aarav Kulkarni,34,Male,2022-05-10,Product_032,Books,2913.02,176
T000620,U0012,P007,103.47,Wallet,2025-07-30,87.68714285714285,8,2025-10-05,27,Beauty,49.85,Aarohi Singh,28,Other,2024-06-25,Product_007,Books,2084.59,134
T000620,U0012,P007,103.47,Wallet,2025-07-30,87.68714285714285,8,2025-10-05,27,Books,185.72,Aarohi Singh,28,Other,2024-06-25,Product_007,Books,2084.59,134
T000620,U0012,P007,103.47,Wallet,2025-07-30,87.68714285714285,8,2025-10-05,27,Electronics,215.85,Aarohi Singh,28,Other,2024-06-25,Product_007,Books,2084.59,134
T000620,U0012,P007,103.47,Wallet,2025-07-30,87.68714285714285,8,2025-10-05,27,Grocery,54.06,Aarohi Singh,28,Other,2024-06-25,Product_007,Books,2084.59,134
T000620,U0012,P007,103.47,Wallet,2025-07-30,87.68714285714285,8,2025-10-05,27,Home,23.59,Aarohi Singh,28,Other,2024-06-25,Product_007,Books,2084.59,134
T000620,U0012,P007,103.47,Wallet,2025-07-30,87.68714285714285,8,2025-10-05,27,Toys,84.74,Aarohi Singh,28,Other,2024-06-25,Product_007,Books,2084.59,134
T000621,U0005,P008,40.03,Debit Card,2025-06-22,57.94833333333333,6,2025-06-22,132,Beauty,103.03,Sara Sharma,30,Other,2024-01-04,Product_008,Books,4534.16,161
T000621,U0005,P008,40.03,Debit Card,2025-06-22,57.94833333333333,6,2025-06-22,132,Books,68.07,Sara Sharma,30,Other,2024-01-04,Product_008,Books,4534.16,161
T000621,U0005,P008,40.03,Debit Card,2025-06-22,57.94833333333333,6,2025-06-22,132,Clothing,48.34,Sara Sharma,30,Other,2024-01-04,Product_008,Books,4534.16,161
T000621,U0005,P008,40.03,Debit Card,2025-06-22,57.94833333333333,6,2025-06-22,132,Home,128.25,Sara Sharma,30,Other,2024-01-04,Product_008,Books,4534.16,161
T000622,U0117,P001,127.18,Net Banking,2024-02-19,148.54888888888888,13,2025-09-06,56,Books,165.31,Aadhya Joshi,31,Female,2022-06-01,Product_001,Grocery,264.89,371
T000622,U0117,P001,127.18,Net Banking,2024-02-19,148.54888888888888,13,2025-09-06,56,Clothing,790.84,Aadhya Joshi,31,Female,2022-06-01,Product_001,Grocery,264.89,371
T000622,U0117,P001,127.18,Net Banking,2024-02-19,148.54888888888888,13,2025-09-06,56,Electronics,102.63,Aadhya Joshi,31,Female,2022-06-01,Product_001,Grocery,264.89,371
T000622,U0117,P001,127.18,Net Banking,2024-02-19,148.54888888888888,13,2025-09-06,56,Grocery,127.18,Aadhya Joshi,31,Female,2022-06-01,Product_001,Grocery,264.89,371
T000622,U0117,P001,127.18,Net Banking,2024-02-19,148.54888888888888,13,2025-09-06,56,Home,43.33,Aadhya Joshi,31,Female,2022-06-01,Product_001,Grocery,264.89,371
T000622,U0117,P001,127.18,Net Banking,2024-02-19,148.54888888888888,13,2025-09-06,56,Sports,20.75,Aadhya Joshi,31,Female,2022-06-01,Product_001,Grocery,264.89,371
T000622,U0117,P001,127.18,Net Banking,2024-02-19,148.54888888888888,13,2025-09-06,56,Toys,86.9,Aadhya Joshi,31,Female,2022-06-01,Product_001,Grocery,264.89,371
T000623,U0177,P009,216.88,Wallet,2024-09-10,77.21000000000001,5,2025-10-22,10,Clothing,252.76,Ishaan Verma,32,Male,2022-10-27,Product_009,Clothing,1799.44,163
T000623,U0177,P009,216.88,Wallet,2024-09-10,77.21000000000001,5,2025-10-22,10,Electronics,25.77,Ishaan Verma,32,Male,2022-10-27,Product_009,Clothing,1799.44,163
T000623,U0177,P009,216.88,Wallet,2024-09-10,77.21000000000001,5,2025-10-22,10,Home,38.34,Ishaan Verma,32,Male,2022-10-27,Product_009,Clothing,1799.44,163
T000623,U0177,P009,216.88,Wallet,2024-09-10,77.21000000000001,5,2025-10-22,10,Toys,69.18,Ishaan Verma,32,Male,2022-10-27,Product_009,Clothing,1799.44,163
T000624,U0041,P018,43.92,Credit Card,2025-01-08,96.9475,5,2025-09-18,44,Books,224.42000000000002,Sara Mukherjee,37,Male,2024-02-13,Product_018,Electronics,2390.82,158
T000624,U0041,P018,43.92,Credit Card,2025-01-08,96.9475,5,2025-09-18,44,Clothing,56.21,Sara Mukherjee,37,Male,2024-02-13,Product_018,Electronics,2390.82,158
T000624,U0041,P018,43.92,Credit Card,2025-01-08,96.9475,5,2025-09-18,44,Electronics,43.92,Sara Mukherjee,37,Male,2024-02-13,Product_018,Electronics,2390.82,158
T000624,U0041,P018,43.92,Credit Card,2025-01-08,96.9475,5,2025-09-18,44,Home,63.24,Sara Mukherjee,37,Male,2024-02-13,Product_018,Electronics,2390.82,158
T000625,U0065,P006,41.79,UPI,2023-12-05,58.0425,4,2025-10-12,20,Beauty,166.07,Ira Gupta,38,Male,2023-09-02,Product_006,Clothing,3250.7,481
T000625,U0065,P006,41.79,UPI,2023-12-05,58.0425,4,2025-10-12,20,Books,24.31,Ira Gupta,38,Male,2023-09-02,Product_006,Clothing,3250.7,481
T000625,U0065,P006,41.79,UPI,2023-12-05,58.0425,4,2025-10-12,20,Clothing,41.79,Ira Gupta,38,Male,2023-09-02,Product_006,Clothing,3250.7,481
T000626,U0014,P026,130.59,Wallet,2024-09-17,114.965,5,2025-01-30,275,Beauty,227.37,Sai Singh,18,Male,2024-06-06,Product_026,Beauty,3490.97,332
T000626,U0014,P026,130.59,Wallet,2024-09-17,114.965,5,2025-01-30,275,Electronics,52.85,Sai Singh,18,Male,2024-06-06,Product_026,Beauty,3490.97,332
T000626,U0014,P026,130.59,Wallet,2024-09-17,114.965,5,2025-01-30,275,Home,138.48,Sai Singh,18,Male,2024-06-06,Product_026,Beauty,3490.97,332
T000626,U0014,P026,130.59,Wallet,2024-09-17,114.965,5,2025-01-30,275,Sports,41.16,Sai Singh,18,Male,2024-06-06,Product_026,Beauty,3490.97,332
T000627,U0186,P045,140.86,Debit Card,2025-05-29,90.67000000000002,3,2025-09-29,33,Electronics,102.55,Saanvi Mukherjee,37,Female,2023-09-28,Product_045,Grocery,992.11,139
T000627,U0186,P045,140.86,Debit Card,2025-05-29,90.67000000000002,3,2025-09-29,33,Grocery,140.86,Saanvi Mukherjee,37,Female,2023-09-28,Product_045,Grocery,992.11,139
T000627,U0186,P045,140.86,Debit Card,2025-05-29,90.67000000000002,3,2025-09-29,33,Toys,28.6,Saanvi Mukherjee,37,Female,2023-09-28,Product_045,Grocery,992.11,139
T000628,U0168,P006,39.9,Wallet,2023-07-14,63.7575,5,2024-06-15,504,Books,82.74,Saanvi Mehta,47,Female,2023-06-28,Product_006,Clothing,3250.7,481
T000628,U0168,P006,39.9,Wallet,2023-07-14,63.7575,5,2024-06-15,504,Clothing,39.9,Saanvi Mehta,47,Female,2023-06-28,Product_006,Clothing,3250.7,481
T000628,U0168,P006,39.9,Wallet,2023-07-14,63.7575,5,2024-06-15,504,Grocery,106.16,Saanvi Mehta,47,Female,2023-06-28,Product_006,Clothing,3250.7,481
T000628,U0168,P006,39.9,Wallet,2023-07-14,63.7575,5,2024-06-15,504,Home,26.23,Saanvi Mehta,47,Female,2023-06-28,Product_006,Clothing,3250.7,481
T000629,U0001,P014,42.43,Net Banking,2023-06-09,77.47333333333334,3,2024-08-20,438,Beauty,42.43,Vihaan Sharma,35,Other,2022-09-08,Product_014,Beauty,3844.95,467
T000629,U0001,P014,42.43,Net Banking,2023-06-09,77.47333333333334,3,2024-08-20,438,Electronics,44.93,Vihaan Sharma,35,Other,2022-09-08,Product_014,Beauty,3844.95,467
T000629,U0001,P014,42.43,Net Banking,2023-06-09,77.47333333333334,3,2024-08-20,438,Grocery,145.06,Vihaan Sharma,35,Other,2022-09-08,Product_014,Beauty,3844.95,467
T000630,U0034,P038,46.11,Debit Card,2025-06-30,85.23375,9,2025-10-27,5,Beauty,103.98,Vihaan Singh,23,Other,2023-09-16,Product_038,Home,393.65,58
T000630,U0034,P038,46.11,Debit Card,2025-06-30,85.23375,9,2025-10-27,5,Books,84.49,Vihaan Singh,23,Other,2023-09-16,Product_038,Home,393.65,58
T000630,U0034,P038,46.11,Debit Card,2025-06-30,85.23375,9,2025-10-27,5,Clothing,51.52,Vihaan Singh,23,Other,2023-09-16,Product_038,Home,393.65,58
T000630,U0034,P038,46.11,Debit Card,2025-06-30,85.23375,9,2025-10-27,5,Electronics,39.12,Vihaan Singh,23,Other,2023-09-16,Product_038,Home,393.65,58
T000630,U0034,P038,46.11,Debit Card,2025-06-30,85.23375,9,2025-10-27,5,Grocery,247.26999999999998,Vihaan Singh,23,Other,2023-09-16,Product_038,Home,393.65,58
T000630,U0034,P038,46.11,Debit Card,2025-06-30,85.23375,9,2025-10-27,5,Home,46.11,Vihaan Singh,23,Other,2023-09-16,Product_038,Home,393.65,58
T000630,U0034,P038,46.11,Debit Card,2025-06-30,85.23375,9,2025-10-27,5,Sports,109.38,Vihaan Singh,23,Other,2023-09-16,Product_038,Home,393.65,58
T000631,U0003,P001,24.37,Wallet,2024-12-04,40.597500000000004,4,2025-11-01,0,Beauty,44.45,Aarohi Gupta,37,Other,2022-02-02,Product_001,Grocery,264.89,371
T000631,U0003,P001,24.37,Wallet,2024-12-04,40.597500000000004,4,2025-11-01,0,Books,34.7,Aarohi Gupta,37,Other,2022-02-02,Product_001,Grocery,264.89,371
T000631,U0003,P001,24.37,Wallet,2024-12-04,40.597500000000004,4,2025-11-01,0,Grocery,24.37,Aarohi Gupta,37,Other,2022-02-02,Product_001,Grocery,264.89,371
T000631,U0003,P001,24.37,Wallet,2024-12-04,40.597500000000004,4,2025-11-01,0,Home,58.87,Aarohi Gupta,37,Other,2022-02-02,Product_001,Grocery,264.89,371
T000632,U0031,P028,31.46,Wallet,2023-09-28,98.785,4,2025-10-17,15,Grocery,64.81,Aarohi Khan,27,Other,2022-04-25,Product_028,Home,3602.11,250
T000632,U0031,P028,31.46,Wallet,2023-09-28,98.785,4,2025-10-17,15,Home,330.33000000000004,Aarohi Khan,27,Other,2022-04-25,Product_028,Home,3602.11,250
T000633,U0123,P005,29.89,Debit Card,2025-02-23,51.17285714285714,7,2025-03-26,220,Beauty,172.5,Aarohi Roy,43,Male,2023-04-06,Product_005,Books,1178.99,18
T000633,U0123,P005,29.89,Debit Card,2025-02-23,51.17285714285714,7,2025-03-26,220,Books,106.53,Aarohi Roy,43,Male,2023-04-06,Product_005,Books,1178.99,18
T000633,U0123,P005,29.89,Debit Card,2025-02-23,51.17285714285714,7,2025-03-26,220,Clothing,12.75,Aarohi Roy,43,Male,2023-04-06,Product_005,Books,1178.99,18
T000633,U0123,P005,29.89,Debit Card,2025-02-23,51.17285714285714,7,2025-03-26,220,Home,66.43,Aarohi Roy,43,Male,2023-04-06,Product_005,Books,1178.99,18
T000634,U0023,P047,34.44,Credit Card,2023-07-31,49.03,5,2024-12-12,324,Beauty,30.77,Myra Reddy,32,Female,2022-09-10,Product_047,Electronics,1846.57,300
T000634,U0023,P047,34.44,Credit Card,2023-07-31,49.03,5,2024-12-12,324,Clothing,53.32,Myra Reddy,32,Female,2022-09-10,Product_047,Electronics,1846.57,300
T000634,U0023,P047,34.44,Credit Card,2023-07-31,49.03,5,2024-12-12,324,Electronics,34.44,Myra Reddy,32,Female,2022-09-10,Product_047,Electronics,1846.57,300
T000634,U0023,P047,34.44,Credit Card,2023-07-31,49.03,5,2024-12-12,324,Home,82.61,Myra Reddy,32,Female,2022-09-10,Product_047,Electronics,1846.57,300
T000634,U0023,P047,34.44,Credit Card,2023-07-31,49.03,5,2024-12-12,324,Sports,44.01,Myra Reddy,32,Female,2022-09-10,Product_047,Electronics,1846.57,300
T000635,U0081,P024,53.47,UPI,2023-10-08,67.868,6,2025-04-08,207,Clothing,74.56,Vivaan Gupta,30,Other,2024-04-29,Product_024,Home,2509.0,267
T000635,U0081,P024,53.47,UPI,2023-10-08,67.868,6,2025-04-08,207,Home,86.89,Vivaan Gupta,30,Other,2024-04-29,Product_024,Home,2509.0,267
T000635,U0081,P024,53.47,UPI,2023-10-08,67.868,6,2025-04-08,207,Sports,63.6,Vivaan Gupta,30,Other,2024-04-29,Product_024,Home,2509.0,267
T000635,U0081,P024,53.47,UPI,2023-10-08,67.868,6,2025-04-08,207,Toys,114.28999999999999,Vivaan Gupta,30,Other,2024-04-29,Product_024,Home,2509.0,267
T000636,U0098,P050,62.84,Debit Card,2023-10-20,66.34666666666668,3,2024-08-26,432,Grocery,82.2,Ishaan Iyer,34,Other,2022-02-09,Product_050,Toys,2833.37,45
T000636,U0098,P050,62.84,Debit Card,2023-10-20,66.34666666666668,3,2024-08-26,432,Sports,54.0,Ishaan Iyer,34,Other,2022-02-09,Product_050,Toys,2833.37,45
T000636,U0098,P050,62.84,Debit Card,2023-10-20,66.34666666666668,3,2024-08-26,432,Toys,62.84,Ishaan Iyer,34,Other,2022-02-09,Product_050,Toys,2833.37,45
T000637,U0018,P034,138.42,Cash,2023-01-18,116.02000000000001,5,2024-11-27,339,Books,138.42,Sai Iyer,34,Female,2022-10-04,Product_034,Books,474.01,362
T000637,U0018,P034,138.42,Cash,2023-01-18,116.02000000000001,5,2024-11-27,339,Electronics,104.94,Sai Iyer,34,Female,2022-10-04,Product_034,Books,474.01,362
T000637,U0018,P034,138.42,Cash,2023-01-18,116.02000000000001,5,2024-11-27,339,Grocery,297.81,Sai Iyer,34,Female,2022-10-04,Product_034,Books,474.01,362
T000637,U0018,P034,138.42,Cash,2023-01-18,116.02000000000001,5,2024-11-27,339,Sports,38.93,Sai Iyer,34,Female,2022-10-04,Product_034,Books,474.01,362
T000638,U0157,P042,29.99,Debit Card,2025-06-20,45.112,5,2025-06-20,134,Beauty,79.79,Aarohi Joshi,46,Female,2024-04-25,Product_042,Home,4406.39,59
T000638,U0157,P042,29.99,Debit Card,2025-06-20,45.112,5,2025-06-20,134,Books,25.98,Aarohi Joshi,46,Female,2024-04-25,Product_042,Home,4406.39,59
T000638,U0157,P042,29.99,Debit Card,2025-06-20,45.112,5,2025-06-20,134,Electronics,47.16,Aarohi Joshi,46,Female,2024-04-25,Product_042,Home,4406.39,59
T000638,U0157,P042,29.99,Debit Card,2025-06-20,45.112,5,2025-06-20,134,Grocery,42.64,Aarohi Joshi,46,Female,2024-04-25,Product_042,Home,4406.39,59
T000638,U0157,P042,29.99,Debit Card,2025-06-20,45.112,5,2025-06-20,134,Home,29.99,Aarohi Joshi,46,Female,2024-04-25,Product_042,Home,4406.39,59
T000639,U0090,P047,98.55,Debit Card,2023-11-07,57.08,5,2025-03-13,233,Books,97.86,Sai Iyer,36,Male,2022-01-26,Product_047,Electronics,1846.57,300
T000639,U0090,P047,98.55,Debit Card,2023-11-07,57.08,5,2025-03-13,233,Electronics,98.55,Sai Iyer,36,Male,2022-01-26,Product_047,Electronics,1846.57,300
T000639,U0090,P047,98.55,Debit Card,2023-11-07,57.08,5,2025-03-13,233,Home,27.84,Sai Iyer,36,Male,2022-01-26,Product_047,Electronics,1846.57,300
T000639,U0090,P047,98.55,Debit Card,2023-11-07,57.08,5,2025-03-13,233,Sports,41.62,Sai Iyer,36,Male,2022-01-26,Product_047,Electronics,1846.57,300
T000639,U0090,P047,98.55,Debit Card,2023-11-07,57.08,5,2025-03-13,233,Toys,19.53,Sai Iyer,36,Male,2022-01-26,Product_047,Electronics,1846.57,300
T000640,U0106,P040,48.02,Wallet,2025-06-25,50.555,5,2025-08-25,68,Clothing,38.0,Aadhya Singh,35,Other,2022-07-16,Product_040,Grocery,4011.76,36
T000640,U0106,P040,48.02,Wallet,2025-06-25,50.555,5,2025-08-25,68,Electronics,44.22,Aadhya Singh,35,Other,2022-07-16,Product_040,Grocery,4011.76,36
T000640,U0106,P040,48.02,Wallet,2025-06-25,50.555,5,2025-08-25,68,Grocery,48.02,Aadhya Singh,35,Other,2022-07-16,Product_040,Grocery,4011.76,36
T000640,U0106,P040,48.02,Wallet,2025-06-25,50.555,5,2025-08-25,68,Toys,71.97999999999999,Aadhya Singh,35,Other,2022-07-16,Product_040,Grocery,4011.76,36
T000641,U0056,P006,53.0,Credit Card,2023-10-14,77.48333333333333,3,2025-03-26,220,Beauty,38.77,Aarohi Patel,39,Male,2024-05-06,Product_006,Clothing,3250.7,481
T000641,U0056,P006,53.0,Credit Card,2023-10-14,77.48333333333333,3,2025-03-26,220,Books,140.68,Aarohi Patel,39,Male,2024-05-06,Product_006,Clothing,3250.7,481
T000641,U0056,P006,53.0,Credit Card,2023-10-14,77.48333333333333,3,2025-03-26,220,Clothing,53.0,Aarohi Patel,39,Male,2024-05-06,Product_006,Clothing,3250.7,481
T000642,U0193,P008,81.85,Cash,2025-02-25,88.7475,5,2025-02-25,249,Books,136.95999999999998,Ishaan Chopra,33,Other,2023-03-12,Product_008,Books,4534.16,161
T000642,U0193,P008,81.85,Cash,2025-02-25,88.7475,5,2025-02-25,249,Electronics,91.61,Ishaan Chopra,33,Other,2023-03-12,Product_008,Books,4534.16,161
T000642,U0193,P008,81.85,Cash,2025-02-25,88.7475,5,2025-02-25,249,Grocery,126.42,Ishaan Chopra,33,Other,2023-03-12,Product_008,Books,4534.16,161
T000643,U0090,P028,27.84,UPI,2023-10-14,57.08,5,2025-03-13,233,Books,97.86,Sai Iyer,36,Male,2022-01-26,Product_028,Home,3602.11,250
T000643,U0090,P028,27.84,UPI,2023-10-14,57.08,5,2025-03-13,233,Electronics,98.55,Sai Iyer,36,Male,2022-01-26,Product_028,Home,3602.11,250
T000643,U0090,P028,27.84,UPI,2023-10-14,57.08,5,2025-03-13,233,Home,27.84,Sai Iyer,36,Male,2022-01-26,Product_028,Home,3602.11,250
T000643,U0090,P028,27.84,UPI,2023-10-14,57.08,5,2025-03-13,233,Sports,41.62,Sai Iyer,36,Male,2022-01-26,Product_028,Home,3602.11,250
T000643,U0090,P028,27.84,UPI,2023-10-14,57.08,5,2025-03-13,233,Toys,19.53,Sai Iyer,36,Male,2022-01-26,Product_028,Home,3602.11,250
T000644,U0064,P018,68.68,Wallet,2023-06-22,81.41333333333334,7,2025-03-15,231,Beauty,140.39,Ira Amin,22,Male,2024-09-10,Product_018,Electronics,2390.82,158
T000644,U0064,P018,68.68,Wallet,2023-06-22,81.41333333333334,7,2025-03-15,231,Electronics,68.68,Ira Amin,22,Male,2024-09-10,Product_018,Electronics,2390.82,158
T000644,U0064,P018,68.68,Wallet,2023-06-22,81.41333333333334,7,2025-03-15,231,Grocery,90.41,Ira Amin,22,Male,2024-09-10,Product_018,Electronics,2390.82,158
T000644,U0064,P018,68.68,Wallet,2023-06-22,81.41333333333334,7,2025-03-15,231,Home,40.97,Ira Amin,22,Male,2024-09-10,Product_018,Electronics,2390.82,158
T000644,U0064,P018,68.68,Wallet,2023-06-22,81.41333333333334,7,2025-03-15,231,Sports,122.71000000000001,Ira Amin,22,Male,2024-09-10,Product_018,Electronics,2390.82,158
T000644,U0064,P018,68.68,Wallet,2023-06-22,81.41333333333334,7,2025-03-15,231,Toys,25.32,Ira Amin,22,Male,2024-09-10,Product_018,Electronics,2390.82,158
T000645,U0064,P036,60.33,Cash,2024-08-06,81.41333333333334,7,2025-03-15,231,Beauty,140.39,Ira Amin,22,Male,2024-09-10,Product_036,Sports,1650.69,388
T000645,U0064,P036,60.33,Cash,2024-08-06,81.41333333333334,7,2025-03-15,231,Electronics,68.68,Ira Amin,22,Male,2024-09-10,Product_036,Sports,1650.69,388
T000645,U0064,P036,60.33,Cash,2024-08-06,81.41333333333334,7,2025-03-15,231,Grocery,90.41,Ira Amin,22,Male,2024-09-10,Product_036,Sports,1650.69,388
T000645,U0064,P036,60.33,Cash,2024-08-06,81.41333333333334,7,2025-03-15,231,Home,40.97,Ira Amin,22,Male,2024-09-10,Product_036,Sports,1650.69,388
T000645,U0064,P036,60.33,Cash,2024-08-06,81.41333333333334,7,2025-03-15,231,Sports,122.71000000000001,Ira Amin,22,Male,2024-09-10,Product_036,Sports,1650.69,388
T000645,U0064,P036,60.33,Cash,2024-08-06,81.41333333333334,7,2025-03-15,231,Toys,25.32,Ira Amin,22,Male,2024-09-10,Product_036,Sports,1650.69,388
T000646,U0200,P045,73.37,Credit Card,2024-09-09,57.14833333333333,6,2025-08-24,69,Books,80.5,Kiara Nair,22,Other,2022-01-27,Product_045,Grocery,992.11,139
T000646,U0200,P045,73.37,Credit Card,2024-09-09,57.14833333333333,6,2025-08-24,69,Clothing,44.29,Kiara Nair,22,Other,2022-01-27,Product_045,Grocery,992.11,139
T000646,U0200,P045,73.37,Credit Card,2024-09-09,57.14833333333333,6,2025-08-24,69,Electronics,25.33,Kiara Nair,22,Other,2022-01-27,Product_045,Grocery,992.11,139
T000646,U0200,P045,73.37,Credit Card,2024-09-09,57.14833333333333,6,2025-08-24,69,Grocery,73.37,Kiara Nair,22,Other,2022-01-27,Product_045,Grocery,992.11,139
T000646,U0200,P045,73.37,Credit Card,2024-09-09,57.14833333333333,6,2025-08-24,69,Home,38.65,Kiara Nair,22,Other,2022-01-27,Product_045,Grocery,992.11,139
T000646,U0200,P045,73.37,Credit Card,2024-09-09,57.14833333333333,6,2025-08-24,69,Toys,80.75,Kiara Nair,22,Other,2022-01-27,Product_045,Grocery,992.11,139
T000647,U0053,P034,64.94,Cash,2024-01-22,52.748000000000005,5,2025-05-09,176,Books,114.33,Anaya Patel,26,Male,2022-07-14,Product_034,Books,474.01,362
T000647,U0053,P034,64.94,Cash,2024-01-22,52.748000000000005,5,2025-05-09,176,Grocery,29.02,Anaya Patel,26,Male,2022-07-14,Product_034,Books,474.01,362
T000647,U0053,P034,64.94,Cash,2024-01-22,52.748000000000005,5,2025-05-09,176,Home,24.52,Anaya Patel,26,Male,2022-07-14,Product_034,Books,474.01,362
T000647,U0053,P034,64.94,Cash,2024-01-22,52.748000000000005,5,2025-05-09,176,Toys,95.87,Anaya Patel,26,Male,2022-07-14,Product_034,Books,474.01,362
T000648,U0192,P026,238.22,UPI,2023-04-22,121.93,4,2024-05-11,539,Beauty,238.22,Kabir Roy,38,Male,2024-08-04,Product_026,Beauty,3490.97,332
T000648,U0192,P026,238.22,UPI,2023-04-22,121.93,4,2024-05-11,539,Grocery,112.25,Kabir Roy,38,Male,2024-08-04,Product_026,Beauty,3490.97,332
T000648,U0192,P026,238.22,UPI,2023-04-22,121.93,4,2024-05-11,539,Home,137.25,Kabir Roy,38,Male,2024-08-04,Product_026,Beauty,3490.97,332
T000649,U0062,P032,37.24,Net Banking,2023-08-19,68.21714285714286,7,2025-07-02,122,Beauty,114.33000000000001,Muhammad Verma,30,Other,2022-03-04,Product_032,Books,2913.02,176
T000649,U0062,P032,37.24,Net Banking,2023-08-19,68.21714285714286,7,2025-07-02,122,Books,225.56,Muhammad Verma,30,Other,2022-03-04,Product_032,Books,2913.02,176
T000649,U0062,P032,37.24,Net Banking,2023-08-19,68.21714285714286,7,2025-07-02,122,Home,102.34,Muhammad Verma,30,Other,2022-03-04,Product_032,Books,2913.02,176
T000649,U0062,P032,37.24,Net Banking,2023-08-19,68.21714285714286,7,2025-07-02,122,Toys,35.29,Muhammad Verma,30,Other,2022-03-04,Product_032,Books,2913.02,176
T000650,U0062,P032,39.7,Wallet,2023-05-26,68.21714285714286,7,2025-07-02,122,Beauty,114.33000000000001,Muhammad Verma,30,Other,2022-03-04,Product_032,Books,2913.02,176
T000650,U0062,P032,39.7,Wallet,2023-05-26,68.21714285714286,7,2025-07-02,122,Books,225.56,Muhammad Verma,30,Other,2022-03-04,Product_032,Books,2913.02,176
T000650,U0062,P032,39.7,Wallet,2023-05-26,68.21714285714286,7,2025-07-02,122,Home,102.34,Muhammad Verma,30,Other,2022-03-04,Product_032,Books,2913.02,176
T000650,U0062,P032,39.7,Wallet,2023-05-26,68.21714285714286,7,2025-07-02,122,Toys,35.29,Muhammad Verma,30,Other,2022-03-04,Product_032,Books,2913.02,176
T000651,U0136,P001,37.57,UPI,2024-10-10,86.9,5,2025-03-06,240,Books,92.16,Anaya Bose,44,Other,2024-05-10,Product_001,Grocery,264.89,371
T000651,U0136,P001,37.57,UPI,2024-10-10,86.9,5,2025-03-06,240,Clothing,54.93,Anaya Bose,44,Other,2024-05-10,Product_001,Grocery,264.89,371
T000651,U0136,P001,37.57,UPI,2024-10-10,86.9,5,2025-03-06,240,Grocery,37.57,Anaya Bose,44,Other,2024-05-10,Product_001,Grocery,264.89,371
T000651,U0136,P001,37.57,UPI,2024-10-10,86.9,5,2025-03-06,240,Home,162.94,Anaya Bose,44,Other,2024-05-10,Product_001,Grocery,264.89,371
T000652,U0034,P025,39.12,Cash,2025-05-11,85.23375,9,2025-10-27,5,Beauty,103.98,Vihaan Singh,23,Other,2023-09-16,Product_025,Electronics,1408.97,272
T000652,U0034,P025,39.12,Cash,2025-05-11,85.23375,9,2025-10-27,5,Books,84.49,Vihaan Singh,23,Other,2023-09-16,Product_025,Electronics,1408.97,272
T000652,U0034,P025,39.12,Cash,2025-05-11,85.23375,9,2025-10-27,5,Clothing,51.52,Vihaan Singh,23,Other,2023-09-16,Product_025,Electronics,1408.97,272
T000652,U0034,P025,39.12,Cash,2025-05-11,85.23375,9,2025-10-27,5,Electronics,39.12,Vihaan Singh,23,Other,2023-09-16,Product_025,Electronics,1408.97,272
T000652,U0034,P025,39.12,Cash,2025-05-11,85.23375,9,2025-10-27,5,Grocery,247.26999999999998,Vihaan Singh,23,Other,2023-09-16,Product_025,Electronics,1408.97,272
T000652,U0034,P025,39.12,Cash,2025-05-11,85.23375,9,2025-10-27,5,Home,46.11,Vihaan Singh,23,Other,2023-09-16,Product_025,Electronics,1408.97,272
T000652,U0034,P025,39.12,Cash,2025-05-11,85.23375,9,2025-10-27,5,Sports,109.38,Vihaan Singh,23,Other,2023-09-16,Product_025,Electronics,1408.97,272
T000653,U0094,P035,37.25,Wallet,2023-12-20,63.004,5,2025-07-26,98,Beauty,74.34,Kabir Ghosh,29,Male,2023-11-07,Product_035,Sports,2998.97,82
T000653,U0094,P035,37.25,Wallet,2023-12-20,63.004,5,2025-07-26,98,Books,161.98,Kabir Ghosh,29,Male,2023-11-07,Product_035,Sports,2998.97,82
T000653,U0094,P035,37.25,Wallet,2023-12-20,63.004,5,2025-07-26,98,Home,31.85,Kabir Ghosh,29,Male,2023-11-07,Product_035,Sports,2998.97,82
T000653,U0094,P035,37.25,Wallet,2023-12-20,63.004,5,2025-07-26,98,Sports,37.25,Kabir Ghosh,29,Male,2023-11-07,Product_035,Sports,2998.97,82
T000653,U0094,P035,37.25,Wallet,2023-12-20,63.004,5,2025-07-26,98,Toys,9.6,Kabir Ghosh,29,Male,2023-11-07,Product_035,Sports,2998.97,82
T000654,U0196,P031,111.43,Credit Card,2023-02-04,88.99714285714286,7,2025-08-21,72,Beauty,94.92999999999999,Kabir Kulkarni,35,Other,2024-08-01,Product_031,Grocery,3035.94,111
T000654,U0196,P031,111.43,Credit Card,2023-02-04,88.99714285714286,7,2025-08-21,72,Books,196.74,Kabir Kulkarni,35,Other,2024-08-01,Product_031,Grocery,3035.94,111
T000654,U0196,P031,111.43,Credit Card,2023-02-04,88.99714285714286,7,2025-08-21,72,Grocery,226.74,Kabir Kulkarni,35,Other,2024-08-01,Product_031,Grocery,3035.94,111
T000654,U0196,P031,111.43,Credit Card,2023-02-04,88.99714285714286,7,2025-08-21,72,Home,104.57,Kabir Kulkarni,35,Other,2024-08-01,Product_031,Grocery,3035.94,111
T000655,U0151,P005,128.03,Credit Card,2024-06-20,71.11875,8,2025-03-26,220,Beauty,33.2,Kabir Kulkarni,34,Male,2024-03-12,Product_005,Books,1178.99,18
T000655,U0151,P005,128.03,Credit Card,2024-06-20,71.11875,8,2025-03-26,220,Books,263.46,Kabir Kulkarni,34,Male,2024-03-12,Product_005,Books,1178.99,18
T000655,U0151,P005,128.03,Credit Card,2024-06-20,71.11875,8,2025-03-26,220,Clothing,136.95,Kabir Kulkarni,34,Male,2024-03-12,Product_005,Books,1178.99,18
T000655,U0151,P005,128.03,Credit Card,2024-06-20,71.11875,8,2025-03-26,220,Sports,79.01,Kabir Kulkarni,34,Male,2024-03-12,Product_005,Books,1178.99,18
T000655,U0151,P005,128.03,Credit Card,2024-06-20,71.11875,8,2025-03-26,220,Toys,56.33,Kabir Kulkarni,34,Male,2024-03-12,Product_005,Books,1178.99,18
T000656,U0056,P003,38.77,Credit Card,2025-03-26,77.48333333333333,3,2025-03-26,220,Beauty,38.77,Aarohi Patel,39,Male,2024-05-06,Product_003,Beauty,3027.98,127
T000656,U0056,P003,38.77,Credit Card,2025-03-26,77.48333333333333,3,2025-03-26,220,Books,140.68,Aarohi Patel,39,Male,2024-05-06,Product_003,Beauty,3027.98,127
T000656,U0056,P003,38.77,Credit Card,2025-03-26,77.48333333333333,3,2025-03-26,220,Clothing,53.0,Aarohi Patel,39,Male,2024-05-06,Product_003,Beauty,3027.98,127
T000657,U0130,P019,33.13,Wallet,2025-10-23,35.656,5,2025-10-23,9,Books,33.62,Anaya Kapoor,27,Female,2022-03-05,Product_019,Home,523.79,441
T000657,U0130,P019,33.13,Wallet,2025-10-23,35.656,5,2025-10-23,9,Electronics,91.47999999999999,Anaya Kapoor,27,Female,2022-03-05,Product_019,Home,523.79,441
T000657,U0130,P019,33.13,Wallet,2025-10-23,35.656,5,2025-10-23,9,Home,53.18000000000001,Anaya Kapoor,27,Female,2022-03-05,Product_019,Home,523.79,441
T000658,U0197,P027,72.45,Net Banking,2025-04-03,61.105000000000004,4,2025-10-26,6,Clothing,171.97,Kabir Roy,24,Male,2023-12-07,Product_027,Toys,2241.45,134
T000658,U0197,P027,72.45,Net Banking,2025-04-03,61.105000000000004,4,2025-10-26,6,Toys,72.45,Kabir Roy,24,Male,2023-12-07,Product_027,Toys,2241.45,134
T000659,U0022,P041,39.2,Cash,2023-11-09,65.67,5,2025-04-27,188,Books,43.6,Anaya Das,30,Other,2023-02-10,Product_041,Home,3218.83,273
T000659,U0022,P041,39.2,Cash,2023-11-09,65.67,5,2025-04-27,188,Clothing,71.92,Anaya Das,30,Other,2023-02-10,Product_041,Home,3218.83,273
T000659,U0022,P041,39.2,Cash,2023-11-09,65.67,5,2025-04-27,188,Home,134.29000000000002,Anaya Das,30,Other,2023-02-10,Product_041,Home,3218.83,273
T000659,U0022,P041,39.2,Cash,2023-11-09,65.67,5,2025-04-27,188,Toys,78.54,Anaya Das,30,Other,2023-02-10,Product_041,Home,3218.83,273
T000660,U0072,P006,79.82,UPI,2023-06-11,72.58,5,2025-05-08,177,Beauty,69.75,Myra Kulkarni,44,Other,2022-03-17,Product_006,Clothing,3250.7,481
T000660,U0072,P006,79.82,UPI,2023-06-11,72.58,5,2025-05-08,177,Clothing,79.82,Myra Kulkarni,44,Other,2022-03-17,Product_006,Clothing,3250.7,481
T000660,U0072,P006,79.82,UPI,2023-06-11,72.58,5,2025-05-08,177,Electronics,14.6,Myra Kulkarni,44,Other,2022-03-17,Product_006,Clothing,3250.7,481
T000660,U0072,P006,79.82,UPI,2023-06-11,72.58,5,2025-05-08,177,Home,157.98,Myra Kulkarni,44,Other,2022-03-17,Product_006,Clothing,3250.7,481
T000660,U0072,P006,79.82,UPI,2023-06-11,72.58,5,2025-05-08,177,Sports,40.75,Myra Kulkarni,44,Other,2022-03-17,Product_006,Clothing,3250.7,481
T000661,U0131,P014,61.67,Debit Card,2024-10-31,73.65,5,2025-07-23,101,Beauty,61.67,Muhammad Mukherjee,19,Female,2024-08-26,Product_014,Beauty,3844.95,467
T000661,U0131,P014,61.67,Debit Card,2024-10-31,73.65,5,2025-07-23,101,Clothing,37.83,Muhammad Mukherjee,19,Female,2024-08-26,Product_014,Beauty,3844.95,467
T000661,U0131,P014,61.67,Debit Card,2024-10-31,73.65,5,2025-07-23,101,Home,57.89,Muhammad Mukherjee,19,Female,2024-08-26,Product_014,Beauty,3844.95,467
T000661,U0131,P014,61.67,Debit Card,2024-10-31,73.65,5,2025-07-23,101,Sports,146.23,Muhammad Mukherjee,19,Female,2024-08-26,Product_014,Beauty,3844.95,467
T000661,U0131,P014,61.67,Debit Card,2024-10-31,73.65,5,2025-07-23,101,Toys,64.63,Muhammad Mukherjee,19,Female,2024-08-26,Product_014,Beauty,3844.95,467
T000662,U0101,P038,21.99,Wallet,2023-05-16,32.67,2,2024-09-04,423,Grocery,43.35,Aadhya Chopra,20,Male,2022-02-15,Product_038,Home,393.65,58
T000662,U0101,P038,21.99,Wallet,2023-05-16,32.67,2,2024-09-04,423,Home,21.99,Aadhya Chopra,20,Male,2022-02-15,Product_038,Home,393.65,58
T000663,U0080,P045,138.17,Net Banking,2024-05-03,62.012857142857136,7,2025-04-15,200,Clothing,59.05,Ishaan Amin,18,Female,2024-07-16,Product_045,Grocery,992.11,139
T000663,U0080,P045,138.17,Net Banking,2024-05-03,62.012857142857136,7,2025-04-15,200,Electronics,101.83,Ishaan Amin,18,Female,2024-07-16,Product_045,Grocery,992.11,139
T000663,U0080,P045,138.17,Net Banking,2024-05-03,62.012857142857136,7,2025-04-15,200,Grocery,138.17,Ishaan Amin,18,Female,2024-07-16,Product_045,Grocery,992.11,139
T000663,U0080,P045,138.17,Net Banking,2024-05-03,62.012857142857136,7,2025-04-15,200,Home,43.27,Ishaan Amin,18,Female,2024-07-16,Product_045,Grocery,992.11,139
T000663,U0080,P045,138.17,Net Banking,2024-05-03,62.012857142857136,7,2025-04-15,200,Sports,91.77,Ishaan Amin,18,Female,2024-07-16,Product_045,Grocery,992.11,139
T000664,U0015,P016,160.38,Credit Card,2025-06-08,110.26249999999999,5,2025-06-08,146,Books,350.07,Vihaan Bose,18,Female,2023-10-13,Product_016,Books,807.27,58
T000664,U0015,P016,160.38,Credit Card,2025-06-08,110.26249999999999,5,2025-06-08,146,Grocery,43.71,Vihaan Bose,18,Female,2023-10-13,Product_016,Books,807.27,58
T000664,U0015,P016,160.38,Credit Card,2025-06-08,110.26249999999999,5,2025-06-08,146,Home,47.27,Vihaan Bose,18,Female,2023-10-13,Product_016,Books,807.27,58
T000665,U0030,P030,37.8,Cash,2023-04-23,84.85857142857142,9,2025-09-29,33,Beauty,168.95,Aarohi Sharma,29,Other,2023-11-30,Product_030,Home,685.55,28
T000665,U0030,P030,37.8,Cash,2023-04-23,84.85857142857142,9,2025-09-29,33,Books,176.11,Aarohi Sharma,29,Other,2023-11-30,Product_030,Home,685.55,28
T000665,U0030,P030,37.8,Cash,2023-04-23,84.85857142857142,9,2025-09-29,33,Electronics,102.74,Aarohi Sharma,29,Other,2023-11-30,Product_030,Home,685.55,28
T000665,U0030,P030,37.8,Cash,2023-04-23,84.85857142857142,9,2025-09-29,33,Home,146.21,Aarohi Sharma,29,Other,2023-11-30,Product_030,Home,685.55,28
T000666,U0080,P043,43.27,Wallet,2023-12-26,62.012857142857136,7,2025-04-15,200,Clothing,59.05,Ishaan Amin,18,Female,2024-07-16,Product_043,Home,3416.65,309
T000666,U0080,P043,43.27,Wallet,2023-12-26,62.012857142857136,7,2025-04-15,200,Electronics,101.83,Ishaan Amin,18,Female,2024-07-16,Product_043,Home,3416.65,309
T000666,U0080,P043,43.27,Wallet,2023-12-26,62.012857142857136,7,2025-04-15,200,Grocery,138.17,Ishaan Amin,18,Female,2024-07-16,Product_043,Home,3416.65,309
T000666,U0080,P043,43.27,Wallet,2023-12-26,62.012857142857136,7,2025-04-15,200,Home,43.27,Ishaan Amin,18,Female,2024-07-16,Product_043,Home,3416.65,309
T000666,U0080,P043,43.27,Wallet,2023-12-26,62.012857142857136,7,2025-04-15,200,Sports,91.77,Ishaan Amin,18,Female,2024-07-16,Product_043,Home,3416.65,309
T000667,U0031,P001,64.81,Wallet,2023-10-09,98.785,4,2025-10-17,15,Grocery,64.81,Aarohi Khan,27,Other,2022-04-25,Product_001,Grocery,264.89,371
T000667,U0031,P001,64.81,Wallet,2023-10-09,98.785,4,2025-10-17,15,Home,330.33000000000004,Aarohi Khan,27,Other,2022-04-25,Product_001,Grocery,264.89,371
T000668,U0180,P001,66.73,Debit Card,2025-10-13,69.09142857142858,7,2025-10-13,19,Clothing,190.78,Reyansh Verma,53,Female,2022-04-27,Product_001,Grocery,264.89,371
T000668,U0180,P001,66.73,Debit Card,2025-10-13,69.09142857142858,7,2025-10-13,19,Grocery,221.44,Reyansh Verma,53,Female,2022-04-27,Product_001,Grocery,264.89,371
T000668,U0180,P001,66.73,Debit Card,2025-10-13,69.09142857142858,7,2025-10-13,19,Home,41.25,Reyansh Verma,53,Female,2022-04-27,Product_001,Grocery,264.89,371
T000668,U0180,P001,66.73,Debit Card,2025-10-13,69.09142857142858,7,2025-10-13,19,Sports,30.17,Reyansh Verma,53,Female,2022-04-27,Product_001,Grocery,264.89,371
T000669,U0089,P034,81.05,Cash,2024-06-14,66.04666666666667,7,2025-02-11,263,Books,81.05,Kiara Kulkarni,27,Other,2024-08-05,Product_034,Books,474.01,362
T000669,U0089,P034,81.05,Cash,2024-06-14,66.04666666666667,7,2025-02-11,263,Clothing,128.41,Kiara Kulkarni,27,Other,2024-08-05,Product_034,Books,474.01,362
T000669,U0089,P034,81.05,Cash,2024-06-14,66.04666666666667,7,2025-02-11,263,Electronics,123.55000000000001,Kiara Kulkarni,27,Other,2024-08-05,Product_034,Books,474.01,362
T000669,U0089,P034,81.05,Cash,2024-06-14,66.04666666666667,7,2025-02-11,263,Grocery,27.79,Kiara Kulkarni,27,Other,2024-08-05,Product_034,Books,474.01,362
T000669,U0089,P034,81.05,Cash,2024-06-14,66.04666666666667,7,2025-02-11,263,Home,35.48,Kiara Kulkarni,27,Other,2024-08-05,Product_034,Books,474.01,362
T000670,U0043,P024,182.39,Debit Card,2024-07-04,95.22,7,2025-06-23,131,Beauty,102.49,Ira Roy,31,Male,2022-08-19,Product_024,Home,2509.0,267
T000670,U0043,P024,182.39,Debit Card,2024-07-04,95.22,7,2025-06-23,131,Books,168.36,Ira Roy,31,Male,2022-08-19,Product_024,Home,2509.0,267
T000670,U0043,P024,182.39,Debit Card,2024-07-04,95.22,7,2025-06-23,131,Grocery,55.58,Ira Roy,31,Male,2022-08-19,Product_024,Home,2509.0,267
T000670,U0043,P024,182.39,Debit Card,2024-07-04,95.22,7,2025-06-23,131,Home,322.53999999999996,Ira Roy,31,Male,2022-08-19,Product_024,Home,2509.0,267
T000670,U0043,P024,182.39,Debit Card,2024-07-04,95.22,7,2025-06-23,131,Toys,17.57,Ira Roy,31,Male,2022-08-19,Product_024,Home,2509.0,267
T000671,U0188,P008,49.1,Credit Card,2024-11-17,60.9925,8,2025-03-04,242,Books,49.1,Muhammad Das,31,Female,2022-06-10,Product_008,Books,4534.16,161
T000671,U0188,P008,49.1,Credit Card,2024-11-17,60.9925,8,2025-03-04,242,Clothing,222.48,Muhammad Das,31,Female,2022-06-10,Product_008,Books,4534.16,161
T000671,U0188,P008,49.1,Credit Card,2024-11-17,60.9925,8,2025-03-04,242,Home,142.34,Muhammad Das,31,Female,2022-06-10,Product_008,Books,4534.16,161
T000671,U0188,P008,49.1,Credit Card,2024-11-17,60.9925,8,2025-03-04,242,Sports,74.02,Muhammad Das,31,Female,2022-06-10,Product_008,Books,4534.16,161
T000672,U0110,P018,33.82,Cash,2023-05-11,59.848,5,2025-09-10,52,Beauty,64.09,Saanvi Kulkarni,31,Other,2023-04-22,Product_018,Electronics,2390.82,158
T000672,U0110,P018,33.82,Cash,2023-05-11,59.848,5,2025-09-10,52,Clothing,103.32,Saanvi Kulkarni,31,Other,2023-04-22,Product_018,Electronics,2390.82,158
T000672,U0110,P018,33.82,Cash,2023-05-11,59.848,5,2025-09-10,52,Electronics,33.82,Saanvi Kulkarni,31,Other,2023-04-22,Product_018,Electronics,2390.82,158
T000672,U0110,P018,33.82,Cash,2023-05-11,59.848,5,2025-09-10,52,Sports,98.01,Saanvi Kulkarni,31,Other,2023-04-22,Product_018,Electronics,2390.82,158
T000673,U0068,P046,23.86,Cash,2023-06-07,79.6225,4,2025-07-02,122,Home,111.3,Sara Gupta,40,Female,2023-08-02,Product_046,Toys,4970.99,267
T000673,U0068,P046,23.86,Cash,2023-06-07,79.6225,4,2025-07-02,122,Toys,207.19,Sara Gupta,40,Female,2023-08-02,Product_046,Toys,4970.99,267
T000674,U0128,P030,35.21,Cash,2025-01-07,56.245000000000005,4,2025-05-23,162,Grocery,154.17000000000002,Arjun Reddy,27,Male,2023-12-12,Product_030,Home,685.55,28
T000674,U0128,P030,35.21,Cash,2025-01-07,56.245000000000005,4,2025-05-23,162,Home,35.21,Arjun Reddy,27,Male,2023-12-12,Product_030,Home,685.55,28
T000674,U0128,P030,35.21,Cash,2025-01-07,56.245000000000005,4,2025-05-23,162,Sports,35.6,Arjun Reddy,27,Male,2023-12-12,Product_030,Home,685.55,28
T000675,U0015,P032,53.52,Cash,2023-12-08,110.26249999999999,5,2025-06-08,146,Books,350.07,Vihaan Bose,18,Female,2023-10-13,Product_032,Books,2913.02,176
T000675,U0015,P032,53.52,Cash,2023-12-08,110.26249999999999,5,2025-06-08,146,Grocery,43.71,Vihaan Bose,18,Female,2023-10-13,Product_032,Books,2913.02,176
T000675,U0015,P032,53.52,Cash,2023-12-08,110.26249999999999,5,2025-06-08,146,Home,47.27,Vihaan Bose,18,Female,2023-10-13,Product_032,Books,2913.02,176
T000676,U0095,P011,160.25,UPI,2023-07-30,68.68499999999999,6,2025-03-23,223,Beauty,77.82,Muhammad Bose,28,Female,2024-06-04,Product_011,Electronics,1410.29,28
T000676,U0095,P011,160.25,UPI,2023-07-30,68.68499999999999,6,2025-03-23,223,Books,51.2,Muhammad Bose,28,Female,2024-06-04,Product_011,Electronics,1410.29,28
T000676,U0095,P011,160.25,UPI,2023-07-30,68.68499999999999,6,2025-03-23,223,Clothing,10.83,Muhammad Bose,28,Female,2024-06-04,Product_011,Electronics,1410.29,28
T000676,U0095,P011,160.25,UPI,2023-07-30,68.68499999999999,6,2025-03-23,223,Electronics,160.25,Muhammad Bose,28,Female,2024-06-04,Product_011,Electronics,1410.29,28
T000676,U0095,P011,160.25,UPI,2023-07-30,68.68499999999999,6,2025-03-23,223,Home,112.00999999999999,Muhammad Bose,28,Female,2024-06-04,Product_011,Electronics,1410.29,28
T000677,U0147,P044,40.02,Wallet,2023-08-25,61.44818181818182,12,2025-10-25,7,Beauty,40.02,Ishaan Mehta,22,Male,2023-09-14,Product_044,Beauty,1655.45,268
T000677,U0147,P044,40.02,Wallet,2023-08-25,61.44818181818182,12,2025-10-25,7,Books,257.28,Ishaan Mehta,22,Male,2023-09-14,Product_044,Beauty,1655.45,268
T000677,U0147,P044,40.02,Wallet,2023-08-25,61.44818181818182,12,2025-10-25,7,Clothing,32.85,Ishaan Mehta,22,Male,2023-09-14,Product_044,Beauty,1655.45,268
T000677,U0147,P044,40.02,Wallet,2023-08-25,61.44818181818182,12,2025-10-25,7,Electronics,103.53999999999999,Ishaan Mehta,22,Male,2023-09-14,Product_044,Beauty,1655.45,268
T000677,U0147,P044,40.02,Wallet,2023-08-25,61.44818181818182,12,2025-10-25,7,Grocery,77.19,Ishaan Mehta,22,Male,2023-09-14,Product_044,Beauty,1655.45,268
T000677,U0147,P044,40.02,Wallet,2023-08-25,61.44818181818182,12,2025-10-25,7,Home,141.2,Ishaan Mehta,22,Male,2023-09-14,Product_044,Beauty,1655.45,268
T000677,U0147,P044,40.02,Wallet,2023-08-25,61.44818181818182,12,2025-10-25,7,Toys,23.85,Ishaan Mehta,22,Male,2023-09-14,Product_044,Beauty,1655.45,268
T000678,U0059,P048,62.44,Cash,2023-01-06,63.89,5,2025-08-31,62,Beauty,71.28,Vivaan Iyer,34,Female,2023-02-04,Product_048,Clothing,3666.72,295
T000678,U0059,P048,62.44,Cash,2023-01-06,63.89,5,2025-08-31,62,Clothing,144.87,Vivaan Iyer,34,Female,2023-02-04,Product_048,Clothing,3666.72,295
T000678,U0059,P048,62.44,Cash,2023-01-06,63.89,5,2025-08-31,62,Electronics,39.41,Vivaan Iyer,34,Female,2023-02-04,Product_048,Clothing,3666.72,295
T000679,U0012,P001,54.06,Debit Card,2023-04-05,87.68714285714285,8,2025-10-05,27,Beauty,49.85,Aarohi Singh,28,Other,2024-06-25,Product_001,Grocery,264.89,371
T000679,U0012,P001,54.06,Debit Card,2023-04-05,87.68714285714285,8,2025-10-05,27,Books,185.72,Aarohi Singh,28,Other,2024-06-25,Product_001,Grocery,264.89,371
T000679,U0012,P001,54.06,Debit Card,2023-04-05,87.68714285714285,8,2025-10-05,27,Electronics,215.85,Aarohi Singh,28,Other,2024-06-25,Product_001,Grocery,264.89,371
T000679,U0012,P001,54.06,Debit Card,2023-04-05,87.68714285714285,8,2025-10-05,27,Grocery,54.06,Aarohi Singh,28,Other,2024-06-25,Product_001,Grocery,264.89,371
T000679,U0012,P001,54.06,Debit Card,2023-04-05,87.68714285714285,8,2025-10-05,27,Home,23.59,Aarohi Singh,28,Other,2024-06-25,Product_001,Grocery,264.89,371
T000679,U0012,P001,54.06,Debit Card,2023-04-05,87.68714285714285,8,2025-10-05,27,Toys,84.74,Aarohi Singh,28,Other,2024-06-25,Product_001,Grocery,264.89,371
T000680,U0121,P024,111.39,Net Banking,2023-11-04,54.67714285714286,7,2025-08-18,75,Beauty,62.35,Ira Kapoor,38,Other,2024-08-30,Product_024,Home,2509.0,267
T000680,U0121,P024,111.39,Net Banking,2023-11-04,54.67714285714286,7,2025-08-18,75,Books,79.14,Ira Kapoor,38,Other,2024-08-30,Product_024,Home,2509.0,267
T000680,U0121,P024,111.39,Net Banking,2023-11-04,54.67714285714286,7,2025-08-18,75,Grocery,30.6,Ira Kapoor,38,Other,2024-08-30,Product_024,Home,2509.0,267
T000680,U0121,P024,111.39,Net Banking,2023-11-04,54.67714285714286,7,2025-08-18,75,Home,111.39,Ira Kapoor,38,Other,2024-08-30,Product_024,Home,2509.0,267
T000680,U0121,P024,111.39,Net Banking,2023-11-04,54.67714285714286,7,2025-08-18,75,Toys,99.26,Ira Kapoor,38,Other,2024-08-30,Product_024,Home,2509.0,267
T000681,U0046,P003,248.68,Cash,2025-05-08,131.065,4,2025-10-08,24,Beauty,248.68,Vivaan Ghosh,26,Male,2024-05-30,Product_003,Beauty,3027.98,127
T000681,U0046,P003,248.68,Cash,2025-05-08,131.065,4,2025-10-08,24,Books,28.54,Vivaan Ghosh,26,Male,2024-05-30,Product_003,Beauty,3027.98,127
T000681,U0046,P003,248.68,Cash,2025-05-08,131.065,4,2025-10-08,24,Grocery,149.96,Vivaan Ghosh,26,Male,2024-05-30,Product_003,Beauty,3027.98,127
T000681,U0046,P003,248.68,Cash,2025-05-08,131.065,4,2025-10-08,24,Toys,97.08,Vivaan Ghosh,26,Male,2024-05-30,Product_003,Beauty,3027.98,127
T000682,U0058,P021,39.71,Debit Card,2025-05-02,52.6725,4,2025-05-02,183,Books,39.71,Meera Joshi,29,Male,2024-07-13,Product_021,Books,3055.12,169
T000682,U0058,P021,39.71,Debit Card,2025-05-02,52.6725,4,2025-05-02,183,Clothing,56.16,Meera Joshi,29,Male,2024-07-13,Product_021,Books,3055.12,169
T000682,U0058,P021,39.71,Debit Card,2025-05-02,52.6725,4,2025-05-02,183,Grocery,53.39,Meera Joshi,29,Male,2024-07-13,Product_021,Books,3055.12,169
T000682,U0058,P021,39.71,Debit Card,2025-05-02,52.6725,4,2025-05-02,183,Home,61.43,Meera Joshi,29,Male,2024-07-13,Product_021,Books,3055.12,169
T000683,U0185,P021,40.7,UPI,2023-06-09,72.525,4,2025-09-10,52,Books,40.7,Ira Bose,30,Female,2022-11-01,Product_021,Books,3055.12,169
T000683,U0185,P021,40.7,UPI,2023-06-09,72.525,4,2025-09-10,52,Clothing,58.68,Ira Bose,30,Female,2022-11-01,Product_021,Books,3055.12,169
T000683,U0185,P021,40.7,UPI,2023-06-09,72.525,4,2025-09-10,52,Sports,61.06,Ira Bose,30,Female,2022-11-01,Product_021,Books,3055.12,169
T000683,U0185,P021,40.7,UPI,2023-06-09,72.525,4,2025-09-10,52,Toys,129.66,Ira Bose,30,Female,2022-11-01,Product_021,Books,3055.12,169
T000684,U0147,P024,102.16,Credit Card,2025-10-25,61.44818181818182,12,2025-10-25,7,Beauty,40.02,Ishaan Mehta,22,Male,2023-09-14,Product_024,Home,2509.0,267
T000684,U0147,P024,102.16,Credit Card,2025-10-25,61.44818181818182,12,2025-10-25,7,Books,257.28,Ishaan Mehta,22,Male,2023-09-14,Product_024,Home,2509.0,267
T000684,U0147,P024,102.16,Credit Card,2025-10-25,61.44818181818182,12,2025-10-25,7,Clothing,32.85,Ishaan Mehta,22,Male,2023-09-14,Product_024,Home,2509.0,267
T000684,U0147,P024,102.16,Credit Card,2025-10-25,61.44818181818182,12,2025-10-25,7,Electronics,103.53999999999999,Ishaan Mehta,22,Male,2023-09-14,Product_024,Home,2509.0,267
T000684,U0147,P024,102.16,Credit Card,2025-10-25,61.44818181818182,12,2025-10-25,7,Grocery,77.19,Ishaan Mehta,22,Male,2023-09-14,Product_024,Home,2509.0,267
T000684,U0147,P024,102.16,Credit Card,2025-10-25,61.44818181818182,12,2025-10-25,7,Home,141.2,Ishaan Mehta,22,Male,2023-09-14,Product_024,Home,2509.0,267
T000684,U0147,P024,102.16,Credit Card,2025-10-25,61.44818181818182,12,2025-10-25,7,Toys,23.85,Ishaan Mehta,22,Male,2023-09-14,Product_024,Home,2509.0,267
T000685,U0173,P004,82.2,Debit Card,2024-04-02,70.39666666666666,6,2025-06-26,128,Clothing,180.04000000000002,Muhammad Joshi,31,Female,2024-09-27,Product_004,Toys,2600.12,229
T000685,U0173,P004,82.2,Debit Card,2024-04-02,70.39666666666666,6,2025-06-26,128,Toys,242.34,Muhammad Joshi,31,Female,2024-09-27,Product_004,Toys,2600.12,229
T000686,U0133,P003,165.34,Net Banking,2023-05-22,90.22999999999999,5,2024-10-27,370,Beauty,215.07,Diya Singh,23,Female,2023-07-06,Product_003,Beauty,3027.98,127
T000686,U0133,P003,165.34,Net Banking,2023-05-22,90.22999999999999,5,2024-10-27,370,Electronics,77.16,Diya Singh,23,Female,2023-07-06,Product_003,Beauty,3027.98,127
T000686,U0133,P003,165.34,Net Banking,2023-05-22,90.22999999999999,5,2024-10-27,370,Home,158.92000000000002,Diya Singh,23,Female,2023-07-06,Product_003,Beauty,3027.98,127
T000687,U0120,P019,77.51,UPI,2024-11-01,60.0675,4,2025-08-19,74,Books,134.23000000000002,Vihaan Roy,38,Male,2023-11-15,Product_019,Home,523.79,441
T000687,U0120,P019,77.51,UPI,2024-11-01,60.0675,4,2025-08-19,74,Home,77.51,Vihaan Roy,38,Male,2023-11-15,Product_019,Home,523.79,441
T000687,U0120,P019,77.51,UPI,2024-11-01,60.0675,4,2025-08-19,74,Sports,28.53,Vihaan Roy,38,Male,2023-11-15,Product_019,Home,523.79,441
T000688,U0023,P036,44.01,Net Banking,2023-01-17,49.03,5,2024-12-12,324,Beauty,30.77,Myra Reddy,32,Female,2022-09-10,Product_036,Sports,1650.69,388
T000688,U0023,P036,44.01,Net Banking,2023-01-17,49.03,5,2024-12-12,324,Clothing,53.32,Myra Reddy,32,Female,2022-09-10,Product_036,Sports,1650.69,388
T000688,U0023,P036,44.01,Net Banking,2023-01-17,49.03,5,2024-12-12,324,Electronics,34.44,Myra Reddy,32,Female,2022-09-10,Product_036,Sports,1650.69,388
T000688,U0023,P036,44.01,Net Banking,2023-01-17,49.03,5,2024-12-12,324,Home,82.61,Myra Reddy,32,Female,2022-09-10,Product_036,Sports,1650.69,388
T000688,U0023,P036,44.01,Net Banking,2023-01-17,49.03,5,2024-12-12,324,Sports,44.01,Myra Reddy,32,Female,2022-09-10,Product_036,Sports,1650.69,388
T000689,U0095,P013,77.82,UPI,2024-09-14,68.68499999999999,6,2025-03-23,223,Beauty,77.82,Muhammad Bose,28,Female,2024-06-04,Product_013,Beauty,3354.37,155
T000689,U0095,P013,77.82,UPI,2024-09-14,68.68499999999999,6,2025-03-23,223,Books,51.2,Muhammad Bose,28,Female,2024-06-04,Product_013,Beauty,3354.37,155
T000689,U0095,P013,77.82,UPI,2024-09-14,68.68499999999999,6,2025-03-23,223,Clothing,10.83,Muhammad Bose,28,Female,2024-06-04,Product_013,Beauty,3354.37,155
T000689,U0095,P013,77.82,UPI,2024-09-14,68.68499999999999,6,2025-03-23,223,Electronics,160.25,Muhammad Bose,28,Female,2024-06-04,Product_013,Beauty,3354.37,155
T000689,U0095,P013,77.82,UPI,2024-09-14,68.68499999999999,6,2025-03-23,223,Home,112.00999999999999,Muhammad Bose,28,Female,2024-06-04,Product_013,Beauty,3354.37,155
T000690,U0190,P040,106.19,Debit Card,2025-08-08,53.284000000000006,5,2025-08-08,85,Beauty,67.22,Aarav Mukherjee,19,Female,2023-04-27,Product_040,Grocery,4011.76,36
T000690,U0190,P040,106.19,Debit Card,2025-08-08,53.284000000000006,5,2025-08-08,85,Books,38.65,Aarav Mukherjee,19,Female,2023-04-27,Product_040,Grocery,4011.76,36
T000690,U0190,P040,106.19,Debit Card,2025-08-08,53.284000000000006,5,2025-08-08,85,Electronics,15.66,Aarav Mukherjee,19,Female,2023-04-27,Product_040,Grocery,4011.76,36
T000690,U0190,P040,106.19,Debit Card,2025-08-08,53.284000000000006,5,2025-08-08,85,Grocery,106.19,Aarav Mukherjee,19,Female,2023-04-27,Product_040,Grocery,4011.76,36
T000690,U0190,P040,106.19,Debit Card,2025-08-08,53.284000000000006,5,2025-08-08,85,Sports,38.7,Aarav Mukherjee,19,Female,2023-04-27,Product_040,Grocery,4011.76,36
T000691,U0095,P038,89.33,Net Banking,2024-02-05,68.68499999999999,6,2025-03-23,223,Beauty,77.82,Muhammad Bose,28,Female,2024-06-04,Product_038,Home,393.65,58
T000691,U0095,P038,89.33,Net Banking,2024-02-05,68.68499999999999,6,2025-03-23,223,Books,51.2,Muhammad Bose,28,Female,2024-06-04,Product_038,Home,393.65,58
T000691,U0095,P038,89.33,Net Banking,2024-02-05,68.68499999999999,6,2025-03-23,223,Clothing,10.83,Muhammad Bose,28,Female,2024-06-04,Product_038,Home,393.65,58
T000691,U0095,P038,89.33,Net Banking,2024-02-05,68.68499999999999,6,2025-03-23,223,Electronics,160.25,Muhammad Bose,28,Female,2024-06-04,Product_038,Home,393.65,58
T000691,U0095,P038,89.33,Net Banking,2024-02-05,68.68499999999999,6,2025-03-23,223,Home,112.00999999999999,Muhammad Bose,28,Female,2024-06-04,Product_038,Home,393.65,58
T000692,U0188,P035,74.02,Debit Card,2023-11-05,60.9925,8,2025-03-04,242,Books,49.1,Muhammad Das,31,Female,2022-06-10,Product_035,Sports,2998.97,82
T000692,U0188,P035,74.02,Debit Card,2023-11-05,60.9925,8,2025-03-04,242,Clothing,222.48,Muhammad Das,31,Female,2022-06-10,Product_035,Sports,2998.97,82
T000692,U0188,P035,74.02,Debit Card,2023-11-05,60.9925,8,2025-03-04,242,Home,142.34,Muhammad Das,31,Female,2022-06-10,Product_035,Sports,2998.97,82
T000692,U0188,P035,74.02,Debit Card,2023-11-05,60.9925,8,2025-03-04,242,Sports,74.02,Muhammad Das,31,Female,2022-06-10,Product_035,Sports,2998.97,82
T000693,U0002,P027,103.54,Credit Card,2024-04-22,129.68,6,2024-04-27,553,Beauty,187.02,Sai Reddy,30,Other,2023-11-24,Product_027,Toys,2241.45,134
T000693,U0002,P027,103.54,Credit Card,2024-04-22,129.68,6,2024-04-27,553,Clothing,45.02,Sai Reddy,30,Other,2023-11-24,Product_027,Toys,2241.45,134
T000693,U0002,P027,103.54,Credit Card,2024-04-22,129.68,6,2024-04-27,553,Toys,157.0,Sai Reddy,30,Other,2023-11-24,Product_027,Toys,2241.45,134
T000694,U0139,P023,110.12,Wallet,2023-01-20,85.75750000000001,4,2025-06-22,132,Beauty,73.92,Kiara Reddy,38,Female,2022-02-21,Product_023,Books,1984.98,450
T000694,U0139,P023,110.12,Wallet,2023-01-20,85.75750000000001,4,2025-06-22,132,Books,110.12,Kiara Reddy,38,Female,2022-02-21,Product_023,Books,1984.98,450
T000694,U0139,P023,110.12,Wallet,2023-01-20,85.75750000000001,4,2025-06-22,132,Grocery,94.73,Kiara Reddy,38,Female,2022-02-21,Product_023,Books,1984.98,450
T000694,U0139,P023,110.12,Wallet,2023-01-20,85.75750000000001,4,2025-06-22,132,Home,64.26,Kiara Reddy,38,Female,2022-02-21,Product_023,Books,1984.98,450
T000695,U0086,P001,125.12,Wallet,2025-02-09,87.285,4,2025-10-08,24,Books,74.37,Aarohi Reddy,27,Female,2022-02-12,Product_001,Grocery,264.89,371
T000695,U0086,P001,125.12,Wallet,2025-02-09,87.285,4,2025-10-08,24,Clothing,41.2,Aarohi Reddy,27,Female,2022-02-12,Product_001,Grocery,264.89,371
T000695,U0086,P001,125.12,Wallet,2025-02-09,87.285,4,2025-10-08,24,Grocery,125.12,Aarohi Reddy,27,Female,2022-02-12,Product_001,Grocery,264.89,371
T000695,U0086,P001,125.12,Wallet,2025-02-09,87.285,4,2025-10-08,24,Home,108.45,Aarohi Reddy,27,Female,2022-02-12,Product_001,Grocery,264.89,371
T000696,U0189,P047,80.58,UPI,2023-08-01,55.54333333333333,3,2024-09-01,426,Electronics,138.09,Sai Iyer,25,Other,2022-06-10,Product_047,Electronics,1846.57,300
T000696,U0189,P047,80.58,UPI,2023-08-01,55.54333333333333,3,2024-09-01,426,Home,28.54,Sai Iyer,25,Other,2022-06-10,Product_047,Electronics,1846.57,300
T000697,U0053,P034,49.39,Debit Card,2025-05-09,52.748000000000005,5,2025-05-09,176,Books,114.33,Anaya Patel,26,Male,2022-07-14,Product_034,Books,474.01,362
T000697,U0053,P034,49.39,Debit Card,2025-05-09,52.748000000000005,5,2025-05-09,176,Grocery,29.02,Anaya Patel,26,Male,2022-07-14,Product_034,Books,474.01,362
T000697,U0053,P034,49.39,Debit Card,2025-05-09,52.748000000000005,5,2025-05-09,176,Home,24.52,Anaya Patel,26,Male,2022-07-14,Product_034,Books,474.01,362
T000697,U0053,P034,49.39,Debit Card,2025-05-09,52.748000000000005,5,2025-05-09,176,Toys,95.87,Anaya Patel,26,Male,2022-07-14,Product_034,Books,474.01,362
T000698,U0126,P004,59.62,Debit Card,2024-07-27,79.38199999999999,6,2024-07-27,462,Beauty,47.24,Myra Gupta,49,Other,2022-08-29,Product_004,Toys,2600.12,229
T000698,U0126,P004,59.62,Debit Card,2024-07-27,79.38199999999999,6,2024-07-27,462,Books,16.46,Myra Gupta,49,Other,2022-08-29,Product_004,Toys,2600.12,229
T000698,U0126,P004,59.62,Debit Card,2024-07-27,79.38199999999999,6,2024-07-27,462,Home,68.66,Myra Gupta,49,Other,2022-08-29,Product_004,Toys,2600.12,229
T000698,U0126,P004,59.62,Debit Card,2024-07-27,79.38199999999999,6,2024-07-27,462,Sports,115.98,Myra Gupta,49,Other,2022-08-29,Product_004,Toys,2600.12,229
T000698,U0126,P004,59.62,Debit Card,2024-07-27,79.38199999999999,6,2024-07-27,462,Toys,148.57,Myra Gupta,49,Other,2022-08-29,Product_004,Toys,2600.12,229
T000699,U0024,P003,112.61,Debit Card,2025-04-25,75.43,11,2025-08-03,90,Beauty,112.61,Aarohi Kapoor,20,Female,2023-03-15,Product_003,Beauty,3027.98,127
T000699,U0024,P003,112.61,Debit Card,2025-04-25,75.43,11,2025-08-03,90,Books,313.02,Aarohi Kapoor,20,Female,2023-03-15,Product_003,Beauty,3027.98,127
T000699,U0024,P003,112.61,Debit Card,2025-04-25,75.43,11,2025-08-03,90,Clothing,89.07000000000001,Aarohi Kapoor,20,Female,2023-03-15,Product_003,Beauty,3027.98,127
T000699,U0024,P003,112.61,Debit Card,2025-04-25,75.43,11,2025-08-03,90,Electronics,62.27,Aarohi Kapoor,20,Female,2023-03-15,Product_003,Beauty,3027.98,127
T000699,U0024,P003,112.61,Debit Card,2025-04-25,75.43,11,2025-08-03,90,Grocery,55.78,Aarohi Kapoor,20,Female,2023-03-15,Product_003,Beauty,3027.98,127
T000699,U0024,P003,112.61,Debit Card,2025-04-25,75.43,11,2025-08-03,90,Home,46.12,Aarohi Kapoor,20,Female,2023-03-15,Product_003,Beauty,3027.98,127
T000700,U0180,P024,33.44,Net Banking,2023-06-23,69.09142857142858,7,2025-10-13,19,Clothing,190.78,Reyansh Verma,53,Female,2022-04-27,Product_024,Home,2509.0,267
T000700,U0180,P024,33.44,Net Banking,2023-06-23,69.09142857142858,7,2025-10-13,19,Grocery,221.44,Reyansh Verma,53,Female,2022-04-27,Product_024,Home,2509.0,267
T000700,U0180,P024,33.44,Net Banking,2023-06-23,69.09142857142858,7,2025-10-13,19,Home,41.25,Reyansh Verma,53,Female,2022-04-27,Product_024,Home,2509.0,267
T000700,U0180,P024,33.44,Net Banking,2023-06-23,69.09142857142858,7,2025-10-13,19,Sports,30.17,Reyansh Verma,53,Female,2022-04-27,Product_024,Home,2509.0,267
T000701,U0149,P007,68.12,Cash,2023-10-01,66.35,2,2025-05-17,168,Books,132.7,Aarav Singh,36,Other,2023-02-11,Product_007,Books,2084.59,134
T000702,U0164,P026,43.12,Credit Card,2023-05-08,63.097142857142856,7,2025-10-13,19,Beauty,65.06,Muhammad Gupta,25,Male,2023-05-16,Product_026,Beauty,3490.97,332
T000702,U0164,P026,43.12,Credit Card,2023-05-08,63.097142857142856,7,2025-10-13,19,Books,98.06,Muhammad Gupta,25,Male,2023-05-16,Product_026,Beauty,3490.97,332
T000702,U0164,P026,43.12,Credit Card,2023-05-08,63.097142857142856,7,2025-10-13,19,Clothing,160.86,Muhammad Gupta,25,Male,2023-05-16,Product_026,Beauty,3490.97,332
T000702,U0164,P026,43.12,Credit Card,2023-05-08,63.097142857142856,7,2025-10-13,19,Home,117.7,Muhammad Gupta,25,Male,2023-05-16,Product_026,Beauty,3490.97,332
T000703,U0112,P043,55.55,Debit Card,2024-04-29,59.4525,5,2024-12-02,334,Beauty,57.24,Meera Iyer,31,Other,2022-10-18,Product_043,Home,3416.65,309
T000703,U0112,P043,55.55,Debit Card,2024-04-29,59.4525,5,2024-12-02,334,Books,48.86,Meera Iyer,31,Other,2022-10-18,Product_043,Home,3416.65,309
T000703,U0112,P043,55.55,Debit Card,2024-04-29,59.4525,5,2024-12-02,334,Grocery,33.24,Meera Iyer,31,Other,2022-10-18,Product_043,Home,3416.65,309
T000703,U0112,P043,55.55,Debit Card,2024-04-29,59.4525,5,2024-12-02,334,Home,98.47,Meera Iyer,31,Other,2022-10-18,Product_043,Home,3416.65,309
T000704,U0075,P017,117.57,UPI,2025-03-15,84.96,2,2025-03-15,231,Beauty,169.92,Reyansh Roy,18,Other,2023-09-19,Product_017,Beauty,3697.53,235
T000705,U0180,P048,61.23,UPI,2024-10-13,69.09142857142858,7,2025-10-13,19,Clothing,190.78,Reyansh Verma,53,Female,2022-04-27,Product_048,Clothing,3666.72,295
T000705,U0180,P048,61.23,UPI,2024-10-13,69.09142857142858,7,2025-10-13,19,Grocery,221.44,Reyansh Verma,53,Female,2022-04-27,Product_048,Clothing,3666.72,295
T000705,U0180,P048,61.23,UPI,2024-10-13,69.09142857142858,7,2025-10-13,19,Home,41.25,Reyansh Verma,53,Female,2022-04-27,Product_048,Clothing,3666.72,295
T000705,U0180,P048,61.23,UPI,2024-10-13,69.09142857142858,7,2025-10-13,19,Sports,30.17,Reyansh Verma,53,Female,2022-04-27,Product_048,Clothing,3666.72,295
T000706,U0116,P018,56.14,Debit Card,2023-06-02,62.73777777777778,11,2025-06-30,124,Beauty,32.99,Aditya Roy,34,Female,2022-07-19,Product_018,Electronics,2390.82,158
T000706,U0116,P018,56.14,Debit Card,2023-06-02,62.73777777777778,11,2025-06-30,124,Books,35.78,Aditya Roy,34,Female,2022-07-19,Product_018,Electronics,2390.82,158
T000706,U0116,P018,56.14,Debit Card,2023-06-02,62.73777777777778,11,2025-06-30,124,Clothing,159.60999999999999,Aditya Roy,34,Female,2022-07-19,Product_018,Electronics,2390.82,158
T000706,U0116,P018,56.14,Debit Card,2023-06-02,62.73777777777778,11,2025-06-30,124,Electronics,56.14,Aditya Roy,34,Female,2022-07-19,Product_018,Electronics,2390.82,158
T000706,U0116,P018,56.14,Debit Card,2023-06-02,62.73777777777778,11,2025-06-30,124,Home,168.49,Aditya Roy,34,Female,2022-07-19,Product_018,Electronics,2390.82,158
T000706,U0116,P018,56.14,Debit Card,2023-06-02,62.73777777777778,11,2025-06-30,124,Sports,111.63,Aditya Roy,34,Female,2022-07-19,Product_018,Electronics,2390.82,158
T000707,U0052,P009,24.15,Cash,2023-08-12,69.11,12,2025-10-08,24,Beauty,57.08,Vivaan Patel,28,Male,2024-01-16,Product_009,Clothing,1799.44,163
T000707,U0052,P009,24.15,Cash,2023-08-12,69.11,12,2025-10-08,24,Books,122.91999999999999,Vivaan Patel,28,Male,2024-01-16,Product_009,Clothing,1799.44,163
T000707,U0052,P009,24.15,Cash,2023-08-12,69.11,12,2025-10-08,24,Clothing,157.13,Vivaan Patel,28,Male,2024-01-16,Product_009,Clothing,1799.44,163
T000707,U0052,P009,24.15,Cash,2023-08-12,69.11,12,2025-10-08,24,Electronics,134.35,Vivaan Patel,28,Male,2024-01-16,Product_009,Clothing,1799.44,163
T000707,U0052,P009,24.15,Cash,2023-08-12,69.11,12,2025-10-08,24,Grocery,97.29,Vivaan Patel,28,Male,2024-01-16,Product_009,Clothing,1799.44,163
T000707,U0052,P009,24.15,Cash,2023-08-12,69.11,12,2025-10-08,24,Home,191.44,Vivaan Patel,28,Male,2024-01-16,Product_009,Clothing,1799.44,163
T000708,U0040,P007,85.43,Debit Card,2025-07-09,91.0975,4,2025-07-09,115,Beauty,191.6,Meera Kapoor,33,Male,2023-06-25,Product_007,Books,2084.59,134
T000708,U0040,P007,85.43,Debit Card,2025-07-09,91.0975,4,2025-07-09,115,Books,85.43,Meera Kapoor,33,Male,2023-06-25,Product_007,Books,2084.59,134
T000708,U0040,P007,85.43,Debit Card,2025-07-09,91.0975,4,2025-07-09,115,Home,31.87,Meera Kapoor,33,Male,2023-06-25,Product_007,Books,2084.59,134
T000708,U0040,P007,85.43,Debit Card,2025-07-09,91.0975,4,2025-07-09,115,Toys,55.49,Meera Kapoor,33,Male,2023-06-25,Product_007,Books,2084.59,134
T000709,U0120,P021,80.42,Net Banking,2023-09-05,60.0675,4,2025-08-19,74,Books,134.23000000000002,Vihaan Roy,38,Male,2023-11-15,Product_021,Books,3055.12,169
T000709,U0120,P021,80.42,Net Banking,2023-09-05,60.0675,4,2025-08-19,74,Home,77.51,Vihaan Roy,38,Male,2023-11-15,Product_021,Books,3055.12,169
T000709,U0120,P021,80.42,Net Banking,2023-09-05,60.0675,4,2025-08-19,74,Sports,28.53,Vihaan Roy,38,Male,2023-11-15,Product_021,Books,3055.12,169
T000710,U0138,P023,199.93,Debit Card,2025-07-14,105.31200000000001,6,2025-10-25,7,Beauty,62.45,Aadhya Chopra,29,Other,2022-03-27,Product_023,Books,1984.98,450
T000710,U0138,P023,199.93,Debit Card,2025-07-14,105.31200000000001,6,2025-10-25,7,Books,244.98000000000002,Aadhya Chopra,29,Other,2022-03-27,Product_023,Books,1984.98,450
T000710,U0138,P023,199.93,Debit Card,2025-07-14,105.31200000000001,6,2025-10-25,7,Electronics,42.74,Aadhya Chopra,29,Other,2022-03-27,Product_023,Books,1984.98,450
T000710,U0138,P023,199.93,Debit Card,2025-07-14,105.31200000000001,6,2025-10-25,7,Home,176.39000000000001,Aadhya Chopra,29,Other,2022-03-27,Product_023,Books,1984.98,450
T000711,U0079,P030,45.39,UPI,2023-09-03,73.57,2,2025-10-26,6,Electronics,101.75,Sara Das,32,Other,2022-07-28,Product_030,Home,685.55,28
T000711,U0079,P030,45.39,UPI,2023-09-03,73.57,2,2025-10-26,6,Home,45.39,Sara Das,32,Other,2022-07-28,Product_030,Home,685.55,28
T000712,U0024,P011,62.27,Wallet,2024-09-15,75.43,11,2025-08-03,90,Beauty,112.61,Aarohi Kapoor,20,Female,2023-03-15,Product_011,Electronics,1410.29,28
T000712,U0024,P011,62.27,Wallet,2024-09-15,75.43,11,2025-08-03,90,Books,313.02,Aarohi Kapoor,20,Female,2023-03-15,Product_011,Electronics,1410.29,28
T000712,U0024,P011,62.27,Wallet,2024-09-15,75.43,11,2025-08-03,90,Clothing,89.07000000000001,Aarohi Kapoor,20,Female,2023-03-15,Product_011,Electronics,1410.29,28
T000712,U0024,P011,62.27,Wallet,2024-09-15,75.43,11,2025-08-03,90,Electronics,62.27,Aarohi Kapoor,20,Female,2023-03-15,Product_011,Electronics,1410.29,28
T000712,U0024,P011,62.27,Wallet,2024-09-15,75.43,11,2025-08-03,90,Grocery,55.78,Aarohi Kapoor,20,Female,2023-03-15,Product_011,Electronics,1410.29,28
T000712,U0024,P011,62.27,Wallet,2024-09-15,75.43,11,2025-08-03,90,Home,46.12,Aarohi Kapoor,20,Female,2023-03-15,Product_011,Electronics,1410.29,28
T000713,U0181,P045,63.41,Cash,2023-03-24,48.4,4,2023-12-04,698,Electronics,36.93,Aditya Bose,37,Female,2023-08-14,Product_045,Grocery,992.11,139
T000713,U0181,P045,63.41,Cash,2023-03-24,48.4,4,2023-12-04,698,Grocery,116.47,Aditya Bose,37,Female,2023-08-14,Product_045,Grocery,992.11,139
T000713,U0181,P045,63.41,Cash,2023-03-24,48.4,4,2023-12-04,698,Toys,40.2,Aditya Bose,37,Female,2023-08-14,Product_045,Grocery,992.11,139
T000714,U0056,P021,140.68,Debit Card,2023-07-06,77.48333333333333,3,2025-03-26,220,Beauty,38.77,Aarohi Patel,39,Male,2024-05-06,Product_021,Books,3055.12,169
T000714,U0056,P021,140.68,Debit Card,2023-07-06,77.48333333333333,3,2025-03-26,220,Books,140.68,Aarohi Patel,39,Male,2024-05-06,Product_021,Books,3055.12,169
T000714,U0056,P021,140.68,Debit Card,2023-07-06,77.48333333333333,3,2025-03-26,220,Clothing,53.0,Aarohi Patel,39,Male,2024-05-06,Product_021,Books,3055.12,169
T000715,U0183,P016,51.56,UPI,2025-03-22,40.57,2,2025-09-19,43,Books,81.14,Kabir Gupta,23,Male,2023-07-26,Product_016,Books,807.27,58
T000716,U0132,P004,64.55,Wallet,2024-09-04,79.0025,6,2025-08-27,66,Beauty,52.58,Aarav Chopra,32,Female,2022-01-07,Product_004,Toys,2600.12,229
T000716,U0132,P004,64.55,Wallet,2024-09-04,79.0025,6,2025-08-27,66,Clothing,120.87,Aarav Chopra,32,Female,2022-01-07,Product_004,Toys,2600.12,229
T000716,U0132,P004,64.55,Wallet,2024-09-04,79.0025,6,2025-08-27,66,Electronics,20.06,Aarav Chopra,32,Female,2022-01-07,Product_004,Toys,2600.12,229
T000716,U0132,P004,64.55,Wallet,2024-09-04,79.0025,6,2025-08-27,66,Home,57.95,Aarav Chopra,32,Female,2022-01-07,Product_004,Toys,2600.12,229
T000716,U0132,P004,64.55,Wallet,2024-09-04,79.0025,6,2025-08-27,66,Toys,64.55,Aarav Chopra,32,Female,2022-01-07,Product_004,Toys,2600.12,229
T000717,U0067,P012,78.63,Credit Card,2025-04-08,68.82333333333334,3,2025-10-15,17,Home,127.84,Saanvi Ghosh,31,Other,2022-02-10,Product_012,Sports,4263.31,176
T000717,U0067,P012,78.63,Credit Card,2025-04-08,68.82333333333334,3,2025-10-15,17,Sports,78.63,Saanvi Ghosh,31,Other,2022-02-10,Product_012,Sports,4263.31,176
T000718,U0116,P036,61.07,Wallet,2024-05-26,62.73777777777778,11,2025-06-30,124,Beauty,32.99,Aditya Roy,34,Female,2022-07-19,Product_036,Sports,1650.69,388
T000718,U0116,P036,61.07,Wallet,2024-05-26,62.73777777777778,11,2025-06-30,124,Books,35.78,Aditya Roy,34,Female,2022-07-19,Product_036,Sports,1650.69,388
T000718,U0116,P036,61.07,Wallet,2024-05-26,62.73777777777778,11,2025-06-30,124,Clothing,159.60999999999999,Aditya Roy,34,Female,2022-07-19,Product_036,Sports,1650.69,388
T000718,U0116,P036,61.07,Wallet,2024-05-26,62.73777777777778,11,2025-06-30,124,Electronics,56.14,Aditya Roy,34,Female,2022-07-19,Product_036,Sports,1650.69,388
T000718,U0116,P036,61.07,Wallet,2024-05-26,62.73777777777778,11,2025-06-30,124,Home,168.49,Aditya Roy,34,Female,2022-07-19,Product_036,Sports,1650.69,388
T000718,U0116,P036,61.07,Wallet,2024-05-26,62.73777777777778,11,2025-06-30,124,Sports,111.63,Aditya Roy,34,Female,2022-07-19,Product_036,Sports,1650.69,388
T000719,U0025,P030,41.77,Credit Card,2023-10-14,74.69,6,2025-10-02,30,Clothing,99.75,Saanvi Bose,27,Female,2022-05-22,Product_030,Home,685.55,28
T000719,U0025,P030,41.77,Credit Card,2023-10-14,74.69,6,2025-10-02,30,Home,187.25,Saanvi Bose,27,Female,2022-05-22,Product_030,Home,685.55,28
T000719,U0025,P030,41.77,Credit Card,2023-10-14,74.69,6,2025-10-02,30,Toys,86.45,Saanvi Bose,27,Female,2022-05-22,Product_030,Home,685.55,28
T000720,U0032,P001,61.34,Credit Card,2024-03-31,155.01,2,2024-03-31,580,Grocery,61.34,Kabir Mukherjee,46,Male,2022-01-04,Product_001,Grocery,264.89,371
T000720,U0032,P001,61.34,Credit Card,2024-03-31,155.01,2,2024-03-31,580,Home,93.67,Kabir Mukherjee,46,Male,2022-01-04,Product_001,Grocery,264.89,371
T000721,U0034,P013,103.98,Net Banking,2025-02-01,85.23375,9,2025-10-27,5,Beauty,103.98,Vihaan Singh,23,Other,2023-09-16,Product_013,Beauty,3354.37,155
T000721,U0034,P013,103.98,Net Banking,2025-02-01,85.23375,9,2025-10-27,5,Books,84.49,Vihaan Singh,23,Other,2023-09-16,Product_013,Beauty,3354.37,155
T000721,U0034,P013,103.98,Net Banking,2025-02-01,85.23375,9,2025-10-27,5,Clothing,51.52,Vihaan Singh,23,Other,2023-09-16,Product_013,Beauty,3354.37,155
T000721,U0034,P013,103.98,Net Banking,2025-02-01,85.23375,9,2025-10-27,5,Electronics,39.12,Vihaan Singh,23,Other,2023-09-16,Product_013,Beauty,3354.37,155
T000721,U0034,P013,103.98,Net Banking,2025-02-01,85.23375,9,2025-10-27,5,Grocery,247.26999999999998,Vihaan Singh,23,Other,2023-09-16,Product_013,Beauty,3354.37,155
T000721,U0034,P013,103.98,Net Banking,2025-02-01,85.23375,9,2025-10-27,5,Home,46.11,Vihaan Singh,23,Other,2023-09-16,Product_013,Beauty,3354.37,155
T000721,U0034,P013,103.98,Net Banking,2025-02-01,85.23375,9,2025-10-27,5,Sports,109.38,Vihaan Singh,23,Other,2023-09-16,Product_013,Beauty,3354.37,155
T000722,U0176,P041,29.49,Wallet,2023-06-22,70.8,5,2025-09-16,46,Books,60.82,Kabir Sharma,38,Other,2022-05-10,Product_041,Home,3218.83,273
T000722,U0176,P041,29.49,Wallet,2023-06-22,70.8,5,2025-09-16,46,Electronics,97.36,Kabir Sharma,38,Other,2022-05-10,Product_041,Home,3218.83,273
T000722,U0176,P041,29.49,Wallet,2023-06-22,70.8,5,2025-09-16,46,Home,97.13,Kabir Sharma,38,Other,2022-05-10,Product_041,Home,3218.83,273
T000722,U0176,P041,29.49,Wallet,2023-06-22,70.8,5,2025-09-16,46,Sports,27.89,Kabir Sharma,38,Other,2022-05-10,Product_041,Home,3218.83,273
T000723,U0150,P038,59.13,UPI,2023-06-03,57.31125,9,2025-08-02,91,Beauty,25.34,Muhammad Gupta,34,Other,2022-04-15,Product_038,Home,393.65,58
T000723,U0150,P038,59.13,UPI,2023-06-03,57.31125,9,2025-08-02,91,Books,139.48000000000002,Muhammad Gupta,34,Other,2022-04-15,Product_038,Home,393.65,58
T000723,U0150,P038,59.13,UPI,2023-06-03,57.31125,9,2025-08-02,91,Clothing,30.15,Muhammad Gupta,34,Other,2022-04-15,Product_038,Home,393.65,58
T000723,U0150,P038,59.13,UPI,2023-06-03,57.31125,9,2025-08-02,91,Electronics,58.45,Muhammad Gupta,34,Other,2022-04-15,Product_038,Home,393.65,58
T000723,U0150,P038,59.13,UPI,2023-06-03,57.31125,9,2025-08-02,91,Home,84.41,Muhammad Gupta,34,Other,2022-04-15,Product_038,Home,393.65,58
T000723,U0150,P038,59.13,UPI,2023-06-03,57.31125,9,2025-08-02,91,Sports,101.44,Muhammad Gupta,34,Other,2022-04-15,Product_038,Home,393.65,58
T000723,U0150,P038,59.13,UPI,2023-06-03,57.31125,9,2025-08-02,91,Toys,19.22,Muhammad Gupta,34,Other,2022-04-15,Product_038,Home,393.65,58
T000724,U0006,P005,35.87,Debit Card,2025-06-27,71.30499999999999,2,2025-06-27,127,Books,35.87,Aarohi Mukherjee,30,Male,2023-08-27,Product_005,Books,1178.99,18
T000724,U0006,P005,35.87,Debit Card,2025-06-27,71.30499999999999,2,2025-06-27,127,Sports,106.74,Aarohi Mukherjee,30,Male,2023-08-27,Product_005,Books,1178.99,18
T000725,U0033,P006,111.84,UPI,2023-09-08,83.705,7,2025-02-03,271,Books,134.43,Ishaan Amin,31,Male,2024-07-23,Product_006,Clothing,3250.7,481
T000725,U0033,P006,111.84,UPI,2023-09-08,83.705,7,2025-02-03,271,Clothing,111.84,Ishaan Amin,31,Male,2024-07-23,Product_006,Clothing,3250.7,481
T000725,U0033,P006,111.84,UPI,2023-09-08,83.705,7,2025-02-03,271,Home,147.03,Ishaan Amin,31,Male,2024-07-23,Product_006,Clothing,3250.7,481
T000725,U0033,P006,111.84,UPI,2023-09-08,83.705,7,2025-02-03,271,Sports,51.74,Ishaan Amin,31,Male,2024-07-23,Product_006,Clothing,3250.7,481
T000725,U0033,P006,111.84,UPI,2023-09-08,83.705,7,2025-02-03,271,Toys,57.19,Ishaan Amin,31,Male,2024-07-23,Product_006,Clothing,3250.7,481
T000726,U0011,P030,21.89,Credit Card,2023-12-11,71.88333333333334,4,2025-06-10,144,Electronics,62.08,Myra Kapoor,28,Male,2022-03-22,Product_030,Home,685.55,28
T000726,U0011,P030,21.89,Credit Card,2023-12-11,71.88333333333334,4,2025-06-10,144,Home,153.57,Myra Kapoor,28,Male,2022-03-22,Product_030,Home,685.55,28
T000727,U0147,P028,39.04,Wallet,2025-03-19,61.44818181818182,12,2025-10-25,7,Beauty,40.02,Ishaan Mehta,22,Male,2023-09-14,Product_028,Home,3602.11,250
T000727,U0147,P028,39.04,Wallet,2025-03-19,61.44818181818182,12,2025-10-25,7,Books,257.28,Ishaan Mehta,22,Male,2023-09-14,Product_028,Home,3602.11,250
T000727,U0147,P028,39.04,Wallet,2025-03-19,61.44818181818182,12,2025-10-25,7,Clothing,32.85,Ishaan Mehta,22,Male,2023-09-14,Product_028,Home,3602.11,250
T000727,U0147,P028,39.04,Wallet,2025-03-19,61.44818181818182,12,2025-10-25,7,Electronics,103.53999999999999,Ishaan Mehta,22,Male,2023-09-14,Product_028,Home,3602.11,250
T000727,U0147,P028,39.04,Wallet,2025-03-19,61.44818181818182,12,2025-10-25,7,Grocery,77.19,Ishaan Mehta,22,Male,2023-09-14,Product_028,Home,3602.11,250
T000727,U0147,P028,39.04,Wallet,2025-03-19,61.44818181818182,12,2025-10-25,7,Home,141.2,Ishaan Mehta,22,Male,2023-09-14,Product_028,Home,3602.11,250
T000727,U0147,P028,39.04,Wallet,2025-03-19,61.44818181818182,12,2025-10-25,7,Toys,23.85,Ishaan Mehta,22,Male,2023-09-14,Product_028,Home,3602.11,250
T000728,U0128,P002,68.47,Net Banking,2025-05-23,56.245000000000005,4,2025-05-23,162,Grocery,154.17000000000002,Arjun Reddy,27,Male,2023-12-12,Product_002,Grocery,605.91,150
T000728,U0128,P002,68.47,Net Banking,2025-05-23,56.245000000000005,4,2025-05-23,162,Home,35.21,Arjun Reddy,27,Male,2023-12-12,Product_002,Grocery,605.91,150
T000728,U0128,P002,68.47,Net Banking,2025-05-23,56.245000000000005,4,2025-05-23,162,Sports,35.6,Arjun Reddy,27,Male,2023-12-12,Product_002,Grocery,605.91,150
T000729,U0045,P023,139.67,Debit Card,2024-01-19,85.19375,8,2025-04-10,205,Beauty,120.96,Sai Chopra,20,Male,2022-03-14,Product_023,Books,1984.98,450
T000729,U0045,P023,139.67,Debit Card,2024-01-19,85.19375,8,2025-04-10,205,Books,218.42,Sai Chopra,20,Male,2022-03-14,Product_023,Books,1984.98,450
T000729,U0045,P023,139.67,Debit Card,2024-01-19,85.19375,8,2025-04-10,205,Clothing,94.7,Sai Chopra,20,Male,2022-03-14,Product_023,Books,1984.98,450
T000729,U0045,P023,139.67,Debit Card,2024-01-19,85.19375,8,2025-04-10,205,Grocery,63.37,Sai Chopra,20,Male,2022-03-14,Product_023,Books,1984.98,450
T000729,U0045,P023,139.67,Debit Card,2024-01-19,85.19375,8,2025-04-10,205,Toys,184.1,Sai Chopra,20,Male,2022-03-14,Product_023,Books,1984.98,450
T000730,U0071,P018,52.49,Net Banking,2023-11-01,73.29333333333334,9,2024-12-21,315,Beauty,156.49,Kabir Roy,34,Female,2022-01-10,Product_018,Electronics,2390.82,158
T000730,U0071,P018,52.49,Net Banking,2023-11-01,73.29333333333334,9,2024-12-21,315,Books,36.11,Kabir Roy,34,Female,2022-01-10,Product_018,Electronics,2390.82,158
T000730,U0071,P018,52.49,Net Banking,2023-11-01,73.29333333333334,9,2024-12-21,315,Electronics,52.49,Kabir Roy,34,Female,2022-01-10,Product_018,Electronics,2390.82,158
T000730,U0071,P018,52.49,Net Banking,2023-11-01,73.29333333333334,9,2024-12-21,315,Grocery,29.53,Kabir Roy,34,Female,2022-01-10,Product_018,Electronics,2390.82,158
T000730,U0071,P018,52.49,Net Banking,2023-11-01,73.29333333333334,9,2024-12-21,315,Home,299.53,Kabir Roy,34,Female,2022-01-10,Product_018,Electronics,2390.82,158
T000730,U0071,P018,52.49,Net Banking,2023-11-01,73.29333333333334,9,2024-12-21,315,Sports,85.49,Kabir Roy,34,Female,2022-01-10,Product_018,Electronics,2390.82,158
T000731,U0009,P040,39.13,Cash,2024-05-18,60.51666666666667,3,2024-12-14,322,Clothing,142.42,Aditya Bose,28,Male,2024-05-17,Product_040,Grocery,4011.76,36
T000731,U0009,P040,39.13,Cash,2024-05-18,60.51666666666667,3,2024-12-14,322,Grocery,39.13,Aditya Bose,28,Male,2024-05-17,Product_040,Grocery,4011.76,36
T000732,U0166,P019,168.8,Net Banking,2025-04-23,83.738,5,2025-04-23,192,Books,132.34,Meera Roy,35,Male,2022-10-29,Product_019,Home,523.79,441
T000732,U0166,P019,168.8,Net Banking,2025-04-23,83.738,5,2025-04-23,192,Home,189.78,Meera Roy,35,Male,2022-10-29,Product_019,Home,523.79,441
T000732,U0166,P019,168.8,Net Banking,2025-04-23,83.738,5,2025-04-23,192,Sports,96.57,Meera Roy,35,Male,2022-10-29,Product_019,Home,523.79,441
T000733,U0141,P031,22.9,Credit Card,2023-06-29,70.26857142857143,9,2025-09-15,47,Beauty,78.86,Anaya Nair,33,Female,2024-02-10,Product_031,Grocery,3035.94,111
T000733,U0141,P031,22.9,Credit Card,2023-06-29,70.26857142857143,9,2025-09-15,47,Books,12.19,Anaya Nair,33,Female,2024-02-10,Product_031,Grocery,3035.94,111
T000733,U0141,P031,22.9,Credit Card,2023-06-29,70.26857142857143,9,2025-09-15,47,Clothing,186.62,Anaya Nair,33,Female,2024-02-10,Product_031,Grocery,3035.94,111
T000733,U0141,P031,22.9,Credit Card,2023-06-29,70.26857142857143,9,2025-09-15,47,Electronics,168.29999999999998,Anaya Nair,33,Female,2024-02-10,Product_031,Grocery,3035.94,111
T000733,U0141,P031,22.9,Credit Card,2023-06-29,70.26857142857143,9,2025-09-15,47,Grocery,22.9,Anaya Nair,33,Female,2024-02-10,Product_031,Grocery,3035.94,111
T000733,U0141,P031,22.9,Credit Card,2023-06-29,70.26857142857143,9,2025-09-15,47,Home,23.01,Anaya Nair,33,Female,2024-02-10,Product_031,Grocery,3035.94,111
T000734,U0072,P025,14.6,Debit Card,2025-05-08,72.58,5,2025-05-08,177,Beauty,69.75,Myra Kulkarni,44,Other,2022-03-17,Product_025,Electronics,1408.97,272
T000734,U0072,P025,14.6,Debit Card,2025-05-08,72.58,5,2025-05-08,177,Clothing,79.82,Myra Kulkarni,44,Other,2022-03-17,Product_025,Electronics,1408.97,272
T000734,U0072,P025,14.6,Debit Card,2025-05-08,72.58,5,2025-05-08,177,Electronics,14.6,Myra Kulkarni,44,Other,2022-03-17,Product_025,Electronics,1408.97,272
T000734,U0072,P025,14.6,Debit Card,2025-05-08,72.58,5,2025-05-08,177,Home,157.98,Myra Kulkarni,44,Other,2022-03-17,Product_025,Electronics,1408.97,272
T000734,U0072,P025,14.6,Debit Card,2025-05-08,72.58,5,2025-05-08,177,Sports,40.75,Myra Kulkarni,44,Other,2022-03-17,Product_025,Electronics,1408.97,272
T000735,U0052,P042,71.09,Cash,2024-05-25,69.11,12,2025-10-08,24,Beauty,57.08,Vivaan Patel,28,Male,2024-01-16,Product_042,Home,4406.39,59
T000735,U0052,P042,71.09,Cash,2024-05-25,69.11,12,2025-10-08,24,Books,122.91999999999999,Vivaan Patel,28,Male,2024-01-16,Product_042,Home,4406.39,59
T000735,U0052,P042,71.09,Cash,2024-05-25,69.11,12,2025-10-08,24,Clothing,157.13,Vivaan Patel,28,Male,2024-01-16,Product_042,Home,4406.39,59
T000735,U0052,P042,71.09,Cash,2024-05-25,69.11,12,2025-10-08,24,Electronics,134.35,Vivaan Patel,28,Male,2024-01-16,Product_042,Home,4406.39,59
T000735,U0052,P042,71.09,Cash,2024-05-25,69.11,12,2025-10-08,24,Grocery,97.29,Vivaan Patel,28,Male,2024-01-16,Product_042,Home,4406.39,59
T000735,U0052,P042,71.09,Cash,2024-05-25,69.11,12,2025-10-08,24,Home,191.44,Vivaan Patel,28,Male,2024-01-16,Product_042,Home,4406.39,59
T000736,U0162,P035,40.4,Credit Card,2025-02-22,61.4,6,2025-02-22,252,Books,15.74,Muhammad Mehta,38,Female,2022-10-14,Product_035,Sports,2998.97,82
T000736,U0162,P035,40.4,Credit Card,2025-02-22,61.4,6,2025-02-22,252,Clothing,134.48,Muhammad Mehta,38,Female,2022-10-14,Product_035,Sports,2998.97,82
T000736,U0162,P035,40.4,Credit Card,2025-02-22,61.4,6,2025-02-22,252,Grocery,47.37,Muhammad Mehta,38,Female,2022-10-14,Product_035,Sports,2998.97,82
T000736,U0162,P035,40.4,Credit Card,2025-02-22,61.4,6,2025-02-22,252,Home,24.73,Muhammad Mehta,38,Female,2022-10-14,Product_035,Sports,2998.97,82
T000736,U0162,P035,40.4,Credit Card,2025-02-22,61.4,6,2025-02-22,252,Sports,84.68,Muhammad Mehta,38,Female,2022-10-14,Product_035,Sports,2998.97,82
T000737,U0183,P023,29.58,Net Banking,2025-09-19,40.57,2,2025-09-19,43,Books,81.14,Kabir Gupta,23,Male,2023-07-26,Product_023,Books,1984.98,450
T000738,U0089,P037,83.51,Cash,2024-10-20,66.04666666666667,7,2025-02-11,263,Books,81.05,Kiara Kulkarni,27,Other,2024-08-05,Product_037,Clothing,1750.62,496
T000738,U0089,P037,83.51,Cash,2024-10-20,66.04666666666667,7,2025-02-11,263,Clothing,128.41,Kiara Kulkarni,27,Other,2024-08-05,Product_037,Clothing,1750.62,496
T000738,U0089,P037,83.51,Cash,2024-10-20,66.04666666666667,7,2025-02-11,263,Electronics,123.55000000000001,Kiara Kulkarni,27,Other,2024-08-05,Product_037,Clothing,1750.62,496
T000738,U0089,P037,83.51,Cash,2024-10-20,66.04666666666667,7,2025-02-11,263,Grocery,27.79,Kiara Kulkarni,27,Other,2024-08-05,Product_037,Clothing,1750.62,496
T000738,U0089,P037,83.51,Cash,2024-10-20,66.04666666666667,7,2025-02-11,263,Home,35.48,Kiara Kulkarni,27,Other,2024-08-05,Product_037,Clothing,1750.62,496
T000739,U0100,P018,63.2,Debit Card,2023-02-23,80.97857142857143,8,2025-08-30,63,Books,84.14,Anaya Mukherjee,30,Other,2022-04-29,Product_018,Electronics,2390.82,158
T000739,U0100,P018,63.2,Debit Card,2023-02-23,80.97857142857143,8,2025-08-30,63,Electronics,63.2,Anaya Mukherjee,30,Other,2022-04-29,Product_018,Electronics,2390.82,158
T000739,U0100,P018,63.2,Debit Card,2023-02-23,80.97857142857143,8,2025-08-30,63,Grocery,52.81,Anaya Mukherjee,30,Other,2022-04-29,Product_018,Electronics,2390.82,158
T000739,U0100,P018,63.2,Debit Card,2023-02-23,80.97857142857143,8,2025-08-30,63,Home,64.62,Anaya Mukherjee,30,Other,2022-04-29,Product_018,Electronics,2390.82,158
T000739,U0100,P018,63.2,Debit Card,2023-02-23,80.97857142857143,8,2025-08-30,63,Sports,189.65,Anaya Mukherjee,30,Other,2022-04-29,Product_018,Electronics,2390.82,158
T000739,U0100,P018,63.2,Debit Card,2023-02-23,80.97857142857143,8,2025-08-30,63,Toys,112.43,Anaya Mukherjee,30,Other,2022-04-29,Product_018,Electronics,2390.82,158
T000740,U0082,P039,38.92,Debit Card,2023-03-02,57.357142857142854,7,2025-10-02,30,Books,188.73000000000002,Ishaan Verma,34,Male,2024-02-29,Product_039,Grocery,4167.72,453
T000740,U0082,P039,38.92,Debit Card,2023-03-02,57.357142857142854,7,2025-10-02,30,Electronics,61.47,Ishaan Verma,34,Male,2024-02-29,Product_039,Grocery,4167.72,453
T000740,U0082,P039,38.92,Debit Card,2023-03-02,57.357142857142854,7,2025-10-02,30,Grocery,38.92,Ishaan Verma,34,Male,2024-02-29,Product_039,Grocery,4167.72,453
T000740,U0082,P039,38.92,Debit Card,2023-03-02,57.357142857142854,7,2025-10-02,30,Home,112.38,Ishaan Verma,34,Male,2024-02-29,Product_039,Grocery,4167.72,453
T000741,U0200,P018,25.33,Credit Card,2025-08-24,57.14833333333333,6,2025-08-24,69,Books,80.5,Kiara Nair,22,Other,2022-01-27,Product_018,Electronics,2390.82,158
T000741,U0200,P018,25.33,Credit Card,2025-08-24,57.14833333333333,6,2025-08-24,69,Clothing,44.29,Kiara Nair,22,Other,2022-01-27,Product_018,Electronics,2390.82,158
T000741,U0200,P018,25.33,Credit Card,2025-08-24,57.14833333333333,6,2025-08-24,69,Electronics,25.33,Kiara Nair,22,Other,2022-01-27,Product_018,Electronics,2390.82,158
T000741,U0200,P018,25.33,Credit Card,2025-08-24,57.14833333333333,6,2025-08-24,69,Grocery,73.37,Kiara Nair,22,Other,2022-01-27,Product_018,Electronics,2390.82,158
T000741,U0200,P018,25.33,Credit Card,2025-08-24,57.14833333333333,6,2025-08-24,69,Home,38.65,Kiara Nair,22,Other,2022-01-27,Product_018,Electronics,2390.82,158
T000741,U0200,P018,25.33,Credit Card,2025-08-24,57.14833333333333,6,2025-08-24,69,Toys,80.75,Kiara Nair,22,Other,2022-01-27,Product_018,Electronics,2390.82,158
T000742,U0136,P023,92.16,Cash,2024-04-21,86.9,5,2025-03-06,240,Books,92.16,Anaya Bose,44,Other,2024-05-10,Product_023,Books,1984.98,450
T000742,U0136,P023,92.16,Cash,2024-04-21,86.9,5,2025-03-06,240,Clothing,54.93,Anaya Bose,44,Other,2024-05-10,Product_023,Books,1984.98,450
T000742,U0136,P023,92.16,Cash,2024-04-21,86.9,5,2025-03-06,240,Grocery,37.57,Anaya Bose,44,Other,2024-05-10,Product_023,Books,1984.98,450
T000742,U0136,P023,92.16,Cash,2024-04-21,86.9,5,2025-03-06,240,Home,162.94,Anaya Bose,44,Other,2024-05-10,Product_023,Books,1984.98,450
T000743,U0041,P007,80.65,Debit Card,2024-05-08,96.9475,5,2025-09-18,44,Books,224.42000000000002,Sara Mukherjee,37,Male,2024-02-13,Product_007,Books,2084.59,134
T000743,U0041,P007,80.65,Debit Card,2024-05-08,96.9475,5,2025-09-18,44,Clothing,56.21,Sara Mukherjee,37,Male,2024-02-13,Product_007,Books,2084.59,134
T000743,U0041,P007,80.65,Debit Card,2024-05-08,96.9475,5,2025-09-18,44,Electronics,43.92,Sara Mukherjee,37,Male,2024-02-13,Product_007,Books,2084.59,134
T000743,U0041,P007,80.65,Debit Card,2024-05-08,96.9475,5,2025-09-18,44,Home,63.24,Sara Mukherjee,37,Male,2024-02-13,Product_007,Books,2084.59,134
T000744,U0069,P035,51.44,Wallet,2023-04-25,92.42,6,2023-11-12,720,Books,52.76,Ira Nair,34,Female,2023-11-17,Product_035,Sports,2998.97,82
T000744,U0069,P035,51.44,Wallet,2023-04-25,92.42,6,2023-11-12,720,Clothing,108.65,Ira Nair,34,Female,2023-11-17,Product_035,Sports,2998.97,82
T000744,U0069,P035,51.44,Wallet,2023-04-25,92.42,6,2023-11-12,720,Home,92.78,Ira Nair,34,Female,2023-11-17,Product_035,Sports,2998.97,82
T000744,U0069,P035,51.44,Wallet,2023-04-25,92.42,6,2023-11-12,720,Sports,207.91,Ira Nair,34,Female,2023-11-17,Product_035,Sports,2998.97,82
T000745,U0196,P015,165.34,Cash,2025-03-06,88.99714285714286,7,2025-08-21,72,Beauty,94.92999999999999,Kabir Kulkarni,35,Other,2024-08-01,Product_015,Books,2286.25,251
T000745,U0196,P015,165.34,Cash,2025-03-06,88.99714285714286,7,2025-08-21,72,Books,196.74,Kabir Kulkarni,35,Other,2024-08-01,Product_015,Books,2286.25,251
T000745,U0196,P015,165.34,Cash,2025-03-06,88.99714285714286,7,2025-08-21,72,Grocery,226.74,Kabir Kulkarni,35,Other,2024-08-01,Product_015,Books,2286.25,251
T000745,U0196,P015,165.34,Cash,2025-03-06,88.99714285714286,7,2025-08-21,72,Home,104.57,Kabir Kulkarni,35,Other,2024-08-01,Product_015,Books,2286.25,251
T000746,U0091,P012,28.73,Debit Card,2024-04-29,28.23,2,2024-04-29,551,Electronics,27.73,Reyansh Nair,32,Female,2022-10-01,Product_012,Sports,4263.31,176
T000746,U0091,P012,28.73,Debit Card,2024-04-29,28.23,2,2024-04-29,551,Sports,28.73,Reyansh Nair,32,Female,2022-10-01,Product_012,Sports,4263.31,176
T000747,U0152,P021,21.86,Wallet,2025-01-04,59.41,4,2025-09-30,32,Books,21.86,Vivaan Mehta,34,Other,2023-11-09,Product_021,Books,3055.12,169
T000747,U0152,P021,21.86,Wallet,2025-01-04,59.41,4,2025-09-30,32,Electronics,179.73000000000002,Vivaan Mehta,34,Other,2023-11-09,Product_021,Books,3055.12,169
T000747,U0152,P021,21.86,Wallet,2025-01-04,59.41,4,2025-09-30,32,Grocery,36.05,Vivaan Mehta,34,Other,2023-11-09,Product_021,Books,3055.12,169
T000748,U0152,P002,36.05,Wallet,2024-12-21,59.41,4,2025-09-30,32,Books,21.86,Vivaan Mehta,34,Other,2023-11-09,Product_002,Grocery,605.91,150
T000748,U0152,P002,36.05,Wallet,2024-12-21,59.41,4,2025-09-30,32,Electronics,179.73000000000002,Vivaan Mehta,34,Other,2023-11-09,Product_002,Grocery,605.91,150
T000748,U0152,P002,36.05,Wallet,2024-12-21,59.41,4,2025-09-30,32,Grocery,36.05,Vivaan Mehta,34,Other,2023-11-09,Product_002,Grocery,605.91,150
T000749,U0146,P037,53.13,Debit Card,2024-01-21,69.02333333333334,4,2024-11-10,356,Beauty,71.67,Meera Patel,38,Other,2023-04-22,Product_037,Clothing,1750.62,496
T000749,U0146,P037,53.13,Debit Card,2024-01-21,69.02333333333334,4,2024-11-10,356,Clothing,53.13,Meera Patel,38,Other,2023-04-22,Product_037,Clothing,1750.62,496
T000749,U0146,P037,53.13,Debit Card,2024-01-21,69.02333333333334,4,2024-11-10,356,Electronics,45.34,Meera Patel,38,Other,2023-04-22,Product_037,Clothing,1750.62,496
T000749,U0146,P037,53.13,Debit Card,2024-01-21,69.02333333333334,4,2024-11-10,356,Home,36.93,Meera Patel,38,Other,2023-04-22,Product_037,Clothing,1750.62,496
T000750,U0127,P035,63.18,UPI,2023-12-26,130.4,2,2025-10-25,7,Beauty,197.62,Ishaan Nair,24,Female,2022-03-24,Product_035,Sports,2998.97,82
T000750,U0127,P035,63.18,UPI,2023-12-26,130.4,2,2025-10-25,7,Sports,63.18,Ishaan Nair,24,Female,2022-03-24,Product_035,Sports,2998.97,82
T000751,U0126,P003,47.24,Credit Card,2023-04-26,79.38199999999999,6,2024-07-27,462,Beauty,47.24,Myra Gupta,49,Other,2022-08-29,Product_003,Beauty,3027.98,127
T000751,U0126,P003,47.24,Credit Card,2023-04-26,79.38199999999999,6,2024-07-27,462,Books,16.46,Myra Gupta,49,Other,2022-08-29,Product_003,Beauty,3027.98,127
T000751,U0126,P003,47.24,Credit Card,2023-04-26,79.38199999999999,6,2024-07-27,462,Home,68.66,Myra Gupta,49,Other,2022-08-29,Product_003,Beauty,3027.98,127
T000751,U0126,P003,47.24,Credit Card,2023-04-26,79.38199999999999,6,2024-07-27,462,Sports,115.98,Myra Gupta,49,Other,2022-08-29,Product_003,Beauty,3027.98,127
T000751,U0126,P003,47.24,Credit Card,2023-04-26,79.38199999999999,6,2024-07-27,462,Toys,148.57,Myra Gupta,49,Other,2022-08-29,Product_003,Beauty,3027.98,127
T000752,U0060,P039,67.44,Debit Card,2023-02-10,47.62,2,2024-09-25,402,Grocery,67.44,Ishaan Roy,39,Female,2023-12-15,Product_039,Grocery,4167.72,453
T000752,U0060,P039,67.44,Debit Card,2023-02-10,47.62,2,2024-09-25,402,Sports,27.8,Ishaan Roy,39,Female,2023-12-15,Product_039,Grocery,4167.72,453
T000753,U0135,P031,25.77,Credit Card,2024-11-10,66.34857142857143,8,2025-05-02,183,Beauty,105.1,Ishaan Mukherjee,24,Female,2023-02-03,Product_031,Grocery,3035.94,111
T000753,U0135,P031,25.77,Credit Card,2024-11-10,66.34857142857143,8,2025-05-02,183,Books,63.46,Ishaan Mukherjee,24,Female,2023-02-03,Product_031,Grocery,3035.94,111
T000753,U0135,P031,25.77,Credit Card,2024-11-10,66.34857142857143,8,2025-05-02,183,Clothing,92.0,Ishaan Mukherjee,24,Female,2023-02-03,Product_031,Grocery,3035.94,111
T000753,U0135,P031,25.77,Credit Card,2024-11-10,66.34857142857143,8,2025-05-02,183,Grocery,25.77,Ishaan Mukherjee,24,Female,2023-02-03,Product_031,Grocery,3035.94,111
T000753,U0135,P031,25.77,Credit Card,2024-11-10,66.34857142857143,8,2025-05-02,183,Home,85.44999999999999,Ishaan Mukherjee,24,Female,2023-02-03,Product_031,Grocery,3035.94,111
T000753,U0135,P031,25.77,Credit Card,2024-11-10,66.34857142857143,8,2025-05-02,183,Toys,92.66,Ishaan Mukherjee,24,Female,2023-02-03,Product_031,Grocery,3035.94,111
T000754,U0158,P013,129.83,Debit Card,2024-11-28,68.458,5,2025-05-29,156,Beauty,129.83,Saanvi Khan,35,Female,2024-04-30,Product_013,Beauty,3354.37,155
T000754,U0158,P013,129.83,Debit Card,2024-11-28,68.458,5,2025-05-29,156,Grocery,15.27,Saanvi Khan,35,Female,2024-04-30,Product_013,Beauty,3354.37,155
T000754,U0158,P013,129.83,Debit Card,2024-11-28,68.458,5,2025-05-29,156,Home,70.67,Saanvi Khan,35,Female,2024-04-30,Product_013,Beauty,3354.37,155
T000754,U0158,P013,129.83,Debit Card,2024-11-28,68.458,5,2025-05-29,156,Toys,126.52000000000001,Saanvi Khan,35,Female,2024-04-30,Product_013,Beauty,3354.37,155
T000755,U0184,P012,51.97,UPI,2023-05-02,95.79,6,2025-07-15,109,Clothing,23.72,Kiara Kulkarni,35,Other,2022-08-20,Product_012,Sports,4263.31,176
T000755,U0184,P012,51.97,UPI,2023-05-02,95.79,6,2025-07-15,109,Home,228.73,Kiara Kulkarni,35,Other,2022-08-20,Product_012,Sports,4263.31,176
T000755,U0184,P012,51.97,UPI,2023-05-02,95.79,6,2025-07-15,109,Sports,322.28999999999996,Kiara Kulkarni,35,Other,2022-08-20,Product_012,Sports,4263.31,176
T000756,U0006,P010,106.74,Cash,2023-10-18,71.30499999999999,2,2025-06-27,127,Books,35.87,Aarohi Mukherjee,30,Male,2023-08-27,Product_010,Sports,1315.44,77
T000756,U0006,P010,106.74,Cash,2023-10-18,71.30499999999999,2,2025-06-27,127,Sports,106.74,Aarohi Mukherjee,30,Male,2023-08-27,Product_010,Sports,1315.44,77
T000757,U0199,P008,67.06,Cash,2025-01-17,76.08555555555556,9,2025-08-12,81,Books,288.35,Meera Roy,32,Male,2022-02-10,Product_008,Books,4534.16,161
T000757,U0199,P008,67.06,Cash,2025-01-17,76.08555555555556,9,2025-08-12,81,Clothing,40.28,Meera Roy,32,Male,2022-02-10,Product_008,Books,4534.16,161
T000757,U0199,P008,67.06,Cash,2025-01-17,76.08555555555556,9,2025-08-12,81,Electronics,61.43,Meera Roy,32,Male,2022-02-10,Product_008,Books,4534.16,161
T000757,U0199,P008,67.06,Cash,2025-01-17,76.08555555555556,9,2025-08-12,81,Home,255.7,Meera Roy,32,Male,2022-02-10,Product_008,Books,4534.16,161
T000757,U0199,P008,67.06,Cash,2025-01-17,76.08555555555556,9,2025-08-12,81,Sports,39.01,Meera Roy,32,Male,2022-02-10,Product_008,Books,4534.16,161
T000758,U0019,P024,71.81,Wallet,2025-03-21,61.866666666666674,3,2025-03-21,225,Beauty,113.79,Aarohi Ghosh,24,Other,2024-05-13,Product_024,Home,2509.0,267
T000758,U0019,P024,71.81,Wallet,2025-03-21,61.866666666666674,3,2025-03-21,225,Home,71.81,Aarohi Ghosh,24,Other,2024-05-13,Product_024,Home,2509.0,267
T000759,U0151,P007,76.85,UPI,2024-09-10,71.11875,8,2025-03-26,220,Beauty,33.2,Kabir Kulkarni,34,Male,2024-03-12,Product_007,Books,2084.59,134
T000759,U0151,P007,76.85,UPI,2024-09-10,71.11875,8,2025-03-26,220,Books,263.46,Kabir Kulkarni,34,Male,2024-03-12,Product_007,Books,2084.59,134
T000759,U0151,P007,76.85,UPI,2024-09-10,71.11875,8,2025-03-26,220,Clothing,136.95,Kabir Kulkarni,34,Male,2024-03-12,Product_007,Books,2084.59,134
T000759,U0151,P007,76.85,UPI,2024-09-10,71.11875,8,2025-03-26,220,Sports,79.01,Kabir Kulkarni,34,Male,2024-03-12,Product_007,Books,2084.59,134
T000759,U0151,P007,76.85,UPI,2024-09-10,71.11875,8,2025-03-26,220,Toys,56.33,Kabir Kulkarni,34,Male,2024-03-12,Product_007,Books,2084.59,134
T000760,U0083,P009,71.42,Debit Card,2025-06-13,59.12375,8,2025-10-23,9,Books,103.51,Arjun Khan,43,Male,2023-07-19,Product_009,Clothing,1799.44,163
T000760,U0083,P009,71.42,Debit Card,2025-06-13,59.12375,8,2025-10-23,9,Clothing,71.42,Arjun Khan,43,Male,2023-07-19,Product_009,Clothing,1799.44,163
T000760,U0083,P009,71.42,Debit Card,2025-06-13,59.12375,8,2025-10-23,9,Grocery,99.24000000000001,Arjun Khan,43,Male,2023-07-19,Product_009,Clothing,1799.44,163
T000760,U0083,P009,71.42,Debit Card,2025-06-13,59.12375,8,2025-10-23,9,Home,140.98,Arjun Khan,43,Male,2023-07-19,Product_009,Clothing,1799.44,163
T000760,U0083,P009,71.42,Debit Card,2025-06-13,59.12375,8,2025-10-23,9,Toys,57.84,Arjun Khan,43,Male,2023-07-19,Product_009,Clothing,1799.44,163
T000761,U0164,P032,80.29,Wallet,2024-10-11,63.097142857142856,7,2025-10-13,19,Beauty,65.06,Muhammad Gupta,25,Male,2023-05-16,Product_032,Books,2913.02,176
T000761,U0164,P032,80.29,Wallet,2024-10-11,63.097142857142856,7,2025-10-13,19,Books,98.06,Muhammad Gupta,25,Male,2023-05-16,Product_032,Books,2913.02,176
T000761,U0164,P032,80.29,Wallet,2024-10-11,63.097142857142856,7,2025-10-13,19,Clothing,160.86,Muhammad Gupta,25,Male,2023-05-16,Product_032,Books,2913.02,176
T000761,U0164,P032,80.29,Wallet,2024-10-11,63.097142857142856,7,2025-10-13,19,Home,117.7,Muhammad Gupta,25,Male,2023-05-16,Product_032,Books,2913.02,176
T000762,U0045,P046,121.21,Cash,2024-12-31,85.19375,8,2025-04-10,205,Beauty,120.96,Sai Chopra,20,Male,2022-03-14,Product_046,Toys,4970.99,267
T000762,U0045,P046,121.21,Cash,2024-12-31,85.19375,8,2025-04-10,205,Books,218.42,Sai Chopra,20,Male,2022-03-14,Product_046,Toys,4970.99,267
T000762,U0045,P046,121.21,Cash,2024-12-31,85.19375,8,2025-04-10,205,Clothing,94.7,Sai Chopra,20,Male,2022-03-14,Product_046,Toys,4970.99,267
T000762,U0045,P046,121.21,Cash,2024-12-31,85.19375,8,2025-04-10,205,Grocery,63.37,Sai Chopra,20,Male,2022-03-14,Product_046,Toys,4970.99,267
T000762,U0045,P046,121.21,Cash,2024-12-31,85.19375,8,2025-04-10,205,Toys,184.1,Sai Chopra,20,Male,2022-03-14,Product_046,Toys,4970.99,267
T000763,U0058,P043,61.43,Cash,2023-12-26,52.6725,4,2025-05-02,183,Books,39.71,Meera Joshi,29,Male,2024-07-13,Product_043,Home,3416.65,309
T000763,U0058,P043,61.43,Cash,2023-12-26,52.6725,4,2025-05-02,183,Clothing,56.16,Meera Joshi,29,Male,2024-07-13,Product_043,Home,3416.65,309
T000763,U0058,P043,61.43,Cash,2023-12-26,52.6725,4,2025-05-02,183,Grocery,53.39,Meera Joshi,29,Male,2024-07-13,Product_043,Home,3416.65,309
T000763,U0058,P043,61.43,Cash,2023-12-26,52.6725,4,2025-05-02,183,Home,61.43,Meera Joshi,29,Male,2024-07-13,Product_043,Home,3416.65,309
T000764,U0097,P020,83.55,Wallet,2024-08-26,85.14,6,2025-09-08,54,Books,18.09,Aarohi Nair,34,Male,2024-06-17,Product_020,Toys,1595.75,428
T000764,U0097,P020,83.55,Wallet,2024-08-26,85.14,6,2025-09-08,54,Clothing,84.39,Aarohi Nair,34,Male,2024-06-17,Product_020,Toys,1595.75,428
T000764,U0097,P020,83.55,Wallet,2024-08-26,85.14,6,2025-09-08,54,Electronics,70.48,Aarohi Nair,34,Male,2024-06-17,Product_020,Toys,1595.75,428
T000764,U0097,P020,83.55,Wallet,2024-08-26,85.14,6,2025-09-08,54,Home,191.14,Aarohi Nair,34,Male,2024-06-17,Product_020,Toys,1595.75,428
T000764,U0097,P020,83.55,Wallet,2024-08-26,85.14,6,2025-09-08,54,Toys,146.74,Aarohi Nair,34,Male,2024-06-17,Product_020,Toys,1595.75,428
T000765,U0033,P012,51.74,Wallet,2023-01-04,83.705,7,2025-02-03,271,Books,134.43,Ishaan Amin,31,Male,2024-07-23,Product_012,Sports,4263.31,176
T000765,U0033,P012,51.74,Wallet,2023-01-04,83.705,7,2025-02-03,271,Clothing,111.84,Ishaan Amin,31,Male,2024-07-23,Product_012,Sports,4263.31,176
T000765,U0033,P012,51.74,Wallet,2023-01-04,83.705,7,2025-02-03,271,Home,147.03,Ishaan Amin,31,Male,2024-07-23,Product_012,Sports,4263.31,176
T000765,U0033,P012,51.74,Wallet,2023-01-04,83.705,7,2025-02-03,271,Sports,51.74,Ishaan Amin,31,Male,2024-07-23,Product_012,Sports,4263.31,176
T000765,U0033,P012,51.74,Wallet,2023-01-04,83.705,7,2025-02-03,271,Toys,57.19,Ishaan Amin,31,Male,2024-07-23,Product_012,Sports,4263.31,176
T000766,U0180,P037,129.55,Net Banking,2023-03-08,69.09142857142858,7,2025-10-13,19,Clothing,190.78,Reyansh Verma,53,Female,2022-04-27,Product_037,Clothing,1750.62,496
T000766,U0180,P037,129.55,Net Banking,2023-03-08,69.09142857142858,7,2025-10-13,19,Grocery,221.44,Reyansh Verma,53,Female,2022-04-27,Product_037,Clothing,1750.62,496
T000766,U0180,P037,129.55,Net Banking,2023-03-08,69.09142857142858,7,2025-10-13,19,Home,41.25,Reyansh Verma,53,Female,2022-04-27,Product_037,Clothing,1750.62,496
T000766,U0180,P037,129.55,Net Banking,2023-03-08,69.09142857142858,7,2025-10-13,19,Sports,30.17,Reyansh Verma,53,Female,2022-04-27,Product_037,Clothing,1750.62,496
T000767,U0047,P039,36.39,UPI,2024-03-28,40.7375,4,2025-10-04,28,Books,52.54,Anaya Gupta,28,Other,2022-10-13,Product_039,Grocery,4167.72,453
T000767,U0047,P039,36.39,UPI,2024-03-28,40.7375,4,2025-10-04,28,Grocery,86.52000000000001,Anaya Gupta,28,Other,2022-10-13,Product_039,Grocery,4167.72,453
T000767,U0047,P039,36.39,UPI,2024-03-28,40.7375,4,2025-10-04,28,Home,23.89,Anaya Gupta,28,Other,2022-10-13,Product_039,Grocery,4167.72,453
T000768,U0164,P037,160.86,Credit Card,2025-10-13,63.097142857142856,7,2025-10-13,19,Beauty,65.06,Muhammad Gupta,25,Male,2023-05-16,Product_037,Clothing,1750.62,496
T000768,U0164,P037,160.86,Credit Card,2025-10-13,63.097142857142856,7,2025-10-13,19,Books,98.06,Muhammad Gupta,25,Male,2023-05-16,Product_037,Clothing,1750.62,496
T000768,U0164,P037,160.86,Credit Card,2025-10-13,63.097142857142856,7,2025-10-13,19,Clothing,160.86,Muhammad Gupta,25,Male,2023-05-16,Product_037,Clothing,1750.62,496
T000768,U0164,P037,160.86,Credit Card,2025-10-13,63.097142857142856,7,2025-10-13,19,Home,117.7,Muhammad Gupta,25,Male,2023-05-16,Product_037,Clothing,1750.62,496
T000769,U0037,P022,53.3,Wallet,2023-06-09,63.22,4,2025-04-02,213,Books,90.93,Aarav Patel,33,Female,2022-09-03,Product_022,Electronics,3207.91,466
T000769,U0037,P022,53.3,Wallet,2023-06-09,63.22,4,2025-04-02,213,Clothing,69.95,Aarav Patel,33,Female,2022-09-03,Product_022,Electronics,3207.91,466
T000769,U0037,P022,53.3,Wallet,2023-06-09,63.22,4,2025-04-02,213,Electronics,53.3,Aarav Patel,33,Female,2022-09-03,Product_022,Electronics,3207.91,466
T000769,U0037,P022,53.3,Wallet,2023-06-09,63.22,4,2025-04-02,213,Grocery,38.7,Aarav Patel,33,Female,2022-09-03,Product_022,Electronics,3207.91,466
T000770,U0061,P023,23.14,UPI,2023-12-10,101.10333333333334,7,2025-06-28,126,Books,78.55,Aarohi Joshi,28,Male,2022-10-31,Product_023,Books,1984.98,450
T000770,U0061,P023,23.14,UPI,2023-12-10,101.10333333333334,7,2025-06-28,126,Clothing,163.11,Aarohi Joshi,28,Male,2022-10-31,Product_023,Books,1984.98,450
T000770,U0061,P023,23.14,UPI,2023-12-10,101.10333333333334,7,2025-06-28,126,Grocery,230.91,Aarohi Joshi,28,Male,2022-10-31,Product_023,Books,1984.98,450
T000770,U0061,P023,23.14,UPI,2023-12-10,101.10333333333334,7,2025-06-28,126,Home,91.79,Aarohi Joshi,28,Male,2022-10-31,Product_023,Books,1984.98,450
T000770,U0061,P023,23.14,UPI,2023-12-10,101.10333333333334,7,2025-06-28,126,Toys,42.26,Aarohi Joshi,28,Male,2022-10-31,Product_023,Books,1984.98,450
T000771,U0163,P006,58.96,Wallet,2024-11-18,127.97166666666668,7,2025-01-23,282,Beauty,76.58,Sara Khan,41,Other,2023-06-14,Product_006,Clothing,3250.7,481
T000771,U0163,P006,58.96,Wallet,2024-11-18,127.97166666666668,7,2025-01-23,282,Books,62.47,Sara Khan,41,Other,2023-06-14,Product_006,Clothing,3250.7,481
T000771,U0163,P006,58.96,Wallet,2024-11-18,127.97166666666668,7,2025-01-23,282,Clothing,58.96,Sara Khan,41,Other,2023-06-14,Product_006,Clothing,3250.7,481
T000771,U0163,P006,58.96,Wallet,2024-11-18,127.97166666666668,7,2025-01-23,282,Home,297.73,Sara Khan,41,Other,2023-06-14,Product_006,Clothing,3250.7,481
T000771,U0163,P006,58.96,Wallet,2024-11-18,127.97166666666668,7,2025-01-23,282,Toys,272.09000000000003,Sara Khan,41,Other,2023-06-14,Product_006,Clothing,3250.7,481
T000772,U0115,P001,36.28,UPI,2024-03-05,44.77333333333333,6,2025-10-15,17,Books,30.12,Aarav Verma,30,Male,2023-09-18,Product_001,Grocery,264.89,371
T000772,U0115,P001,36.28,UPI,2024-03-05,44.77333333333333,6,2025-10-15,17,Grocery,118.68,Aarav Verma,30,Male,2023-09-18,Product_001,Grocery,264.89,371
T000772,U0115,P001,36.28,UPI,2024-03-05,44.77333333333333,6,2025-10-15,17,Home,80.47,Aarav Verma,30,Male,2023-09-18,Product_001,Grocery,264.89,371
T000772,U0115,P001,36.28,UPI,2024-03-05,44.77333333333333,6,2025-10-15,17,Sports,39.37,Aarav Verma,30,Male,2023-09-18,Product_001,Grocery,264.89,371
T000773,U0064,P045,90.41,Credit Card,2024-12-18,81.41333333333334,7,2025-03-15,231,Beauty,140.39,Ira Amin,22,Male,2024-09-10,Product_045,Grocery,992.11,139
T000773,U0064,P045,90.41,Credit Card,2024-12-18,81.41333333333334,7,2025-03-15,231,Electronics,68.68,Ira Amin,22,Male,2024-09-10,Product_045,Grocery,992.11,139
T000773,U0064,P045,90.41,Credit Card,2024-12-18,81.41333333333334,7,2025-03-15,231,Grocery,90.41,Ira Amin,22,Male,2024-09-10,Product_045,Grocery,992.11,139
T000773,U0064,P045,90.41,Credit Card,2024-12-18,81.41333333333334,7,2025-03-15,231,Home,40.97,Ira Amin,22,Male,2024-09-10,Product_045,Grocery,992.11,139
T000773,U0064,P045,90.41,Credit Card,2024-12-18,81.41333333333334,7,2025-03-15,231,Sports,122.71000000000001,Ira Amin,22,Male,2024-09-10,Product_045,Grocery,992.11,139
T000773,U0064,P045,90.41,Credit Card,2024-12-18,81.41333333333334,7,2025-03-15,231,Toys,25.32,Ira Amin,22,Male,2024-09-10,Product_045,Grocery,992.11,139
T000774,U0066,P007,36.91,Wallet,2023-01-03,41.803333333333335,3,2025-10-01,31,Books,36.91,Aditya Ghosh,42,Female,2024-08-22,Product_007,Books,2084.59,134
T000774,U0066,P007,36.91,Wallet,2023-01-03,41.803333333333335,3,2025-10-01,31,Grocery,30.3,Aditya Ghosh,42,Female,2024-08-22,Product_007,Books,2084.59,134
T000774,U0066,P007,36.91,Wallet,2023-01-03,41.803333333333335,3,2025-10-01,31,Home,58.2,Aditya Ghosh,42,Female,2024-08-22,Product_007,Books,2084.59,134
T000775,U0013,P025,41.77,Net Banking,2025-05-09,96.2925,4,2025-05-09,176,Books,57.05,Diya Chopra,33,Male,2022-02-16,Product_025,Electronics,1408.97,272
T000775,U0013,P025,41.77,Net Banking,2025-05-09,96.2925,4,2025-05-09,176,Clothing,197.43,Diya Chopra,33,Male,2022-02-16,Product_025,Electronics,1408.97,272
T000775,U0013,P025,41.77,Net Banking,2025-05-09,96.2925,4,2025-05-09,176,Electronics,130.69,Diya Chopra,33,Male,2022-02-16,Product_025,Electronics,1408.97,272
T000776,U0043,P027,17.57,Net Banking,2025-02-14,95.22,7,2025-06-23,131,Beauty,102.49,Ira Roy,31,Male,2022-08-19,Product_027,Toys,2241.45,134
T000776,U0043,P027,17.57,Net Banking,2025-02-14,95.22,7,2025-06-23,131,Books,168.36,Ira Roy,31,Male,2022-08-19,Product_027,Toys,2241.45,134
T000776,U0043,P027,17.57,Net Banking,2025-02-14,95.22,7,2025-06-23,131,Grocery,55.58,Ira Roy,31,Male,2022-08-19,Product_027,Toys,2241.45,134
T000776,U0043,P027,17.57,Net Banking,2025-02-14,95.22,7,2025-06-23,131,Home,322.53999999999996,Ira Roy,31,Male,2022-08-19,Product_027,Toys,2241.45,134
T000776,U0043,P027,17.57,Net Banking,2025-02-14,95.22,7,2025-06-23,131,Toys,17.57,Ira Roy,31,Male,2022-08-19,Product_027,Toys,2241.45,134
T000777,U0090,P035,41.62,Net Banking,2023-07-27,57.08,5,2025-03-13,233,Books,97.86,Sai Iyer,36,Male,2022-01-26,Product_035,Sports,2998.97,82
T000777,U0090,P035,41.62,Net Banking,2023-07-27,57.08,5,2025-03-13,233,Electronics,98.55,Sai Iyer,36,Male,2022-01-26,Product_035,Sports,2998.97,82
T000777,U0090,P035,41.62,Net Banking,2023-07-27,57.08,5,2025-03-13,233,Home,27.84,Sai Iyer,36,Male,2022-01-26,Product_035,Sports,2998.97,82
T000777,U0090,P035,41.62,Net Banking,2023-07-27,57.08,5,2025-03-13,233,Sports,41.62,Sai Iyer,36,Male,2022-01-26,Product_035,Sports,2998.97,82
T000777,U0090,P035,41.62,Net Banking,2023-07-27,57.08,5,2025-03-13,233,Toys,19.53,Sai Iyer,36,Male,2022-01-26,Product_035,Sports,2998.97,82
T000778,U0123,P037,12.75,Wallet,2024-04-06,51.17285714285714,7,2025-03-26,220,Beauty,172.5,Aarohi Roy,43,Male,2023-04-06,Product_037,Clothing,1750.62,496
T000778,U0123,P037,12.75,Wallet,2024-04-06,51.17285714285714,7,2025-03-26,220,Books,106.53,Aarohi Roy,43,Male,2023-04-06,Product_037,Clothing,1750.62,496
T000778,U0123,P037,12.75,Wallet,2024-04-06,51.17285714285714,7,2025-03-26,220,Clothing,12.75,Aarohi Roy,43,Male,2023-04-06,Product_037,Clothing,1750.62,496
T000778,U0123,P037,12.75,Wallet,2024-04-06,51.17285714285714,7,2025-03-26,220,Home,66.43,Aarohi Roy,43,Male,2023-04-06,Product_037,Clothing,1750.62,496
T000779,U0042,P029,21.11,Credit Card,2023-03-10,49.59,3,2025-10-11,21,Clothing,74.46000000000001,Muhammad Singh,33,Female,2023-03-25,Product_029,Clothing,128.31,289
T000779,U0042,P029,21.11,Credit Card,2023-03-10,49.59,3,2025-10-11,21,Electronics,74.31,Muhammad Singh,33,Female,2023-03-25,Product_029,Clothing,128.31,289
T000780,U0076,P002,86.16,UPI,2024-06-18,71.53428571428572,7,2025-10-13,19,Books,240.39999999999998,Ira Sharma,38,Other,2022-11-03,Product_002,Grocery,605.91,150
T000780,U0076,P002,86.16,UPI,2024-06-18,71.53428571428572,7,2025-10-13,19,Clothing,60.89,Ira Sharma,38,Other,2022-11-03,Product_002,Grocery,605.91,150
T000780,U0076,P002,86.16,UPI,2024-06-18,71.53428571428572,7,2025-10-13,19,Electronics,59.75,Ira Sharma,38,Other,2022-11-03,Product_002,Grocery,605.91,150
T000780,U0076,P002,86.16,UPI,2024-06-18,71.53428571428572,7,2025-10-13,19,Grocery,86.16,Ira Sharma,38,Other,2022-11-03,Product_002,Grocery,605.91,150
T000780,U0076,P002,86.16,UPI,2024-06-18,71.53428571428572,7,2025-10-13,19,Sports,53.54,Ira Sharma,38,Other,2022-11-03,Product_002,Grocery,605.91,150
T000781,U0027,P005,87.49,UPI,2023-12-15,60.365,4,2024-12-25,311,Books,87.49,Vihaan Reddy,22,Other,2024-03-22,Product_005,Books,1178.99,18
T000781,U0027,P005,87.49,UPI,2023-12-15,60.365,4,2024-12-25,311,Clothing,54.2,Vihaan Reddy,22,Other,2024-03-22,Product_005,Books,1178.99,18
T000781,U0027,P005,87.49,UPI,2023-12-15,60.365,4,2024-12-25,311,Grocery,69.37,Vihaan Reddy,22,Other,2024-03-22,Product_005,Books,1178.99,18
T000781,U0027,P005,87.49,UPI,2023-12-15,60.365,4,2024-12-25,311,Home,30.4,Vihaan Reddy,22,Other,2024-03-22,Product_005,Books,1178.99,18
T000782,U0097,P011,70.48,Wallet,2023-06-03,85.14,6,2025-09-08,54,Books,18.09,Aarohi Nair,34,Male,2024-06-17,Product_011,Electronics,1410.29,28
T000782,U0097,P011,70.48,Wallet,2023-06-03,85.14,6,2025-09-08,54,Clothing,84.39,Aarohi Nair,34,Male,2024-06-17,Product_011,Electronics,1410.29,28
T000782,U0097,P011,70.48,Wallet,2023-06-03,85.14,6,2025-09-08,54,Electronics,70.48,Aarohi Nair,34,Male,2024-06-17,Product_011,Electronics,1410.29,28
T000782,U0097,P011,70.48,Wallet,2023-06-03,85.14,6,2025-09-08,54,Home,191.14,Aarohi Nair,34,Male,2024-06-17,Product_011,Electronics,1410.29,28
T000782,U0097,P011,70.48,Wallet,2023-06-03,85.14,6,2025-09-08,54,Toys,146.74,Aarohi Nair,34,Male,2024-06-17,Product_011,Electronics,1410.29,28
T000783,U0141,P006,30.56,UPI,2025-09-15,70.26857142857143,9,2025-09-15,47,Beauty,78.86,Anaya Nair,33,Female,2024-02-10,Product_006,Clothing,3250.7,481
T000783,U0141,P006,30.56,UPI,2025-09-15,70.26857142857143,9,2025-09-15,47,Books,12.19,Anaya Nair,33,Female,2024-02-10,Product_006,Clothing,3250.7,481
T000783,U0141,P006,30.56,UPI,2025-09-15,70.26857142857143,9,2025-09-15,47,Clothing,186.62,Anaya Nair,33,Female,2024-02-10,Product_006,Clothing,3250.7,481
T000783,U0141,P006,30.56,UPI,2025-09-15,70.26857142857143,9,2025-09-15,47,Electronics,168.29999999999998,Anaya Nair,33,Female,2024-02-10,Product_006,Clothing,3250.7,481
T000783,U0141,P006,30.56,UPI,2025-09-15,70.26857142857143,9,2025-09-15,47,Grocery,22.9,Anaya Nair,33,Female,2024-02-10,Product_006,Clothing,3250.7,481
T000783,U0141,P006,30.56,UPI,2025-09-15,70.26857142857143,9,2025-09-15,47,Home,23.01,Anaya Nair,33,Female,2024-02-10,Product_006,Clothing,3250.7,481
T000784,U0181,P002,53.06,Net Banking,2023-12-04,48.4,4,2023-12-04,698,Electronics,36.93,Aditya Bose,37,Female,2023-08-14,Product_002,Grocery,605.91,150
T000784,U0181,P002,53.06,Net Banking,2023-12-04,48.4,4,2023-12-04,698,Grocery,116.47,Aditya Bose,37,Female,2023-08-14,Product_002,Grocery,605.91,150
T000784,U0181,P002,53.06,Net Banking,2023-12-04,48.4,4,2023-12-04,698,Toys,40.2,Aditya Bose,37,Female,2023-08-14,Product_002,Grocery,605.91,150
T000785,U0156,P028,54.48,Debit Card,2023-04-20,92.12,4,2024-08-09,449,Clothing,46.92,Reyansh Amin,26,Other,2023-09-23,Product_028,Home,3602.11,250
T000785,U0156,P028,54.48,Debit Card,2023-04-20,92.12,4,2024-08-09,449,Home,104.47,Reyansh Amin,26,Other,2023-09-23,Product_028,Home,3602.11,250
T000785,U0156,P028,54.48,Debit Card,2023-04-20,92.12,4,2024-08-09,449,Toys,124.97,Reyansh Amin,26,Other,2023-09-23,Product_028,Home,3602.11,250
T000786,U0026,P022,27.25,Debit Card,2024-01-25,41.928,5,2024-03-16,595,Beauty,55.2,Ira Joshi,32,Male,2024-05-31,Product_022,Electronics,3207.91,466
T000786,U0026,P022,27.25,Debit Card,2024-01-25,41.928,5,2024-03-16,595,Books,16.2,Ira Joshi,32,Male,2024-05-31,Product_022,Electronics,3207.91,466
T000786,U0026,P022,27.25,Debit Card,2024-01-25,41.928,5,2024-03-16,595,Electronics,27.25,Ira Joshi,32,Male,2024-05-31,Product_022,Electronics,3207.91,466
T000786,U0026,P022,27.25,Debit Card,2024-01-25,41.928,5,2024-03-16,595,Grocery,66.32,Ira Joshi,32,Male,2024-05-31,Product_022,Electronics,3207.91,466
T000786,U0026,P022,27.25,Debit Card,2024-01-25,41.928,5,2024-03-16,595,Home,44.67,Ira Joshi,32,Male,2024-05-31,Product_022,Electronics,3207.91,466
T000787,U0105,P045,134.56,Cash,2024-06-27,98.976,6,2025-05-10,175,Beauty,202.88,Kabir Amin,30,Female,2022-12-01,Product_045,Grocery,992.11,139
T000787,U0105,P045,134.56,Cash,2024-06-27,98.976,6,2025-05-10,175,Grocery,134.56,Kabir Amin,30,Female,2022-12-01,Product_045,Grocery,992.11,139
T000787,U0105,P045,134.56,Cash,2024-06-27,98.976,6,2025-05-10,175,Sports,84.1,Kabir Amin,30,Female,2022-12-01,Product_045,Grocery,992.11,139
T000787,U0105,P045,134.56,Cash,2024-06-27,98.976,6,2025-05-10,175,Toys,73.34,Kabir Amin,30,Female,2022-12-01,Product_045,Grocery,992.11,139
T000788,U0170,P019,92.43,UPI,2024-05-01,99.21571428571428,7,2025-07-02,122,Books,172.16,Diya Roy,25,Female,2022-09-15,Product_019,Home,523.79,441
T000788,U0170,P019,92.43,UPI,2024-05-01,99.21571428571428,7,2025-07-02,122,Electronics,79.34,Diya Roy,25,Female,2022-09-15,Product_019,Home,523.79,441
T000788,U0170,P019,92.43,UPI,2024-05-01,99.21571428571428,7,2025-07-02,122,Grocery,110.02,Diya Roy,25,Female,2022-09-15,Product_019,Home,523.79,441
T000788,U0170,P019,92.43,UPI,2024-05-01,99.21571428571428,7,2025-07-02,122,Home,292.81,Diya Roy,25,Female,2022-09-15,Product_019,Home,523.79,441
T000788,U0170,P019,92.43,UPI,2024-05-01,99.21571428571428,7,2025-07-02,122,Toys,40.18,Diya Roy,25,Female,2022-09-15,Product_019,Home,523.79,441
T000789,U0025,P004,47.82,Net Banking,2025-10-02,74.69,6,2025-10-02,30,Clothing,99.75,Saanvi Bose,27,Female,2022-05-22,Product_004,Toys,2600.12,229
T000789,U0025,P004,47.82,Net Banking,2025-10-02,74.69,6,2025-10-02,30,Home,187.25,Saanvi Bose,27,Female,2022-05-22,Product_004,Toys,2600.12,229
T000789,U0025,P004,47.82,Net Banking,2025-10-02,74.69,6,2025-10-02,30,Toys,86.45,Saanvi Bose,27,Female,2022-05-22,Product_004,Toys,2600.12,229
T000790,U0040,P004,55.49,UPI,2023-01-08,91.0975,4,2025-07-09,115,Beauty,191.6,Meera Kapoor,33,Male,2023-06-25,Product_004,Toys,2600.12,229
T000790,U0040,P004,55.49,UPI,2023-01-08,91.0975,4,2025-07-09,115,Books,85.43,Meera Kapoor,33,Male,2023-06-25,Product_004,Toys,2600.12,229
T000790,U0040,P004,55.49,UPI,2023-01-08,91.0975,4,2025-07-09,115,Home,31.87,Meera Kapoor,33,Male,2023-06-25,Product_004,Toys,2600.12,229
T000790,U0040,P004,55.49,UPI,2023-01-08,91.0975,4,2025-07-09,115,Toys,55.49,Meera Kapoor,33,Male,2023-06-25,Product_004,Toys,2600.12,229
T000791,U0110,P006,61.87,UPI,2025-09-10,59.848,5,2025-09-10,52,Beauty,64.09,Saanvi Kulkarni,31,Other,2023-04-22,Product_006,Clothing,3250.7,481
T000791,U0110,P006,61.87,UPI,2025-09-10,59.848,5,2025-09-10,52,Clothing,103.32,Saanvi Kulkarni,31,Other,2023-04-22,Product_006,Clothing,3250.7,481
T000791,U0110,P006,61.87,UPI,2025-09-10,59.848,5,2025-09-10,52,Electronics,33.82,Saanvi Kulkarni,31,Other,2023-04-22,Product_006,Clothing,3250.7,481
T000791,U0110,P006,61.87,UPI,2025-09-10,59.848,5,2025-09-10,52,Sports,98.01,Saanvi Kulkarni,31,Other,2023-04-22,Product_006,Clothing,3250.7,481
T000792,U0052,P007,16.04,Credit Card,2024-02-28,69.11,12,2025-10-08,24,Beauty,57.08,Vivaan Patel,28,Male,2024-01-16,Product_007,Books,2084.59,134
T000792,U0052,P007,16.04,Credit Card,2024-02-28,69.11,12,2025-10-08,24,Books,122.91999999999999,Vivaan Patel,28,Male,2024-01-16,Product_007,Books,2084.59,134
T000792,U0052,P007,16.04,Credit Card,2024-02-28,69.11,12,2025-10-08,24,Clothing,157.13,Vivaan Patel,28,Male,2024-01-16,Product_007,Books,2084.59,134
T000792,U0052,P007,16.04,Credit Card,2024-02-28,69.11,12,2025-10-08,24,Electronics,134.35,Vivaan Patel,28,Male,2024-01-16,Product_007,Books,2084.59,134
T000792,U0052,P007,16.04,Credit Card,2024-02-28,69.11,12,2025-10-08,24,Grocery,97.29,Vivaan Patel,28,Male,2024-01-16,Product_007,Books,2084.59,134
T000792,U0052,P007,16.04,Credit Card,2024-02-28,69.11,12,2025-10-08,24,Home,191.44,Vivaan Patel,28,Male,2024-01-16,Product_007,Books,2084.59,134
T000793,U0044,P041,47.07,UPI,2023-06-17,73.16857142857144,7,2025-09-27,35,Books,12.39,Aditya Nair,29,Male,2023-07-22,Product_041,Home,3218.83,273
T000793,U0044,P041,47.07,UPI,2023-06-17,73.16857142857144,7,2025-09-27,35,Clothing,178.51000000000002,Aditya Nair,29,Male,2023-07-22,Product_041,Home,3218.83,273
T000793,U0044,P041,47.07,UPI,2023-06-17,73.16857142857144,7,2025-09-27,35,Grocery,69.48,Aditya Nair,29,Male,2023-07-22,Product_041,Home,3218.83,273
T000793,U0044,P041,47.07,UPI,2023-06-17,73.16857142857144,7,2025-09-27,35,Home,251.8,Aditya Nair,29,Male,2023-07-22,Product_041,Home,3218.83,273
T000794,U0122,P008,36.26,UPI,2025-03-25,44.423333333333325,3,2025-03-25,221,Books,36.26,Myra Kulkarni,24,Other,2023-03-13,Product_008,Books,4534.16,161
T000794,U0122,P008,36.26,UPI,2025-03-25,44.423333333333325,3,2025-03-25,221,Clothing,97.01,Myra Kulkarni,24,Other,2023-03-13,Product_008,Books,4534.16,161
T000795,U0121,P032,29.93,Wallet,2024-06-26,54.67714285714286,7,2025-08-18,75,Beauty,62.35,Ira Kapoor,38,Other,2024-08-30,Product_032,Books,2913.02,176
T000795,U0121,P032,29.93,Wallet,2024-06-26,54.67714285714286,7,2025-08-18,75,Books,79.14,Ira Kapoor,38,Other,2024-08-30,Product_032,Books,2913.02,176
T000795,U0121,P032,29.93,Wallet,2024-06-26,54.67714285714286,7,2025-08-18,75,Grocery,30.6,Ira Kapoor,38,Other,2024-08-30,Product_032,Books,2913.02,176
T000795,U0121,P032,29.93,Wallet,2024-06-26,54.67714285714286,7,2025-08-18,75,Home,111.39,Ira Kapoor,38,Other,2024-08-30,Product_032,Books,2913.02,176
T000795,U0121,P032,29.93,Wallet,2024-06-26,54.67714285714286,7,2025-08-18,75,Toys,99.26,Ira Kapoor,38,Other,2024-08-30,Product_032,Books,2913.02,176
T000796,U0024,P042,46.12,Cash,2025-03-04,75.43,11,2025-08-03,90,Beauty,112.61,Aarohi Kapoor,20,Female,2023-03-15,Product_042,Home,4406.39,59
T000796,U0024,P042,46.12,Cash,2025-03-04,75.43,11,2025-08-03,90,Books,313.02,Aarohi Kapoor,20,Female,2023-03-15,Product_042,Home,4406.39,59
T000796,U0024,P042,46.12,Cash,2025-03-04,75.43,11,2025-08-03,90,Clothing,89.07000000000001,Aarohi Kapoor,20,Female,2023-03-15,Product_042,Home,4406.39,59
T000796,U0024,P042,46.12,Cash,2025-03-04,75.43,11,2025-08-03,90,Electronics,62.27,Aarohi Kapoor,20,Female,2023-03-15,Product_042,Home,4406.39,59
T000796,U0024,P042,46.12,Cash,2025-03-04,75.43,11,2025-08-03,90,Grocery,55.78,Aarohi Kapoor,20,Female,2023-03-15,Product_042,Home,4406.39,59
T000796,U0024,P042,46.12,Cash,2025-03-04,75.43,11,2025-08-03,90,Home,46.12,Aarohi Kapoor,20,Female,2023-03-15,Product_042,Home,4406.39,59
T000797,U0048,P024,160.55,Net Banking,2025-01-26,69.612,5,2025-08-27,66,Clothing,80.2,Meera Das,40,Other,2024-01-11,Product_024,Home,2509.0,267
T000797,U0048,P024,160.55,Net Banking,2025-01-26,69.612,5,2025-08-27,66,Home,256.73,Meera Das,40,Other,2024-01-11,Product_024,Home,2509.0,267
T000797,U0048,P024,160.55,Net Banking,2025-01-26,69.612,5,2025-08-27,66,Sports,11.13,Meera Das,40,Other,2024-01-11,Product_024,Home,2509.0,267
T000798,U0048,P029,80.2,Credit Card,2024-06-23,69.612,5,2025-08-27,66,Clothing,80.2,Meera Das,40,Other,2024-01-11,Product_029,Clothing,128.31,289
T000798,U0048,P029,80.2,Credit Card,2024-06-23,69.612,5,2025-08-27,66,Home,256.73,Meera Das,40,Other,2024-01-11,Product_029,Clothing,128.31,289
T000798,U0048,P029,80.2,Credit Card,2024-06-23,69.612,5,2025-08-27,66,Sports,11.13,Meera Das,40,Other,2024-01-11,Product_029,Clothing,128.31,289
T000799,U0113,P030,38.76,UPI,2024-04-08,69.23,3,2024-04-08,572,Books,105.27,Ira Kulkarni,32,Female,2024-04-18,Product_030,Home,685.55,28
T000799,U0113,P030,38.76,UPI,2024-04-08,69.23,3,2024-04-08,572,Home,102.41999999999999,Ira Kulkarni,32,Female,2024-04-18,Product_030,Home,685.55,28
T000800,U0069,P037,76.98,Credit Card,2023-11-06,92.42,6,2023-11-12,720,Books,52.76,Ira Nair,34,Female,2023-11-17,Product_037,Clothing,1750.62,496
T000800,U0069,P037,76.98,Credit Card,2023-11-06,92.42,6,2023-11-12,720,Clothing,108.65,Ira Nair,34,Female,2023-11-17,Product_037,Clothing,1750.62,496
T000800,U0069,P037,76.98,Credit Card,2023-11-06,92.42,6,2023-11-12,720,Home,92.78,Ira Nair,34,Female,2023-11-17,Product_037,Clothing,1750.62,496
T000800,U0069,P037,76.98,Credit Card,2023-11-06,92.42,6,2023-11-12,720,Sports,207.91,Ira Nair,34,Female,2023-11-17,Product_037,Clothing,1750.62,496
T000801,U0193,P045,126.42,Wallet,2023-07-18,88.7475,5,2025-02-25,249,Books,136.95999999999998,Ishaan Chopra,33,Other,2023-03-12,Product_045,Grocery,992.11,139
T000801,U0193,P045,126.42,Wallet,2023-07-18,88.7475,5,2025-02-25,249,Electronics,91.61,Ishaan Chopra,33,Other,2023-03-12,Product_045,Grocery,992.11,139
T000801,U0193,P045,126.42,Wallet,2023-07-18,88.7475,5,2025-02-25,249,Grocery,126.42,Ishaan Chopra,33,Other,2023-03-12,Product_045,Grocery,992.11,139
T000802,U0022,P043,95.09,UPI,2025-04-27,65.67,5,2025-04-27,188,Books,43.6,Anaya Das,30,Other,2023-02-10,Product_043,Home,3416.65,309
T000802,U0022,P043,95.09,UPI,2025-04-27,65.67,5,2025-04-27,188,Clothing,71.92,Anaya Das,30,Other,2023-02-10,Product_043,Home,3416.65,309
T000802,U0022,P043,95.09,UPI,2025-04-27,65.67,5,2025-04-27,188,Home,134.29000000000002,Anaya Das,30,Other,2023-02-10,Product_043,Home,3416.65,309
T000802,U0022,P043,95.09,UPI,2025-04-27,65.67,5,2025-04-27,188,Toys,78.54,Anaya Das,30,Other,2023-02-10,Product_043,Home,3416.65,309
T000803,U0194,P038,56.59,Debit Card,2023-05-05,54.482000000000006,5,2025-03-24,222,Books,110.05000000000001,Vihaan Kapoor,22,Male,2024-07-19,Product_038,Home,393.65,58
T000803,U0194,P038,56.59,Debit Card,2023-05-05,54.482000000000006,5,2025-03-24,222,Home,56.59,Vihaan Kapoor,22,Male,2024-07-19,Product_038,Home,393.65,58
T000803,U0194,P038,56.59,Debit Card,2023-05-05,54.482000000000006,5,2025-03-24,222,Sports,85.99,Vihaan Kapoor,22,Male,2024-07-19,Product_038,Home,393.65,58
T000803,U0194,P038,56.59,Debit Card,2023-05-05,54.482000000000006,5,2025-03-24,222,Toys,19.78,Vihaan Kapoor,22,Male,2024-07-19,Product_038,Home,393.65,58
T000804,U0100,P034,37.03,Net Banking,2025-08-30,80.97857142857143,8,2025-08-30,63,Books,84.14,Anaya Mukherjee,30,Other,2022-04-29,Product_034,Books,474.01,362
T000804,U0100,P034,37.03,Net Banking,2025-08-30,80.97857142857143,8,2025-08-30,63,Electronics,63.2,Anaya Mukherjee,30,Other,2022-04-29,Product_034,Books,474.01,362
T000804,U0100,P034,37.03,Net Banking,2025-08-30,80.97857142857143,8,2025-08-30,63,Grocery,52.81,Anaya Mukherjee,30,Other,2022-04-29,Product_034,Books,474.01,362
T000804,U0100,P034,37.03,Net Banking,2025-08-30,80.97857142857143,8,2025-08-30,63,Home,64.62,Anaya Mukherjee,30,Other,2022-04-29,Product_034,Books,474.01,362
T000804,U0100,P034,37.03,Net Banking,2025-08-30,80.97857142857143,8,2025-08-30,63,Sports,189.65,Anaya Mukherjee,30,Other,2022-04-29,Product_034,Books,474.01,362
T000804,U0100,P034,37.03,Net Banking,2025-08-30,80.97857142857143,8,2025-08-30,63,Toys,112.43,Anaya Mukherjee,30,Other,2022-04-29,Product_034,Books,474.01,362
T000805,U0147,P016,83.01,Net Banking,2024-09-04,61.44818181818182,12,2025-10-25,7,Beauty,40.02,Ishaan Mehta,22,Male,2023-09-14,Product_016,Books,807.27,58
T000805,U0147,P016,83.01,Net Banking,2024-09-04,61.44818181818182,12,2025-10-25,7,Books,257.28,Ishaan Mehta,22,Male,2023-09-14,Product_016,Books,807.27,58
T000805,U0147,P016,83.01,Net Banking,2024-09-04,61.44818181818182,12,2025-10-25,7,Clothing,32.85,Ishaan Mehta,22,Male,2023-09-14,Product_016,Books,807.27,58
T000805,U0147,P016,83.01,Net Banking,2024-09-04,61.44818181818182,12,2025-10-25,7,Electronics,103.53999999999999,Ishaan Mehta,22,Male,2023-09-14,Product_016,Books,807.27,58
T000805,U0147,P016,83.01,Net Banking,2024-09-04,61.44818181818182,12,2025-10-25,7,Grocery,77.19,Ishaan Mehta,22,Male,2023-09-14,Product_016,Books,807.27,58
T000805,U0147,P016,83.01,Net Banking,2024-09-04,61.44818181818182,12,2025-10-25,7,Home,141.2,Ishaan Mehta,22,Male,2023-09-14,Product_016,Books,807.27,58
T000805,U0147,P016,83.01,Net Banking,2024-09-04,61.44818181818182,12,2025-10-25,7,Toys,23.85,Ishaan Mehta,22,Male,2023-09-14,Product_016,Books,807.27,58
T000806,U0021,P026,69.14,Wallet,2023-03-13,83.7875,4,2024-07-16,473,Beauty,117.85,Ishaan Gupta,43,Male,2024-06-16,Product_026,Beauty,3490.97,332
T000806,U0021,P026,69.14,Wallet,2023-03-13,83.7875,4,2024-07-16,473,Books,119.5,Ishaan Gupta,43,Male,2024-06-16,Product_026,Beauty,3490.97,332
T000806,U0021,P026,69.14,Wallet,2023-03-13,83.7875,4,2024-07-16,473,Home,97.8,Ishaan Gupta,43,Male,2024-06-16,Product_026,Beauty,3490.97,332
T000807,U0129,P037,93.42,Cash,2023-10-29,73.32000000000001,7,2025-03-01,245,Beauty,26.4,Arjun Das,32,Male,2023-02-22,Product_037,Clothing,1750.62,496
T000807,U0129,P037,93.42,Cash,2023-10-29,73.32000000000001,7,2025-03-01,245,Books,66.65,Arjun Das,32,Male,2023-02-22,Product_037,Clothing,1750.62,496
T000807,U0129,P037,93.42,Cash,2023-10-29,73.32000000000001,7,2025-03-01,245,Clothing,93.42,Arjun Das,32,Male,2023-02-22,Product_037,Clothing,1750.62,496
T000807,U0129,P037,93.42,Cash,2023-10-29,73.32000000000001,7,2025-03-01,245,Home,207.53,Arjun Das,32,Male,2023-02-22,Product_037,Clothing,1750.62,496
T000807,U0129,P037,93.42,Cash,2023-10-29,73.32000000000001,7,2025-03-01,245,Sports,45.92,Arjun Das,32,Male,2023-02-22,Product_037,Clothing,1750.62,496
T000808,U0031,P049,79.93,Net Banking,2023-12-21,98.785,4,2025-10-17,15,Grocery,64.81,Aarohi Khan,27,Other,2022-04-25,Product_049,Home,1701.17,159
T000808,U0031,P049,79.93,Net Banking,2023-12-21,98.785,4,2025-10-17,15,Home,330.33000000000004,Aarohi Khan,27,Other,2022-04-25,Product_049,Home,1701.17,159
T000809,U0043,P014,102.49,Debit Card,2023-09-16,95.22,7,2025-06-23,131,Beauty,102.49,Ira Roy,31,Male,2022-08-19,Product_014,Beauty,3844.95,467
T000809,U0043,P014,102.49,Debit Card,2023-09-16,95.22,7,2025-06-23,131,Books,168.36,Ira Roy,31,Male,2022-08-19,Product_014,Beauty,3844.95,467
T000809,U0043,P014,102.49,Debit Card,2023-09-16,95.22,7,2025-06-23,131,Grocery,55.58,Ira Roy,31,Male,2022-08-19,Product_014,Beauty,3844.95,467
T000809,U0043,P014,102.49,Debit Card,2023-09-16,95.22,7,2025-06-23,131,Home,322.53999999999996,Ira Roy,31,Male,2022-08-19,Product_014,Beauty,3844.95,467
T000809,U0043,P014,102.49,Debit Card,2023-09-16,95.22,7,2025-06-23,131,Toys,17.57,Ira Roy,31,Male,2022-08-19,Product_014,Beauty,3844.95,467
T000810,U0011,P028,39.6,Credit Card,2025-06-10,71.88333333333334,4,2025-06-10,144,Electronics,62.08,Myra Kapoor,28,Male,2022-03-22,Product_028,Home,3602.11,250
T000810,U0011,P028,39.6,Credit Card,2025-06-10,71.88333333333334,4,2025-06-10,144,Home,153.57,Myra Kapoor,28,Male,2022-03-22,Product_028,Home,3602.11,250
T000811,U0052,P041,120.35,Debit Card,2024-06-12,69.11,12,2025-10-08,24,Beauty,57.08,Vivaan Patel,28,Male,2024-01-16,Product_041,Home,3218.83,273
T000811,U0052,P041,120.35,Debit Card,2024-06-12,69.11,12,2025-10-08,24,Books,122.91999999999999,Vivaan Patel,28,Male,2024-01-16,Product_041,Home,3218.83,273
T000811,U0052,P041,120.35,Debit Card,2024-06-12,69.11,12,2025-10-08,24,Clothing,157.13,Vivaan Patel,28,Male,2024-01-16,Product_041,Home,3218.83,273
T000811,U0052,P041,120.35,Debit Card,2024-06-12,69.11,12,2025-10-08,24,Electronics,134.35,Vivaan Patel,28,Male,2024-01-16,Product_041,Home,3218.83,273
T000811,U0052,P041,120.35,Debit Card,2024-06-12,69.11,12,2025-10-08,24,Grocery,97.29,Vivaan Patel,28,Male,2024-01-16,Product_041,Home,3218.83,273
T000811,U0052,P041,120.35,Debit Card,2024-06-12,69.11,12,2025-10-08,24,Home,191.44,Vivaan Patel,28,Male,2024-01-16,Product_041,Home,3218.83,273
T000812,U0082,P047,61.47,Credit Card,2023-06-28,57.357142857142854,7,2025-10-02,30,Books,188.73000000000002,Ishaan Verma,34,Male,2024-02-29,Product_047,Electronics,1846.57,300
T000812,U0082,P047,61.47,Credit Card,2023-06-28,57.357142857142854,7,2025-10-02,30,Electronics,61.47,Ishaan Verma,34,Male,2024-02-29,Product_047,Electronics,1846.57,300
T000812,U0082,P047,61.47,Credit Card,2023-06-28,57.357142857142854,7,2025-10-02,30,Grocery,38.92,Ishaan Verma,34,Male,2024-02-29,Product_047,Electronics,1846.57,300
T000812,U0082,P047,61.47,Credit Card,2023-06-28,57.357142857142854,7,2025-10-02,30,Home,112.38,Ishaan Verma,34,Male,2024-02-29,Product_047,Electronics,1846.57,300
T000813,U0100,P036,189.65,Net Banking,2024-10-29,80.97857142857143,8,2025-08-30,63,Books,84.14,Anaya Mukherjee,30,Other,2022-04-29,Product_036,Sports,1650.69,388
T000813,U0100,P036,189.65,Net Banking,2024-10-29,80.97857142857143,8,2025-08-30,63,Electronics,63.2,Anaya Mukherjee,30,Other,2022-04-29,Product_036,Sports,1650.69,388
T000813,U0100,P036,189.65,Net Banking,2024-10-29,80.97857142857143,8,2025-08-30,63,Grocery,52.81,Anaya Mukherjee,30,Other,2022-04-29,Product_036,Sports,1650.69,388
T000813,U0100,P036,189.65,Net Banking,2024-10-29,80.97857142857143,8,2025-08-30,63,Home,64.62,Anaya Mukherjee,30,Other,2022-04-29,Product_036,Sports,1650.69,388
T000813,U0100,P036,189.65,Net Banking,2024-10-29,80.97857142857143,8,2025-08-30,63,Sports,189.65,Anaya Mukherjee,30,Other,2022-04-29,Product_036,Sports,1650.69,388
T000813,U0100,P036,189.65,Net Banking,2024-10-29,80.97857142857143,8,2025-08-30,63,Toys,112.43,Anaya Mukherjee,30,Other,2022-04-29,Product_036,Sports,1650.69,388
T000814,U0071,P034,36.11,Net Banking,2023-01-26,73.29333333333334,9,2024-12-21,315,Beauty,156.49,Kabir Roy,34,Female,2022-01-10,Product_034,Books,474.01,362
T000814,U0071,P034,36.11,Net Banking,2023-01-26,73.29333333333334,9,2024-12-21,315,Books,36.11,Kabir Roy,34,Female,2022-01-10,Product_034,Books,474.01,362
T000814,U0071,P034,36.11,Net Banking,2023-01-26,73.29333333333334,9,2024-12-21,315,Electronics,52.49,Kabir Roy,34,Female,2022-01-10,Product_034,Books,474.01,362
T000814,U0071,P034,36.11,Net Banking,2023-01-26,73.29333333333334,9,2024-12-21,315,Grocery,29.53,Kabir Roy,34,Female,2022-01-10,Product_034,Books,474.01,362
T000814,U0071,P034,36.11,Net Banking,2023-01-26,73.29333333333334,9,2024-12-21,315,Home,299.53,Kabir Roy,34,Female,2022-01-10,Product_034,Books,474.01,362
T000814,U0071,P034,36.11,Net Banking,2023-01-26,73.29333333333334,9,2024-12-21,315,Sports,85.49,Kabir Roy,34,Female,2022-01-10,Product_034,Books,474.01,362
T000815,U0180,P040,154.71,Cash,2025-05-09,69.09142857142858,7,2025-10-13,19,Clothing,190.78,Reyansh Verma,53,Female,2022-04-27,Product_040,Grocery,4011.76,36
T000815,U0180,P040,154.71,Cash,2025-05-09,69.09142857142858,7,2025-10-13,19,Grocery,221.44,Reyansh Verma,53,Female,2022-04-27,Product_040,Grocery,4011.76,36
T000815,U0180,P040,154.71,Cash,2025-05-09,69.09142857142858,7,2025-10-13,19,Home,41.25,Reyansh Verma,53,Female,2022-04-27,Product_040,Grocery,4011.76,36
T000815,U0180,P040,154.71,Cash,2025-05-09,69.09142857142858,7,2025-10-13,19,Sports,30.17,Reyansh Verma,53,Female,2022-04-27,Product_040,Grocery,4011.76,36
T000816,U0029,P027,61.48,Debit Card,2023-10-31,47.02,3,2025-10-08,24,Clothing,52.74,Sara Roy,27,Other,2024-09-21,Product_027,Toys,2241.45,134
T000816,U0029,P027,61.48,Debit Card,2023-10-31,47.02,3,2025-10-08,24,Toys,88.32,Sara Roy,27,Other,2024-09-21,Product_027,Toys,2241.45,134
T000817,U0146,P038,36.93,Cash,2023-07-25,69.02333333333334,4,2024-11-10,356,Beauty,71.67,Meera Patel,38,Other,2023-04-22,Product_038,Home,393.65,58
T000817,U0146,P038,36.93,Cash,2023-07-25,69.02333333333334,4,2024-11-10,356,Clothing,53.13,Meera Patel,38,Other,2023-04-22,Product_038,Home,393.65,58
T000817,U0146,P038,36.93,Cash,2023-07-25,69.02333333333334,4,2024-11-10,356,Electronics,45.34,Meera Patel,38,Other,2023-04-22,Product_038,Home,393.65,58
T000817,U0146,P038,36.93,Cash,2023-07-25,69.02333333333334,4,2024-11-10,356,Home,36.93,Meera Patel,38,Other,2023-04-22,Product_038,Home,393.65,58
T000818,U0028,P037,40.84,Credit Card,2024-08-08,78.77333333333334,9,2025-08-23,70,Beauty,101.57000000000001,Kiara Kulkarni,35,Male,2023-01-26,Product_037,Clothing,1750.62,496
T000818,U0028,P037,40.84,Credit Card,2024-08-08,78.77333333333334,9,2025-08-23,70,Books,174.23000000000002,Kiara Kulkarni,35,Male,2023-01-26,Product_037,Clothing,1750.62,496
T000818,U0028,P037,40.84,Credit Card,2024-08-08,78.77333333333334,9,2025-08-23,70,Clothing,252.42000000000002,Kiara Kulkarni,35,Male,2023-01-26,Product_037,Clothing,1750.62,496
T000818,U0028,P037,40.84,Credit Card,2024-08-08,78.77333333333334,9,2025-08-23,70,Home,125.28,Kiara Kulkarni,35,Male,2023-01-26,Product_037,Clothing,1750.62,496
T000818,U0028,P037,40.84,Credit Card,2024-08-08,78.77333333333334,9,2025-08-23,70,Toys,55.46,Kiara Kulkarni,35,Male,2023-01-26,Product_037,Clothing,1750.62,496
T000819,U0138,P023,45.05,Net Banking,2024-06-24,105.31200000000001,6,2025-10-25,7,Beauty,62.45,Aadhya Chopra,29,Other,2022-03-27,Product_023,Books,1984.98,450
T000819,U0138,P023,45.05,Net Banking,2024-06-24,105.31200000000001,6,2025-10-25,7,Books,244.98000000000002,Aadhya Chopra,29,Other,2022-03-27,Product_023,Books,1984.98,450
T000819,U0138,P023,45.05,Net Banking,2024-06-24,105.31200000000001,6,2025-10-25,7,Electronics,42.74,Aadhya Chopra,29,Other,2022-03-27,Product_023,Books,1984.98,450
T000819,U0138,P023,45.05,Net Banking,2024-06-24,105.31200000000001,6,2025-10-25,7,Home,176.39000000000001,Aadhya Chopra,29,Other,2022-03-27,Product_023,Books,1984.98,450
T000820,U0099,P042,70.42,Net Banking,2025-08-26,70.554,5,2025-08-26,67,Clothing,110.1,Vihaan Kulkarni,32,Female,2024-01-17,Product_042,Home,4406.39,59
T000820,U0099,P042,70.42,Net Banking,2025-08-26,70.554,5,2025-08-26,67,Grocery,105.85,Vihaan Kulkarni,32,Female,2024-01-17,Product_042,Home,4406.39,59
T000820,U0099,P042,70.42,Net Banking,2025-08-26,70.554,5,2025-08-26,67,Home,136.82,Vihaan Kulkarni,32,Female,2024-01-17,Product_042,Home,4406.39,59
T000821,U0010,P012,74.72,UPI,2025-04-05,47.78,4,2025-04-05,210,Beauty,53.81,Diya Kulkarni,36,Female,2024-01-18,Product_012,Sports,4263.31,176
T000821,U0010,P012,74.72,UPI,2025-04-05,47.78,4,2025-04-05,210,Grocery,22.48,Diya Kulkarni,36,Female,2024-01-18,Product_012,Sports,4263.31,176
T000821,U0010,P012,74.72,UPI,2025-04-05,47.78,4,2025-04-05,210,Home,40.11,Diya Kulkarni,36,Female,2024-01-18,Product_012,Sports,4263.31,176
T000821,U0010,P012,74.72,UPI,2025-04-05,47.78,4,2025-04-05,210,Sports,74.72,Diya Kulkarni,36,Female,2024-01-18,Product_012,Sports,4263.31,176
T000822,U0037,P040,38.7,Cash,2025-04-02,63.22,4,2025-04-02,213,Books,90.93,Aarav Patel,33,Female,2022-09-03,Product_040,Grocery,4011.76,36
T000822,U0037,P040,38.7,Cash,2025-04-02,63.22,4,2025-04-02,213,Clothing,69.95,Aarav Patel,33,Female,2022-09-03,Product_040,Grocery,4011.76,36
T000822,U0037,P040,38.7,Cash,2025-04-02,63.22,4,2025-04-02,213,Electronics,53.3,Aarav Patel,33,Female,2022-09-03,Product_040,Grocery,4011.76,36
T000822,U0037,P040,38.7,Cash,2025-04-02,63.22,4,2025-04-02,213,Grocery,38.7,Aarav Patel,33,Female,2022-09-03,Product_040,Grocery,4011.76,36
T000823,U0010,P026,53.81,UPI,2024-05-01,47.78,4,2025-04-05,210,Beauty,53.81,Diya Kulkarni,36,Female,2024-01-18,Product_026,Beauty,3490.97,332
T000823,U0010,P026,53.81,UPI,2024-05-01,47.78,4,2025-04-05,210,Grocery,22.48,Diya Kulkarni,36,Female,2024-01-18,Product_026,Beauty,3490.97,332
T000823,U0010,P026,53.81,UPI,2024-05-01,47.78,4,2025-04-05,210,Home,40.11,Diya Kulkarni,36,Female,2024-01-18,Product_026,Beauty,3490.97,332
T000823,U0010,P026,53.81,UPI,2024-05-01,47.78,4,2025-04-05,210,Sports,74.72,Diya Kulkarni,36,Female,2024-01-18,Product_026,Beauty,3490.97,332
T000824,U0013,P048,197.43,Net Banking,2024-07-04,96.2925,4,2025-05-09,176,Books,57.05,Diya Chopra,33,Male,2022-02-16,Product_048,Clothing,3666.72,295
T000824,U0013,P048,197.43,Net Banking,2024-07-04,96.2925,4,2025-05-09,176,Clothing,197.43,Diya Chopra,33,Male,2022-02-16,Product_048,Clothing,3666.72,295
T000824,U0013,P048,197.43,Net Banking,2024-07-04,96.2925,4,2025-05-09,176,Electronics,130.69,Diya Chopra,33,Male,2022-02-16,Product_048,Clothing,3666.72,295
T000825,U0096,P002,153.93,UPI,2024-09-12,68.59833333333334,6,2025-09-16,46,Beauty,108.61,Aditya Khan,20,Female,2023-02-14,Product_002,Grocery,605.91,150
T000825,U0096,P002,153.93,UPI,2024-09-12,68.59833333333334,6,2025-09-16,46,Electronics,58.3,Aditya Khan,20,Female,2023-02-14,Product_002,Grocery,605.91,150
T000825,U0096,P002,153.93,UPI,2024-09-12,68.59833333333334,6,2025-09-16,46,Grocery,200.99,Aditya Khan,20,Female,2023-02-14,Product_002,Grocery,605.91,150
T000825,U0096,P002,153.93,UPI,2024-09-12,68.59833333333334,6,2025-09-16,46,Toys,43.69,Aditya Khan,20,Female,2023-02-14,Product_002,Grocery,605.91,150
T000826,U0080,P018,70.94,Net Banking,2023-07-21,62.012857142857136,7,2025-04-15,200,Clothing,59.05,Ishaan Amin,18,Female,2024-07-16,Product_018,Electronics,2390.82,158
T000826,U0080,P018,70.94,Net Banking,2023-07-21,62.012857142857136,7,2025-04-15,200,Electronics,101.83,Ishaan Amin,18,Female,2024-07-16,Product_018,Electronics,2390.82,158
T000826,U0080,P018,70.94,Net Banking,2023-07-21,62.012857142857136,7,2025-04-15,200,Grocery,138.17,Ishaan Amin,18,Female,2024-07-16,Product_018,Electronics,2390.82,158
T000826,U0080,P018,70.94,Net Banking,2023-07-21,62.012857142857136,7,2025-04-15,200,Home,43.27,Ishaan Amin,18,Female,2024-07-16,Product_018,Electronics,2390.82,158
T000826,U0080,P018,70.94,Net Banking,2023-07-21,62.012857142857136,7,2025-04-15,200,Sports,91.77,Ishaan Amin,18,Female,2024-07-16,Product_018,Electronics,2390.82,158
T000827,U0059,P009,55.86,UPI,2025-06-26,63.89,5,2025-08-31,62,Beauty,71.28,Vivaan Iyer,34,Female,2023-02-04,Product_009,Clothing,1799.44,163
T000827,U0059,P009,55.86,UPI,2025-06-26,63.89,5,2025-08-31,62,Clothing,144.87,Vivaan Iyer,34,Female,2023-02-04,Product_009,Clothing,1799.44,163
T000827,U0059,P009,55.86,UPI,2025-06-26,63.89,5,2025-08-31,62,Electronics,39.41,Vivaan Iyer,34,Female,2023-02-04,Product_009,Clothing,1799.44,163
T000828,U0199,P021,58.68,UPI,2025-05-03,76.08555555555556,9,2025-08-12,81,Books,288.35,Meera Roy,32,Male,2022-02-10,Product_021,Books,3055.12,169
T000828,U0199,P021,58.68,UPI,2025-05-03,76.08555555555556,9,2025-08-12,81,Clothing,40.28,Meera Roy,32,Male,2022-02-10,Product_021,Books,3055.12,169
T000828,U0199,P021,58.68,UPI,2025-05-03,76.08555555555556,9,2025-08-12,81,Electronics,61.43,Meera Roy,32,Male,2022-02-10,Product_021,Books,3055.12,169
T000828,U0199,P021,58.68,UPI,2025-05-03,76.08555555555556,9,2025-08-12,81,Home,255.7,Meera Roy,32,Male,2022-02-10,Product_021,Books,3055.12,169
T000828,U0199,P021,58.68,UPI,2025-05-03,76.08555555555556,9,2025-08-12,81,Sports,39.01,Meera Roy,32,Male,2022-02-10,Product_021,Books,3055.12,169
T000829,U0155,P042,78.89,Credit Card,2024-01-20,53.04,5,2025-03-23,223,Grocery,51.47,Diya Roy,34,Other,2023-03-22,Product_042,Home,4406.39,59
T000829,U0155,P042,78.89,Credit Card,2024-01-20,53.04,5,2025-03-23,223,Home,78.89,Diya Roy,34,Other,2023-03-22,Product_042,Home,4406.39,59
T000829,U0155,P042,78.89,Credit Card,2024-01-20,53.04,5,2025-03-23,223,Sports,39.17,Diya Roy,34,Other,2023-03-22,Product_042,Home,4406.39,59
T000829,U0155,P042,78.89,Credit Card,2024-01-20,53.04,5,2025-03-23,223,Toys,95.67,Diya Roy,34,Other,2023-03-22,Product_042,Home,4406.39,59
T000830,U0114,P014,29.56,Net Banking,2025-09-19,72.976,7,2025-09-19,43,Beauty,29.56,Sai Singh,51,Male,2022-05-31,Product_014,Beauty,3844.95,467
T000830,U0114,P014,29.56,Net Banking,2025-09-19,72.976,7,2025-09-19,43,Books,126.61000000000001,Sai Singh,51,Male,2022-05-31,Product_014,Beauty,3844.95,467
T000830,U0114,P014,29.56,Net Banking,2025-09-19,72.976,7,2025-09-19,43,Electronics,41.06,Sai Singh,51,Male,2022-05-31,Product_014,Beauty,3844.95,467
T000830,U0114,P014,29.56,Net Banking,2025-09-19,72.976,7,2025-09-19,43,Grocery,83.68,Sai Singh,51,Male,2022-05-31,Product_014,Beauty,3844.95,467
T000830,U0114,P014,29.56,Net Banking,2025-09-19,72.976,7,2025-09-19,43,Home,83.97,Sai Singh,51,Male,2022-05-31,Product_014,Beauty,3844.95,467
T000831,U0195,P034,46.79,UPI,2023-04-26,94.738,5,2025-01-29,276,Books,108.28,Ishaan Reddy,33,Male,2022-06-19,Product_034,Books,474.01,362
T000831,U0195,P034,46.79,UPI,2023-04-26,94.738,5,2025-01-29,276,Home,130.41,Ishaan Reddy,33,Male,2022-06-19,Product_034,Books,474.01,362
T000831,U0195,P034,46.79,UPI,2023-04-26,94.738,5,2025-01-29,276,Toys,235.0,Ishaan Reddy,33,Male,2022-06-19,Product_034,Books,474.01,362
T000832,U0132,P011,20.06,Credit Card,2024-09-29,79.0025,6,2025-08-27,66,Beauty,52.58,Aarav Chopra,32,Female,2022-01-07,Product_011,Electronics,1410.29,28
T000832,U0132,P011,20.06,Credit Card,2024-09-29,79.0025,6,2025-08-27,66,Clothing,120.87,Aarav Chopra,32,Female,2022-01-07,Product_011,Electronics,1410.29,28
T000832,U0132,P011,20.06,Credit Card,2024-09-29,79.0025,6,2025-08-27,66,Electronics,20.06,Aarav Chopra,32,Female,2022-01-07,Product_011,Electronics,1410.29,28
T000832,U0132,P011,20.06,Credit Card,2024-09-29,79.0025,6,2025-08-27,66,Home,57.95,Aarav Chopra,32,Female,2022-01-07,Product_011,Electronics,1410.29,28
T000832,U0132,P011,20.06,Credit Card,2024-09-29,79.0025,6,2025-08-27,66,Toys,64.55,Aarav Chopra,32,Female,2022-01-07,Product_011,Electronics,1410.29,28
T000833,U0182,P033,69.38,Net Banking,2023-10-05,73.22555555555556,11,2025-10-28,4,Books,104.02,Vivaan Reddy,25,Male,2024-08-29,Product_033,Clothing,3874.48,45
T000833,U0182,P033,69.38,Net Banking,2023-10-05,73.22555555555556,11,2025-10-28,4,Clothing,236.67,Vivaan Reddy,25,Male,2024-08-29,Product_033,Clothing,3874.48,45
T000833,U0182,P033,69.38,Net Banking,2023-10-05,73.22555555555556,11,2025-10-28,4,Grocery,55.53,Vivaan Reddy,25,Male,2024-08-29,Product_033,Clothing,3874.48,45
T000833,U0182,P033,69.38,Net Banking,2023-10-05,73.22555555555556,11,2025-10-28,4,Home,262.81,Vivaan Reddy,25,Male,2024-08-29,Product_033,Clothing,3874.48,45
T000834,U0200,P034,80.5,Cash,2023-03-01,57.14833333333333,6,2025-08-24,69,Books,80.5,Kiara Nair,22,Other,2022-01-27,Product_034,Books,474.01,362
T000834,U0200,P034,80.5,Cash,2023-03-01,57.14833333333333,6,2025-08-24,69,Clothing,44.29,Kiara Nair,22,Other,2022-01-27,Product_034,Books,474.01,362
T000834,U0200,P034,80.5,Cash,2023-03-01,57.14833333333333,6,2025-08-24,69,Electronics,25.33,Kiara Nair,22,Other,2022-01-27,Product_034,Books,474.01,362
T000834,U0200,P034,80.5,Cash,2023-03-01,57.14833333333333,6,2025-08-24,69,Grocery,73.37,Kiara Nair,22,Other,2022-01-27,Product_034,Books,474.01,362
T000834,U0200,P034,80.5,Cash,2023-03-01,57.14833333333333,6,2025-08-24,69,Home,38.65,Kiara Nair,22,Other,2022-01-27,Product_034,Books,474.01,362
T000834,U0200,P034,80.5,Cash,2023-03-01,57.14833333333333,6,2025-08-24,69,Toys,80.75,Kiara Nair,22,Other,2022-01-27,Product_034,Books,474.01,362
T000835,U0045,P013,40.86,Debit Card,2023-04-29,85.19375,8,2025-04-10,205,Beauty,120.96,Sai Chopra,20,Male,2022-03-14,Product_013,Beauty,3354.37,155
T000835,U0045,P013,40.86,Debit Card,2023-04-29,85.19375,8,2025-04-10,205,Books,218.42,Sai Chopra,20,Male,2022-03-14,Product_013,Beauty,3354.37,155
T000835,U0045,P013,40.86,Debit Card,2023-04-29,85.19375,8,2025-04-10,205,Clothing,94.7,Sai Chopra,20,Male,2022-03-14,Product_013,Beauty,3354.37,155
T000835,U0045,P013,40.86,Debit Card,2023-04-29,85.19375,8,2025-04-10,205,Grocery,63.37,Sai Chopra,20,Male,2022-03-14,Product_013,Beauty,3354.37,155
T000835,U0045,P013,40.86,Debit Card,2023-04-29,85.19375,8,2025-04-10,205,Toys,184.1,Sai Chopra,20,Male,2022-03-14,Product_013,Beauty,3354.37,155
T000836,U0064,P003,140.39,Net Banking,2023-04-14,81.41333333333334,7,2025-03-15,231,Beauty,140.39,Ira Amin,22,Male,2024-09-10,Product_003,Beauty,3027.98,127
T000836,U0064,P003,140.39,Net Banking,2023-04-14,81.41333333333334,7,2025-03-15,231,Electronics,68.68,Ira Amin,22,Male,2024-09-10,Product_003,Beauty,3027.98,127
T000836,U0064,P003,140.39,Net Banking,2023-04-14,81.41333333333334,7,2025-03-15,231,Grocery,90.41,Ira Amin,22,Male,2024-09-10,Product_003,Beauty,3027.98,127
T000836,U0064,P003,140.39,Net Banking,2023-04-14,81.41333333333334,7,2025-03-15,231,Home,40.97,Ira Amin,22,Male,2024-09-10,Product_003,Beauty,3027.98,127
T000836,U0064,P003,140.39,Net Banking,2023-04-14,81.41333333333334,7,2025-03-15,231,Sports,122.71000000000001,Ira Amin,22,Male,2024-09-10,Product_003,Beauty,3027.98,127
T000836,U0064,P003,140.39,Net Banking,2023-04-14,81.41333333333334,7,2025-03-15,231,Toys,25.32,Ira Amin,22,Male,2024-09-10,Product_003,Beauty,3027.98,127
T000837,U0093,P046,26.17,Debit Card,2024-07-15,39.01666666666667,3,2024-07-15,474,Clothing,34.68,Meera Ghosh,26,Male,2022-12-25,Product_046,Toys,4970.99,267
T000837,U0093,P046,26.17,Debit Card,2024-07-15,39.01666666666667,3,2024-07-15,474,Sports,56.2,Meera Ghosh,26,Male,2022-12-25,Product_046,Toys,4970.99,267
T000837,U0093,P046,26.17,Debit Card,2024-07-15,39.01666666666667,3,2024-07-15,474,Toys,26.17,Meera Ghosh,26,Male,2022-12-25,Product_046,Toys,4970.99,267
T000838,U0095,P030,22.68,Cash,2025-03-23,68.68499999999999,6,2025-03-23,223,Beauty,77.82,Muhammad Bose,28,Female,2024-06-04,Product_030,Home,685.55,28
T000838,U0095,P030,22.68,Cash,2025-03-23,68.68499999999999,6,2025-03-23,223,Books,51.2,Muhammad Bose,28,Female,2024-06-04,Product_030,Home,685.55,28
T000838,U0095,P030,22.68,Cash,2025-03-23,68.68499999999999,6,2025-03-23,223,Clothing,10.83,Muhammad Bose,28,Female,2024-06-04,Product_030,Home,685.55,28
T000838,U0095,P030,22.68,Cash,2025-03-23,68.68499999999999,6,2025-03-23,223,Electronics,160.25,Muhammad Bose,28,Female,2024-06-04,Product_030,Home,685.55,28
T000838,U0095,P030,22.68,Cash,2025-03-23,68.68499999999999,6,2025-03-23,223,Home,112.00999999999999,Muhammad Bose,28,Female,2024-06-04,Product_030,Home,685.55,28
T000839,U0163,P008,62.47,Wallet,2023-03-04,127.97166666666668,7,2025-01-23,282,Beauty,76.58,Sara Khan,41,Other,2023-06-14,Product_008,Books,4534.16,161
T000839,U0163,P008,62.47,Wallet,2023-03-04,127.97166666666668,7,2025-01-23,282,Books,62.47,Sara Khan,41,Other,2023-06-14,Product_008,Books,4534.16,161
T000839,U0163,P008,62.47,Wallet,2023-03-04,127.97166666666668,7,2025-01-23,282,Clothing,58.96,Sara Khan,41,Other,2023-06-14,Product_008,Books,4534.16,161
T000839,U0163,P008,62.47,Wallet,2023-03-04,127.97166666666668,7,2025-01-23,282,Home,297.73,Sara Khan,41,Other,2023-06-14,Product_008,Books,4534.16,161
T000839,U0163,P008,62.47,Wallet,2023-03-04,127.97166666666668,7,2025-01-23,282,Toys,272.09000000000003,Sara Khan,41,Other,2023-06-14,Product_008,Books,4534.16,161
T000840,U0062,P024,102.34,Net Banking,2025-07-02,68.21714285714286,7,2025-07-02,122,Beauty,114.33000000000001,Muhammad Verma,30,Other,2022-03-04,Product_024,Home,2509.0,267
T000840,U0062,P024,102.34,Net Banking,2025-07-02,68.21714285714286,7,2025-07-02,122,Books,225.56,Muhammad Verma,30,Other,2022-03-04,Product_024,Home,2509.0,267
T000840,U0062,P024,102.34,Net Banking,2025-07-02,68.21714285714286,7,2025-07-02,122,Home,102.34,Muhammad Verma,30,Other,2022-03-04,Product_024,Home,2509.0,267
T000840,U0062,P024,102.34,Net Banking,2025-07-02,68.21714285714286,7,2025-07-02,122,Toys,35.29,Muhammad Verma,30,Other,2022-03-04,Product_024,Home,2509.0,267
T000841,U0046,P031,149.96,Cash,2024-12-17,131.065,4,2025-10-08,24,Beauty,248.68,Vivaan Ghosh,26,Male,2024-05-30,Product_031,Grocery,3035.94,111
T000841,U0046,P031,149.96,Cash,2024-12-17,131.065,4,2025-10-08,24,Books,28.54,Vivaan Ghosh,26,Male,2024-05-30,Product_031,Grocery,3035.94,111
T000841,U0046,P031,149.96,Cash,2024-12-17,131.065,4,2025-10-08,24,Grocery,149.96,Vivaan Ghosh,26,Male,2024-05-30,Product_031,Grocery,3035.94,111
T000841,U0046,P031,149.96,Cash,2024-12-17,131.065,4,2025-10-08,24,Toys,97.08,Vivaan Ghosh,26,Male,2024-05-30,Product_031,Grocery,3035.94,111
T000842,U0089,P011,41.46,UPI,2023-07-05,66.04666666666667,7,2025-02-11,263,Books,81.05,Kiara Kulkarni,27,Other,2024-08-05,Product_011,Electronics,1410.29,28
T000842,U0089,P011,41.46,UPI,2023-07-05,66.04666666666667,7,2025-02-11,263,Clothing,128.41,Kiara Kulkarni,27,Other,2024-08-05,Product_011,Electronics,1410.29,28
T000842,U0089,P011,41.46,UPI,2023-07-05,66.04666666666667,7,2025-02-11,263,Electronics,123.55000000000001,Kiara Kulkarni,27,Other,2024-08-05,Product_011,Electronics,1410.29,28
T000842,U0089,P011,41.46,UPI,2023-07-05,66.04666666666667,7,2025-02-11,263,Grocery,27.79,Kiara Kulkarni,27,Other,2024-08-05,Product_011,Electronics,1410.29,28
T000842,U0089,P011,41.46,UPI,2023-07-05,66.04666666666667,7,2025-02-11,263,Home,35.48,Kiara Kulkarni,27,Other,2024-08-05,Product_011,Electronics,1410.29,28
T000843,U0073,P002,104.29,Net Banking,2023-04-12,84.952,5,2025-10-16,16,Beauty,110.79,Aarohi Das,31,Other,2022-05-16,Product_002,Grocery,605.91,150
T000843,U0073,P002,104.29,Net Banking,2023-04-12,84.952,5,2025-10-16,16,Books,98.9,Aarohi Das,31,Other,2022-05-16,Product_002,Grocery,605.91,150
T000843,U0073,P002,104.29,Net Banking,2023-04-12,84.952,5,2025-10-16,16,Clothing,110.78,Aarohi Das,31,Other,2022-05-16,Product_002,Grocery,605.91,150
T000843,U0073,P002,104.29,Net Banking,2023-04-12,84.952,5,2025-10-16,16,Grocery,104.29,Aarohi Das,31,Other,2022-05-16,Product_002,Grocery,605.91,150
T000844,U0042,P037,53.35,Debit Card,2024-03-29,49.59,3,2025-10-11,21,Clothing,74.46000000000001,Muhammad Singh,33,Female,2023-03-25,Product_037,Clothing,1750.62,496
T000844,U0042,P037,53.35,Debit Card,2024-03-29,49.59,3,2025-10-11,21,Electronics,74.31,Muhammad Singh,33,Female,2023-03-25,Product_037,Clothing,1750.62,496
T000845,U0166,P015,49.23,Wallet,2024-02-28,83.738,5,2025-04-23,192,Books,132.34,Meera Roy,35,Male,2022-10-29,Product_015,Books,2286.25,251
T000845,U0166,P015,49.23,Wallet,2024-02-28,83.738,5,2025-04-23,192,Home,189.78,Meera Roy,35,Male,2022-10-29,Product_015,Books,2286.25,251
T000845,U0166,P015,49.23,Wallet,2024-02-28,83.738,5,2025-04-23,192,Sports,96.57,Meera Roy,35,Male,2022-10-29,Product_015,Books,2286.25,251
T000846,U0069,P042,92.78,Net Banking,2023-02-11,92.42,6,2023-11-12,720,Books,52.76,Ira Nair,34,Female,2023-11-17,Product_042,Home,4406.39,59
T000846,U0069,P042,92.78,Net Banking,2023-02-11,92.42,6,2023-11-12,720,Clothing,108.65,Ira Nair,34,Female,2023-11-17,Product_042,Home,4406.39,59
T000846,U0069,P042,92.78,Net Banking,2023-02-11,92.42,6,2023-11-12,720,Home,92.78,Ira Nair,34,Female,2023-11-17,Product_042,Home,4406.39,59
T000846,U0069,P042,92.78,Net Banking,2023-02-11,92.42,6,2023-11-12,720,Sports,207.91,Ira Nair,34,Female,2023-11-17,Product_042,Home,4406.39,59
T000847,U0200,P050,80.75,Wallet,2023-01-19,57.14833333333333,6,2025-08-24,69,Books,80.5,Kiara Nair,22,Other,2022-01-27,Product_050,Toys,2833.37,45
T000847,U0200,P050,80.75,Wallet,2023-01-19,57.14833333333333,6,2025-08-24,69,Clothing,44.29,Kiara Nair,22,Other,2022-01-27,Product_050,Toys,2833.37,45
T000847,U0200,P050,80.75,Wallet,2023-01-19,57.14833333333333,6,2025-08-24,69,Electronics,25.33,Kiara Nair,22,Other,2022-01-27,Product_050,Toys,2833.37,45
T000847,U0200,P050,80.75,Wallet,2023-01-19,57.14833333333333,6,2025-08-24,69,Grocery,73.37,Kiara Nair,22,Other,2022-01-27,Product_050,Toys,2833.37,45
T000847,U0200,P050,80.75,Wallet,2023-01-19,57.14833333333333,6,2025-08-24,69,Home,38.65,Kiara Nair,22,Other,2022-01-27,Product_050,Toys,2833.37,45
T000847,U0200,P050,80.75,Wallet,2023-01-19,57.14833333333333,6,2025-08-24,69,Toys,80.75,Kiara Nair,22,Other,2022-01-27,Product_050,Toys,2833.37,45
T000848,U0122,P009,21.2,Wallet,2023-12-21,44.423333333333325,3,2025-03-25,221,Books,36.26,Myra Kulkarni,24,Other,2023-03-13,Product_009,Clothing,1799.44,163
T000848,U0122,P009,21.2,Wallet,2023-12-21,44.423333333333325,3,2025-03-25,221,Clothing,97.01,Myra Kulkarni,24,Other,2023-03-13,Product_009,Clothing,1799.44,163
T000849,U0154,P001,132.41,Debit Card,2024-05-31,132.41,1,2024-05-31,519,Grocery,132.41,Kiara Joshi,33,Male,2024-09-10,Product_001,Grocery,264.89,371
T000850,U0156,P020,124.97,Wallet,2024-07-17,92.12,4,2024-08-09,449,Clothing,46.92,Reyansh Amin,26,Other,2023-09-23,Product_020,Toys,1595.75,428
T000850,U0156,P020,124.97,Wallet,2024-07-17,92.12,4,2024-08-09,449,Home,104.47,Reyansh Amin,26,Other,2023-09-23,Product_020,Toys,1595.75,428
T000850,U0156,P020,124.97,Wallet,2024-07-17,92.12,4,2024-08-09,449,Toys,124.97,Reyansh Amin,26,Other,2023-09-23,Product_020,Toys,1595.75,428
T000851,U0109,P025,37.51,UPI,2025-07-29,49.00666666666667,3,2025-07-29,95,Electronics,37.51,Aarav Singh,34,Female,2023-03-17,Product_025,Electronics,1408.97,272
T000851,U0109,P025,37.51,UPI,2025-07-29,49.00666666666667,3,2025-07-29,95,Grocery,30.28,Aarav Singh,34,Female,2023-03-17,Product_025,Electronics,1408.97,272
T000851,U0109,P025,37.51,UPI,2025-07-29,49.00666666666667,3,2025-07-29,95,Sports,79.23,Aarav Singh,34,Female,2023-03-17,Product_025,Electronics,1408.97,272
T000852,U0065,P014,69.23,Net Banking,2024-09-10,58.0425,4,2025-10-12,20,Beauty,166.07,Ira Gupta,38,Male,2023-09-02,Product_014,Beauty,3844.95,467
T000852,U0065,P014,69.23,Net Banking,2024-09-10,58.0425,4,2025-10-12,20,Books,24.31,Ira Gupta,38,Male,2023-09-02,Product_014,Beauty,3844.95,467
T000852,U0065,P014,69.23,Net Banking,2024-09-10,58.0425,4,2025-10-12,20,Clothing,41.79,Ira Gupta,38,Male,2023-09-02,Product_014,Beauty,3844.95,467
T000853,U0174,P034,73.44,Cash,2025-03-24,50.70142857142857,7,2025-09-23,39,Beauty,48.04,Ira Kulkarni,34,Female,2024-05-02,Product_034,Books,474.01,362
T000853,U0174,P034,73.44,Cash,2025-03-24,50.70142857142857,7,2025-09-23,39,Books,100.94,Ira Kulkarni,34,Female,2024-05-02,Product_034,Books,474.01,362
T000853,U0174,P034,73.44,Cash,2025-03-24,50.70142857142857,7,2025-09-23,39,Clothing,13.72,Ira Kulkarni,34,Female,2024-05-02,Product_034,Books,474.01,362
T000853,U0174,P034,73.44,Cash,2025-03-24,50.70142857142857,7,2025-09-23,39,Grocery,52.3,Ira Kulkarni,34,Female,2024-05-02,Product_034,Books,474.01,362
T000853,U0174,P034,73.44,Cash,2025-03-24,50.70142857142857,7,2025-09-23,39,Home,23.15,Ira Kulkarni,34,Female,2024-05-02,Product_034,Books,474.01,362
T000853,U0174,P034,73.44,Cash,2025-03-24,50.70142857142857,7,2025-09-23,39,Sports,116.76,Ira Kulkarni,34,Female,2024-05-02,Product_034,Books,474.01,362
T000854,U0150,P007,63.84,Credit Card,2025-02-05,57.31125,9,2025-08-02,91,Beauty,25.34,Muhammad Gupta,34,Other,2022-04-15,Product_007,Books,2084.59,134
T000854,U0150,P007,63.84,Credit Card,2025-02-05,57.31125,9,2025-08-02,91,Books,139.48000000000002,Muhammad Gupta,34,Other,2022-04-15,Product_007,Books,2084.59,134
T000854,U0150,P007,63.84,Credit Card,2025-02-05,57.31125,9,2025-08-02,91,Clothing,30.15,Muhammad Gupta,34,Other,2022-04-15,Product_007,Books,2084.59,134
T000854,U0150,P007,63.84,Credit Card,2025-02-05,57.31125,9,2025-08-02,91,Electronics,58.45,Muhammad Gupta,34,Other,2022-04-15,Product_007,Books,2084.59,134
T000854,U0150,P007,63.84,Credit Card,2025-02-05,57.31125,9,2025-08-02,91,Home,84.41,Muhammad Gupta,34,Other,2022-04-15,Product_007,Books,2084.59,134
T000854,U0150,P007,63.84,Credit Card,2025-02-05,57.31125,9,2025-08-02,91,Sports,101.44,Muhammad Gupta,34,Other,2022-04-15,Product_007,Books,2084.59,134
T000854,U0150,P007,63.84,Credit Card,2025-02-05,57.31125,9,2025-08-02,91,Toys,19.22,Muhammad Gupta,34,Other,2022-04-15,Product_007,Books,2084.59,134
T000855,U0144,P042,39.24,Cash,2024-08-01,57.815,2,2025-10-10,22,Clothing,76.39,Aditya Verma,33,Male,2022-07-24,Product_042,Home,4406.39,59
T000855,U0144,P042,39.24,Cash,2024-08-01,57.815,2,2025-10-10,22,Home,39.24,Aditya Verma,33,Male,2022-07-24,Product_042,Home,4406.39,59
T000856,U0077,P044,36.49,Credit Card,2025-09-13,44.13833333333333,6,2025-09-13,49,Beauty,36.49,Vihaan Reddy,32,Female,2024-06-30,Product_044,Beauty,1655.45,268
T000856,U0077,P044,36.49,Credit Card,2025-09-13,44.13833333333333,6,2025-09-13,49,Electronics,61.69,Vihaan Reddy,32,Female,2024-06-30,Product_044,Beauty,1655.45,268
T000856,U0077,P044,36.49,Credit Card,2025-09-13,44.13833333333333,6,2025-09-13,49,Grocery,19.57,Vihaan Reddy,32,Female,2024-06-30,Product_044,Beauty,1655.45,268
T000856,U0077,P044,36.49,Credit Card,2025-09-13,44.13833333333333,6,2025-09-13,49,Home,104.96000000000001,Vihaan Reddy,32,Female,2024-06-30,Product_044,Beauty,1655.45,268
T000856,U0077,P044,36.49,Credit Card,2025-09-13,44.13833333333333,6,2025-09-13,49,Toys,42.12,Vihaan Reddy,32,Female,2024-06-30,Product_044,Beauty,1655.45,268
T000857,U0017,P022,53.77,UPI,2024-10-27,91.42,5,2025-09-07,55,Books,83.98,Ishaan Gupta,23,Other,2023-07-01,Product_022,Electronics,3207.91,466
T000857,U0017,P022,53.77,UPI,2024-10-27,91.42,5,2025-09-07,55,Clothing,55.29,Ishaan Gupta,23,Other,2023-07-01,Product_022,Electronics,3207.91,466
T000857,U0017,P022,53.77,UPI,2024-10-27,91.42,5,2025-09-07,55,Electronics,53.77,Ishaan Gupta,23,Other,2023-07-01,Product_022,Electronics,3207.91,466
T000857,U0017,P022,53.77,UPI,2024-10-27,91.42,5,2025-09-07,55,Sports,22.39,Ishaan Gupta,23,Other,2023-07-01,Product_022,Electronics,3207.91,466
T000857,U0017,P022,53.77,UPI,2024-10-27,91.42,5,2025-09-07,55,Toys,150.25,Ishaan Gupta,23,Other,2023-07-01,Product_022,Electronics,3207.91,466
T000858,U0071,P017,110.35,Wallet,2024-09-03,73.29333333333334,9,2024-12-21,315,Beauty,156.49,Kabir Roy,34,Female,2022-01-10,Product_017,Beauty,3697.53,235
T000858,U0071,P017,110.35,Wallet,2024-09-03,73.29333333333334,9,2024-12-21,315,Books,36.11,Kabir Roy,34,Female,2022-01-10,Product_017,Beauty,3697.53,235
T000858,U0071,P017,110.35,Wallet,2024-09-03,73.29333333333334,9,2024-12-21,315,Electronics,52.49,Kabir Roy,34,Female,2022-01-10,Product_017,Beauty,3697.53,235
T000858,U0071,P017,110.35,Wallet,2024-09-03,73.29333333333334,9,2024-12-21,315,Grocery,29.53,Kabir Roy,34,Female,2022-01-10,Product_017,Beauty,3697.53,235
T000858,U0071,P017,110.35,Wallet,2024-09-03,73.29333333333334,9,2024-12-21,315,Home,299.53,Kabir Roy,34,Female,2022-01-10,Product_017,Beauty,3697.53,235
T000858,U0071,P017,110.35,Wallet,2024-09-03,73.29333333333334,9,2024-12-21,315,Sports,85.49,Kabir Roy,34,Female,2022-01-10,Product_017,Beauty,3697.53,235
T000859,U0049,P010,75.65,Cash,2024-05-07,78.0,5,2025-10-17,15,Books,100.84,Saanvi Chopra,34,Female,2024-03-14,Product_010,Sports,1315.44,77
T000859,U0049,P010,75.65,Cash,2024-05-07,78.0,5,2025-10-17,15,Electronics,142.01,Saanvi Chopra,34,Female,2024-03-14,Product_010,Sports,1315.44,77
T000859,U0049,P010,75.65,Cash,2024-05-07,78.0,5,2025-10-17,15,Grocery,41.13,Saanvi Chopra,34,Female,2024-03-14,Product_010,Sports,1315.44,77
T000859,U0049,P010,75.65,Cash,2024-05-07,78.0,5,2025-10-17,15,Home,30.37,Saanvi Chopra,34,Female,2024-03-14,Product_010,Sports,1315.44,77
T000859,U0049,P010,75.65,Cash,2024-05-07,78.0,5,2025-10-17,15,Sports,75.65,Saanvi Chopra,34,Female,2024-03-14,Product_010,Sports,1315.44,77
T000860,U0015,P039,43.71,Net Banking,2024-10-16,110.26249999999999,5,2025-06-08,146,Books,350.07,Vihaan Bose,18,Female,2023-10-13,Product_039,Grocery,4167.72,453
T000860,U0015,P039,43.71,Net Banking,2024-10-16,110.26249999999999,5,2025-06-08,146,Grocery,43.71,Vihaan Bose,18,Female,2023-10-13,Product_039,Grocery,4167.72,453
T000860,U0015,P039,43.71,Net Banking,2024-10-16,110.26249999999999,5,2025-06-08,146,Home,47.27,Vihaan Bose,18,Female,2023-10-13,Product_039,Grocery,4167.72,453
T000861,U0175,P009,86.75,Wallet,2023-02-22,63.688,6,2025-02-17,257,Clothing,121.2,Muhammad Singh,34,Male,2022-07-03,Product_009,Clothing,1799.44,163
T000861,U0175,P009,86.75,Wallet,2023-02-22,63.688,6,2025-02-17,257,Electronics,74.53999999999999,Muhammad Singh,34,Male,2022-07-03,Product_009,Clothing,1799.44,163
T000861,U0175,P009,86.75,Wallet,2023-02-22,63.688,6,2025-02-17,257,Home,21.46,Muhammad Singh,34,Male,2022-07-03,Product_009,Clothing,1799.44,163
T000861,U0175,P009,86.75,Wallet,2023-02-22,63.688,6,2025-02-17,257,Toys,101.24,Muhammad Singh,34,Male,2022-07-03,Product_009,Clothing,1799.44,163
T000862,U0168,P032,9.88,UPI,2024-06-15,63.7575,5,2024-06-15,504,Books,82.74,Saanvi Mehta,47,Female,2023-06-28,Product_032,Books,2913.02,176
T000862,U0168,P032,9.88,UPI,2024-06-15,63.7575,5,2024-06-15,504,Clothing,39.9,Saanvi Mehta,47,Female,2023-06-28,Product_032,Books,2913.02,176
T000862,U0168,P032,9.88,UPI,2024-06-15,63.7575,5,2024-06-15,504,Grocery,106.16,Saanvi Mehta,47,Female,2023-06-28,Product_032,Books,2913.02,176
T000862,U0168,P032,9.88,UPI,2024-06-15,63.7575,5,2024-06-15,504,Home,26.23,Saanvi Mehta,47,Female,2023-06-28,Product_032,Books,2913.02,176
T000863,U0108,P026,108.77,Net Banking,2023-03-14,75.902,6,2025-07-25,99,Beauty,108.77,Saanvi Singh,33,Female,2024-05-03,Product_026,Beauty,3490.97,332
T000863,U0108,P026,108.77,Net Banking,2023-03-14,75.902,6,2025-07-25,99,Books,48.7,Saanvi Singh,33,Female,2024-05-03,Product_026,Beauty,3490.97,332
T000863,U0108,P026,108.77,Net Banking,2023-03-14,75.902,6,2025-07-25,99,Electronics,57.17,Saanvi Singh,33,Female,2024-05-03,Product_026,Beauty,3490.97,332
T000863,U0108,P026,108.77,Net Banking,2023-03-14,75.902,6,2025-07-25,99,Grocery,52.21,Saanvi Singh,33,Female,2024-05-03,Product_026,Beauty,3490.97,332
T000863,U0108,P026,108.77,Net Banking,2023-03-14,75.902,6,2025-07-25,99,Home,112.66,Saanvi Singh,33,Female,2024-05-03,Product_026,Beauty,3490.97,332
T000864,U0150,P046,19.22,Cash,2024-01-24,57.31125,9,2025-08-02,91,Beauty,25.34,Muhammad Gupta,34,Other,2022-04-15,Product_046,Toys,4970.99,267
T000864,U0150,P046,19.22,Cash,2024-01-24,57.31125,9,2025-08-02,91,Books,139.48000000000002,Muhammad Gupta,34,Other,2022-04-15,Product_046,Toys,4970.99,267
T000864,U0150,P046,19.22,Cash,2024-01-24,57.31125,9,2025-08-02,91,Clothing,30.15,Muhammad Gupta,34,Other,2022-04-15,Product_046,Toys,4970.99,267
T000864,U0150,P046,19.22,Cash,2024-01-24,57.31125,9,2025-08-02,91,Electronics,58.45,Muhammad Gupta,34,Other,2022-04-15,Product_046,Toys,4970.99,267
T000864,U0150,P046,19.22,Cash,2024-01-24,57.31125,9,2025-08-02,91,Home,84.41,Muhammad Gupta,34,Other,2022-04-15,Product_046,Toys,4970.99,267
T000864,U0150,P046,19.22,Cash,2024-01-24,57.31125,9,2025-08-02,91,Sports,101.44,Muhammad Gupta,34,Other,2022-04-15,Product_046,Toys,4970.99,267
T000864,U0150,P046,19.22,Cash,2024-01-24,57.31125,9,2025-08-02,91,Toys,19.22,Muhammad Gupta,34,Other,2022-04-15,Product_046,Toys,4970.99,267
T000865,U0088,P047,43.93,Wallet,2024-03-31,104.09666666666665,3,2025-10-30,2,Electronics,43.93,Sai Patel,34,Female,2024-06-24,Product_047,Electronics,1846.57,300
T000865,U0088,P047,43.93,Wallet,2024-03-31,104.09666666666665,3,2025-10-30,2,Home,100.07,Sai Patel,34,Female,2024-06-24,Product_047,Electronics,1846.57,300
T000865,U0088,P047,43.93,Wallet,2024-03-31,104.09666666666665,3,2025-10-30,2,Toys,168.29,Sai Patel,34,Female,2024-06-24,Product_047,Electronics,1846.57,300
T000866,U0176,P035,27.89,Wallet,2025-09-01,70.8,5,2025-09-16,46,Books,60.82,Kabir Sharma,38,Other,2022-05-10,Product_035,Sports,2998.97,82
T000866,U0176,P035,27.89,Wallet,2025-09-01,70.8,5,2025-09-16,46,Electronics,97.36,Kabir Sharma,38,Other,2022-05-10,Product_035,Sports,2998.97,82
T000866,U0176,P035,27.89,Wallet,2025-09-01,70.8,5,2025-09-16,46,Home,97.13,Kabir Sharma,38,Other,2022-05-10,Product_035,Sports,2998.97,82
T000866,U0176,P035,27.89,Wallet,2025-09-01,70.8,5,2025-09-16,46,Sports,27.89,Kabir Sharma,38,Other,2022-05-10,Product_035,Sports,2998.97,82
T000867,U0172,P023,25.11,Cash,2024-09-06,63.964,5,2025-01-14,291,Books,112.9,Vihaan Kapoor,25,Other,2022-07-16,Product_023,Books,1984.98,450
T000867,U0172,P023,25.11,Cash,2024-09-06,63.964,5,2025-01-14,291,Electronics,83.15,Vihaan Kapoor,25,Other,2022-07-16,Product_023,Books,1984.98,450
T000867,U0172,P023,25.11,Cash,2024-09-06,63.964,5,2025-01-14,291,Home,47.82,Vihaan Kapoor,25,Other,2022-07-16,Product_023,Books,1984.98,450
T000867,U0172,P023,25.11,Cash,2024-09-06,63.964,5,2025-01-14,291,Toys,75.95,Vihaan Kapoor,25,Other,2022-07-16,Product_023,Books,1984.98,450
T000868,U0044,P043,109.56,Cash,2024-01-06,73.16857142857144,7,2025-09-27,35,Books,12.39,Aditya Nair,29,Male,2023-07-22,Product_043,Home,3416.65,309
T000868,U0044,P043,109.56,Cash,2024-01-06,73.16857142857144,7,2025-09-27,35,Clothing,178.51000000000002,Aditya Nair,29,Male,2023-07-22,Product_043,Home,3416.65,309
T000868,U0044,P043,109.56,Cash,2024-01-06,73.16857142857144,7,2025-09-27,35,Grocery,69.48,Aditya Nair,29,Male,2023-07-22,Product_043,Home,3416.65,309
T000868,U0044,P043,109.56,Cash,2024-01-06,73.16857142857144,7,2025-09-27,35,Home,251.8,Aditya Nair,29,Male,2023-07-22,Product_043,Home,3416.65,309
T000869,U0076,P007,41.24,Net Banking,2023-09-20,71.53428571428572,7,2025-10-13,19,Books,240.39999999999998,Ira Sharma,38,Other,2022-11-03,Product_007,Books,2084.59,134
T000869,U0076,P007,41.24,Net Banking,2023-09-20,71.53428571428572,7,2025-10-13,19,Clothing,60.89,Ira Sharma,38,Other,2022-11-03,Product_007,Books,2084.59,134
T000869,U0076,P007,41.24,Net Banking,2023-09-20,71.53428571428572,7,2025-10-13,19,Electronics,59.75,Ira Sharma,38,Other,2022-11-03,Product_007,Books,2084.59,134
T000869,U0076,P007,41.24,Net Banking,2023-09-20,71.53428571428572,7,2025-10-13,19,Grocery,86.16,Ira Sharma,38,Other,2022-11-03,Product_007,Books,2084.59,134
T000869,U0076,P007,41.24,Net Banking,2023-09-20,71.53428571428572,7,2025-10-13,19,Sports,53.54,Ira Sharma,38,Other,2022-11-03,Product_007,Books,2084.59,134
T000870,U0190,P017,67.22,Wallet,2024-01-10,53.284000000000006,5,2025-08-08,85,Beauty,67.22,Aarav Mukherjee,19,Female,2023-04-27,Product_017,Beauty,3697.53,235
T000870,U0190,P017,67.22,Wallet,2024-01-10,53.284000000000006,5,2025-08-08,85,Books,38.65,Aarav Mukherjee,19,Female,2023-04-27,Product_017,Beauty,3697.53,235
T000870,U0190,P017,67.22,Wallet,2024-01-10,53.284000000000006,5,2025-08-08,85,Electronics,15.66,Aarav Mukherjee,19,Female,2023-04-27,Product_017,Beauty,3697.53,235
T000870,U0190,P017,67.22,Wallet,2024-01-10,53.284000000000006,5,2025-08-08,85,Grocery,106.19,Aarav Mukherjee,19,Female,2023-04-27,Product_017,Beauty,3697.53,235
T000870,U0190,P017,67.22,Wallet,2024-01-10,53.284000000000006,5,2025-08-08,85,Sports,38.7,Aarav Mukherjee,19,Female,2023-04-27,Product_017,Beauty,3697.53,235
T000871,U0175,P022,53.08,Wallet,2023-07-02,63.688,6,2025-02-17,257,Clothing,121.2,Muhammad Singh,34,Male,2022-07-03,Product_022,Electronics,3207.91,466
T000871,U0175,P022,53.08,Wallet,2023-07-02,63.688,6,2025-02-17,257,Electronics,74.53999999999999,Muhammad Singh,34,Male,2022-07-03,Product_022,Electronics,3207.91,466
T000871,U0175,P022,53.08,Wallet,2023-07-02,63.688,6,2025-02-17,257,Home,21.46,Muhammad Singh,34,Male,2022-07-03,Product_022,Electronics,3207.91,466
T000871,U0175,P022,53.08,Wallet,2023-07-02,63.688,6,2025-02-17,257,Toys,101.24,Muhammad Singh,34,Male,2022-07-03,Product_022,Electronics,3207.91,466
T000872,U0057,P023,72.69,Debit Card,2024-09-20,87.152,5,2024-09-20,407,Beauty,132.32,Aarav Gupta,25,Male,2023-02-21,Product_023,Books,1984.98,450
T000872,U0057,P023,72.69,Debit Card,2024-09-20,87.152,5,2024-09-20,407,Books,72.69,Aarav Gupta,25,Male,2023-02-21,Product_023,Books,1984.98,450
T000872,U0057,P023,72.69,Debit Card,2024-09-20,87.152,5,2024-09-20,407,Clothing,30.35,Aarav Gupta,25,Male,2023-02-21,Product_023,Books,1984.98,450
T000872,U0057,P023,72.69,Debit Card,2024-09-20,87.152,5,2024-09-20,407,Electronics,55.01,Aarav Gupta,25,Male,2023-02-21,Product_023,Books,1984.98,450
T000872,U0057,P023,72.69,Debit Card,2024-09-20,87.152,5,2024-09-20,407,Home,145.39,Aarav Gupta,25,Male,2023-02-21,Product_023,Books,1984.98,450
T000873,U0108,P022,57.17,UPI,2024-06-17,75.902,6,2025-07-25,99,Beauty,108.77,Saanvi Singh,33,Female,2024-05-03,Product_022,Electronics,3207.91,466
T000873,U0108,P022,57.17,UPI,2024-06-17,75.902,6,2025-07-25,99,Books,48.7,Saanvi Singh,33,Female,2024-05-03,Product_022,Electronics,3207.91,466
T000873,U0108,P022,57.17,UPI,2024-06-17,75.902,6,2025-07-25,99,Electronics,57.17,Saanvi Singh,33,Female,2024-05-03,Product_022,Electronics,3207.91,466
T000873,U0108,P022,57.17,UPI,2024-06-17,75.902,6,2025-07-25,99,Grocery,52.21,Saanvi Singh,33,Female,2024-05-03,Product_022,Electronics,3207.91,466
T000873,U0108,P022,57.17,UPI,2024-06-17,75.902,6,2025-07-25,99,Home,112.66,Saanvi Singh,33,Female,2024-05-03,Product_022,Electronics,3207.91,466
T000874,U0150,P019,25.28,Net Banking,2023-08-30,57.31125,9,2025-08-02,91,Beauty,25.34,Muhammad Gupta,34,Other,2022-04-15,Product_019,Home,523.79,441
T000874,U0150,P019,25.28,Net Banking,2023-08-30,57.31125,9,2025-08-02,91,Books,139.48000000000002,Muhammad Gupta,34,Other,2022-04-15,Product_019,Home,523.79,441
T000874,U0150,P019,25.28,Net Banking,2023-08-30,57.31125,9,2025-08-02,91,Clothing,30.15,Muhammad Gupta,34,Other,2022-04-15,Product_019,Home,523.79,441
T000874,U0150,P019,25.28,Net Banking,2023-08-30,57.31125,9,2025-08-02,91,Electronics,58.45,Muhammad Gupta,34,Other,2022-04-15,Product_019,Home,523.79,441
T000874,U0150,P019,25.28,Net Banking,2023-08-30,57.31125,9,2025-08-02,91,Home,84.41,Muhammad Gupta,34,Other,2022-04-15,Product_019,Home,523.79,441
T000874,U0150,P019,25.28,Net Banking,2023-08-30,57.31125,9,2025-08-02,91,Sports,101.44,Muhammad Gupta,34,Other,2022-04-15,Product_019,Home,523.79,441
T000874,U0150,P019,25.28,Net Banking,2023-08-30,57.31125,9,2025-08-02,91,Toys,19.22,Muhammad Gupta,34,Other,2022-04-15,Product_019,Home,523.79,441
T000875,U0121,P004,99.26,Wallet,2023-05-26,54.67714285714286,7,2025-08-18,75,Beauty,62.35,Ira Kapoor,38,Other,2024-08-30,Product_004,Toys,2600.12,229
T000875,U0121,P004,99.26,Wallet,2023-05-26,54.67714285714286,7,2025-08-18,75,Books,79.14,Ira Kapoor,38,Other,2024-08-30,Product_004,Toys,2600.12,229
T000875,U0121,P004,99.26,Wallet,2023-05-26,54.67714285714286,7,2025-08-18,75,Grocery,30.6,Ira Kapoor,38,Other,2024-08-30,Product_004,Toys,2600.12,229
T000875,U0121,P004,99.26,Wallet,2023-05-26,54.67714285714286,7,2025-08-18,75,Home,111.39,Ira Kapoor,38,Other,2024-08-30,Product_004,Toys,2600.12,229
T000875,U0121,P004,99.26,Wallet,2023-05-26,54.67714285714286,7,2025-08-18,75,Toys,99.26,Ira Kapoor,38,Other,2024-08-30,Product_004,Toys,2600.12,229
T000876,U0121,P013,40.6,Cash,2023-09-03,54.67714285714286,7,2025-08-18,75,Beauty,62.35,Ira Kapoor,38,Other,2024-08-30,Product_013,Beauty,3354.37,155
T000876,U0121,P013,40.6,Cash,2023-09-03,54.67714285714286,7,2025-08-18,75,Books,79.14,Ira Kapoor,38,Other,2024-08-30,Product_013,Beauty,3354.37,155
T000876,U0121,P013,40.6,Cash,2023-09-03,54.67714285714286,7,2025-08-18,75,Grocery,30.6,Ira Kapoor,38,Other,2024-08-30,Product_013,Beauty,3354.37,155
T000876,U0121,P013,40.6,Cash,2023-09-03,54.67714285714286,7,2025-08-18,75,Home,111.39,Ira Kapoor,38,Other,2024-08-30,Product_013,Beauty,3354.37,155
T000876,U0121,P013,40.6,Cash,2023-09-03,54.67714285714286,7,2025-08-18,75,Toys,99.26,Ira Kapoor,38,Other,2024-08-30,Product_013,Beauty,3354.37,155
T000877,U0175,P025,21.46,Cash,2024-09-03,63.688,6,2025-02-17,257,Clothing,121.2,Muhammad Singh,34,Male,2022-07-03,Product_025,Electronics,1408.97,272
T000877,U0175,P025,21.46,Cash,2024-09-03,63.688,6,2025-02-17,257,Electronics,74.53999999999999,Muhammad Singh,34,Male,2022-07-03,Product_025,Electronics,1408.97,272
T000877,U0175,P025,21.46,Cash,2024-09-03,63.688,6,2025-02-17,257,Home,21.46,Muhammad Singh,34,Male,2022-07-03,Product_025,Electronics,1408.97,272
T000877,U0175,P025,21.46,Cash,2024-09-03,63.688,6,2025-02-17,257,Toys,101.24,Muhammad Singh,34,Male,2022-07-03,Product_025,Electronics,1408.97,272
T000878,U0106,P004,42.23,Debit Card,2023-10-09,50.555,5,2025-08-25,68,Clothing,38.0,Aadhya Singh,35,Other,2022-07-16,Product_004,Toys,2600.12,229
T000878,U0106,P004,42.23,Debit Card,2023-10-09,50.555,5,2025-08-25,68,Electronics,44.22,Aadhya Singh,35,Other,2022-07-16,Product_004,Toys,2600.12,229
T000878,U0106,P004,42.23,Debit Card,2023-10-09,50.555,5,2025-08-25,68,Grocery,48.02,Aadhya Singh,35,Other,2022-07-16,Product_004,Toys,2600.12,229
T000878,U0106,P004,42.23,Debit Card,2023-10-09,50.555,5,2025-08-25,68,Toys,71.97999999999999,Aadhya Singh,35,Other,2022-07-16,Product_004,Toys,2600.12,229
T000879,U0052,P022,134.35,Net Banking,2025-07-26,69.11,12,2025-10-08,24,Beauty,57.08,Vivaan Patel,28,Male,2024-01-16,Product_022,Electronics,3207.91,466
T000879,U0052,P022,134.35,Net Banking,2025-07-26,69.11,12,2025-10-08,24,Books,122.91999999999999,Vivaan Patel,28,Male,2024-01-16,Product_022,Electronics,3207.91,466
T000879,U0052,P022,134.35,Net Banking,2025-07-26,69.11,12,2025-10-08,24,Clothing,157.13,Vivaan Patel,28,Male,2024-01-16,Product_022,Electronics,3207.91,466
T000879,U0052,P022,134.35,Net Banking,2025-07-26,69.11,12,2025-10-08,24,Electronics,134.35,Vivaan Patel,28,Male,2024-01-16,Product_022,Electronics,3207.91,466
T000879,U0052,P022,134.35,Net Banking,2025-07-26,69.11,12,2025-10-08,24,Grocery,97.29,Vivaan Patel,28,Male,2024-01-16,Product_022,Electronics,3207.91,466
T000879,U0052,P022,134.35,Net Banking,2025-07-26,69.11,12,2025-10-08,24,Home,191.44,Vivaan Patel,28,Male,2024-01-16,Product_022,Electronics,3207.91,466
T000880,U0037,P021,90.93,Wallet,2024-01-05,63.22,4,2025-04-02,213,Books,90.93,Aarav Patel,33,Female,2022-09-03,Product_021,Books,3055.12,169
T000880,U0037,P021,90.93,Wallet,2024-01-05,63.22,4,2025-04-02,213,Clothing,69.95,Aarav Patel,33,Female,2022-09-03,Product_021,Books,3055.12,169
T000880,U0037,P021,90.93,Wallet,2024-01-05,63.22,4,2025-04-02,213,Electronics,53.3,Aarav Patel,33,Female,2022-09-03,Product_021,Books,3055.12,169
T000880,U0037,P021,90.93,Wallet,2024-01-05,63.22,4,2025-04-02,213,Grocery,38.7,Aarav Patel,33,Female,2022-09-03,Product_021,Books,3055.12,169
T000881,U0200,P006,44.29,Net Banking,2024-11-12,57.14833333333333,6,2025-08-24,69,Books,80.5,Kiara Nair,22,Other,2022-01-27,Product_006,Clothing,3250.7,481
T000881,U0200,P006,44.29,Net Banking,2024-11-12,57.14833333333333,6,2025-08-24,69,Clothing,44.29,Kiara Nair,22,Other,2022-01-27,Product_006,Clothing,3250.7,481
T000881,U0200,P006,44.29,Net Banking,2024-11-12,57.14833333333333,6,2025-08-24,69,Electronics,25.33,Kiara Nair,22,Other,2022-01-27,Product_006,Clothing,3250.7,481
T000881,U0200,P006,44.29,Net Banking,2024-11-12,57.14833333333333,6,2025-08-24,69,Grocery,73.37,Kiara Nair,22,Other,2022-01-27,Product_006,Clothing,3250.7,481
T000881,U0200,P006,44.29,Net Banking,2024-11-12,57.14833333333333,6,2025-08-24,69,Home,38.65,Kiara Nair,22,Other,2022-01-27,Product_006,Clothing,3250.7,481
T000881,U0200,P006,44.29,Net Banking,2024-11-12,57.14833333333333,6,2025-08-24,69,Toys,80.75,Kiara Nair,22,Other,2022-01-27,Product_006,Clothing,3250.7,481
T000882,U0162,P012,44.28,UPI,2023-04-29,61.4,6,2025-02-22,252,Books,15.74,Muhammad Mehta,38,Female,2022-10-14,Product_012,Sports,4263.31,176
T000882,U0162,P012,44.28,UPI,2023-04-29,61.4,6,2025-02-22,252,Clothing,134.48,Muhammad Mehta,38,Female,2022-10-14,Product_012,Sports,4263.31,176
T000882,U0162,P012,44.28,UPI,2023-04-29,61.4,6,2025-02-22,252,Grocery,47.37,Muhammad Mehta,38,Female,2022-10-14,Product_012,Sports,4263.31,176
T000882,U0162,P012,44.28,UPI,2023-04-29,61.4,6,2025-02-22,252,Home,24.73,Muhammad Mehta,38,Female,2022-10-14,Product_012,Sports,4263.31,176
T000882,U0162,P012,44.28,UPI,2023-04-29,61.4,6,2025-02-22,252,Sports,84.68,Muhammad Mehta,38,Female,2022-10-14,Product_012,Sports,4263.31,176
T000883,U0002,P029,45.02,UPI,2024-03-04,129.68,6,2024-04-27,553,Beauty,187.02,Sai Reddy,30,Other,2023-11-24,Product_029,Clothing,128.31,289
T000883,U0002,P029,45.02,UPI,2024-03-04,129.68,6,2024-04-27,553,Clothing,45.02,Sai Reddy,30,Other,2023-11-24,Product_029,Clothing,128.31,289
T000883,U0002,P029,45.02,UPI,2024-03-04,129.68,6,2024-04-27,553,Toys,157.0,Sai Reddy,30,Other,2023-11-24,Product_029,Clothing,128.31,289
T000884,U0195,P050,189.81,Debit Card,2023-11-21,94.738,5,2025-01-29,276,Books,108.28,Ishaan Reddy,33,Male,2022-06-19,Product_050,Toys,2833.37,45
T000884,U0195,P050,189.81,Debit Card,2023-11-21,94.738,5,2025-01-29,276,Home,130.41,Ishaan Reddy,33,Male,2022-06-19,Product_050,Toys,2833.37,45
T000884,U0195,P050,189.81,Debit Card,2023-11-21,94.738,5,2025-01-29,276,Toys,235.0,Ishaan Reddy,33,Male,2022-06-19,Product_050,Toys,2833.37,45
T000885,U0126,P049,68.66,Credit Card,2023-09-23,79.38199999999999,6,2024-07-27,462,Beauty,47.24,Myra Gupta,49,Other,2022-08-29,Product_049,Home,1701.17,159
T000885,U0126,P049,68.66,Credit Card,2023-09-23,79.38199999999999,6,2024-07-27,462,Books,16.46,Myra Gupta,49,Other,2022-08-29,Product_049,Home,1701.17,159
T000885,U0126,P049,68.66,Credit Card,2023-09-23,79.38199999999999,6,2024-07-27,462,Home,68.66,Myra Gupta,49,Other,2022-08-29,Product_049,Home,1701.17,159
T000885,U0126,P049,68.66,Credit Card,2023-09-23,79.38199999999999,6,2024-07-27,462,Sports,115.98,Myra Gupta,49,Other,2022-08-29,Product_049,Home,1701.17,159
T000885,U0126,P049,68.66,Credit Card,2023-09-23,79.38199999999999,6,2024-07-27,462,Toys,148.57,Myra Gupta,49,Other,2022-08-29,Product_049,Home,1701.17,159
T000886,U0158,P028,70.67,Wallet,2025-05-29,68.458,5,2025-05-29,156,Beauty,129.83,Saanvi Khan,35,Female,2024-04-30,Product_028,Home,3602.11,250
T000886,U0158,P028,70.67,Wallet,2025-05-29,68.458,5,2025-05-29,156,Grocery,15.27,Saanvi Khan,35,Female,2024-04-30,Product_028,Home,3602.11,250
T000886,U0158,P028,70.67,Wallet,2025-05-29,68.458,5,2025-05-29,156,Home,70.67,Saanvi Khan,35,Female,2024-04-30,Product_028,Home,3602.11,250
T000886,U0158,P028,70.67,Wallet,2025-05-29,68.458,5,2025-05-29,156,Toys,126.52000000000001,Saanvi Khan,35,Female,2024-04-30,Product_028,Home,3602.11,250
T000887,U0104,P028,101.31,Net Banking,2025-02-24,79.22,4,2025-09-01,61,Electronics,83.75,Anaya Kulkarni,25,Female,2024-01-08,Product_028,Home,3602.11,250
T000887,U0104,P028,101.31,Net Banking,2025-02-24,79.22,4,2025-09-01,61,Grocery,94.61,Anaya Kulkarni,25,Female,2024-01-08,Product_028,Home,3602.11,250
T000887,U0104,P028,101.31,Net Banking,2025-02-24,79.22,4,2025-09-01,61,Home,101.31,Anaya Kulkarni,25,Female,2024-01-08,Product_028,Home,3602.11,250
T000887,U0104,P028,101.31,Net Banking,2025-02-24,79.22,4,2025-09-01,61,Toys,37.21,Anaya Kulkarni,25,Female,2024-01-08,Product_028,Home,3602.11,250
T000888,U0002,P003,63.01,Cash,2024-02-13,129.68,6,2024-04-27,553,Beauty,187.02,Sai Reddy,30,Other,2023-11-24,Product_003,Beauty,3027.98,127
T000888,U0002,P003,63.01,Cash,2024-02-13,129.68,6,2024-04-27,553,Clothing,45.02,Sai Reddy,30,Other,2023-11-24,Product_003,Beauty,3027.98,127
T000888,U0002,P003,63.01,Cash,2024-02-13,129.68,6,2024-04-27,553,Toys,157.0,Sai Reddy,30,Other,2023-11-24,Product_003,Beauty,3027.98,127
T000889,U0188,P024,46.74,Credit Card,2024-10-21,60.9925,8,2025-03-04,242,Books,49.1,Muhammad Das,31,Female,2022-06-10,Product_024,Home,2509.0,267
T000889,U0188,P024,46.74,Credit Card,2024-10-21,60.9925,8,2025-03-04,242,Clothing,222.48,Muhammad Das,31,Female,2022-06-10,Product_024,Home,2509.0,267
T000889,U0188,P024,46.74,Credit Card,2024-10-21,60.9925,8,2025-03-04,242,Home,142.34,Muhammad Das,31,Female,2022-06-10,Product_024,Home,2509.0,267
T000889,U0188,P024,46.74,Credit Card,2024-10-21,60.9925,8,2025-03-04,242,Sports,74.02,Muhammad Das,31,Female,2022-06-10,Product_024,Home,2509.0,267
T000890,U0194,P034,48.53,Debit Card,2023-02-06,54.482000000000006,5,2025-03-24,222,Books,110.05000000000001,Vihaan Kapoor,22,Male,2024-07-19,Product_034,Books,474.01,362
T000890,U0194,P034,48.53,Debit Card,2023-02-06,54.482000000000006,5,2025-03-24,222,Home,56.59,Vihaan Kapoor,22,Male,2024-07-19,Product_034,Books,474.01,362
T000890,U0194,P034,48.53,Debit Card,2023-02-06,54.482000000000006,5,2025-03-24,222,Sports,85.99,Vihaan Kapoor,22,Male,2024-07-19,Product_034,Books,474.01,362
T000890,U0194,P034,48.53,Debit Card,2023-02-06,54.482000000000006,5,2025-03-24,222,Toys,19.78,Vihaan Kapoor,22,Male,2024-07-19,Product_034,Books,474.01,362
T000891,U0174,P001,52.3,Wallet,2024-05-24,50.70142857142857,7,2025-09-23,39,Beauty,48.04,Ira Kulkarni,34,Female,2024-05-02,Product_001,Grocery,264.89,371
T000891,U0174,P001,52.3,Wallet,2024-05-24,50.70142857142857,7,2025-09-23,39,Books,100.94,Ira Kulkarni,34,Female,2024-05-02,Product_001,Grocery,264.89,371
T000891,U0174,P001,52.3,Wallet,2024-05-24,50.70142857142857,7,2025-09-23,39,Clothing,13.72,Ira Kulkarni,34,Female,2024-05-02,Product_001,Grocery,264.89,371
T000891,U0174,P001,52.3,Wallet,2024-05-24,50.70142857142857,7,2025-09-23,39,Grocery,52.3,Ira Kulkarni,34,Female,2024-05-02,Product_001,Grocery,264.89,371
T000891,U0174,P001,52.3,Wallet,2024-05-24,50.70142857142857,7,2025-09-23,39,Home,23.15,Ira Kulkarni,34,Female,2024-05-02,Product_001,Grocery,264.89,371
T000891,U0174,P001,52.3,Wallet,2024-05-24,50.70142857142857,7,2025-09-23,39,Sports,116.76,Ira Kulkarni,34,Female,2024-05-02,Product_001,Grocery,264.89,371
T000892,U0058,P045,53.39,UPI,2024-10-01,52.6725,4,2025-05-02,183,Books,39.71,Meera Joshi,29,Male,2024-07-13,Product_045,Grocery,992.11,139
T000892,U0058,P045,53.39,UPI,2024-10-01,52.6725,4,2025-05-02,183,Clothing,56.16,Meera Joshi,29,Male,2024-07-13,Product_045,Grocery,992.11,139
T000892,U0058,P045,53.39,UPI,2024-10-01,52.6725,4,2025-05-02,183,Grocery,53.39,Meera Joshi,29,Male,2024-07-13,Product_045,Grocery,992.11,139
T000892,U0058,P045,53.39,UPI,2024-10-01,52.6725,4,2025-05-02,183,Home,61.43,Meera Joshi,29,Male,2024-07-13,Product_045,Grocery,992.11,139
T000893,U0034,P007,84.49,Net Banking,2025-10-27,85.23375,9,2025-10-27,5,Beauty,103.98,Vihaan Singh,23,Other,2023-09-16,Product_007,Books,2084.59,134
T000893,U0034,P007,84.49,Net Banking,2025-10-27,85.23375,9,2025-10-27,5,Books,84.49,Vihaan Singh,23,Other,2023-09-16,Product_007,Books,2084.59,134
T000893,U0034,P007,84.49,Net Banking,2025-10-27,85.23375,9,2025-10-27,5,Clothing,51.52,Vihaan Singh,23,Other,2023-09-16,Product_007,Books,2084.59,134
T000893,U0034,P007,84.49,Net Banking,2025-10-27,85.23375,9,2025-10-27,5,Electronics,39.12,Vihaan Singh,23,Other,2023-09-16,Product_007,Books,2084.59,134
T000893,U0034,P007,84.49,Net Banking,2025-10-27,85.23375,9,2025-10-27,5,Grocery,247.26999999999998,Vihaan Singh,23,Other,2023-09-16,Product_007,Books,2084.59,134
T000893,U0034,P007,84.49,Net Banking,2025-10-27,85.23375,9,2025-10-27,5,Home,46.11,Vihaan Singh,23,Other,2023-09-16,Product_007,Books,2084.59,134
T000893,U0034,P007,84.49,Net Banking,2025-10-27,85.23375,9,2025-10-27,5,Sports,109.38,Vihaan Singh,23,Other,2023-09-16,Product_007,Books,2084.59,134
T000894,U0151,P020,56.33,Debit Card,2023-05-14,71.11875,8,2025-03-26,220,Beauty,33.2,Kabir Kulkarni,34,Male,2024-03-12,Product_020,Toys,1595.75,428
T000894,U0151,P020,56.33,Debit Card,2023-05-14,71.11875,8,2025-03-26,220,Books,263.46,Kabir Kulkarni,34,Male,2024-03-12,Product_020,Toys,1595.75,428
T000894,U0151,P020,56.33,Debit Card,2023-05-14,71.11875,8,2025-03-26,220,Clothing,136.95,Kabir Kulkarni,34,Male,2024-03-12,Product_020,Toys,1595.75,428
T000894,U0151,P020,56.33,Debit Card,2023-05-14,71.11875,8,2025-03-26,220,Sports,79.01,Kabir Kulkarni,34,Male,2024-03-12,Product_020,Toys,1595.75,428
T000894,U0151,P020,56.33,Debit Card,2023-05-14,71.11875,8,2025-03-26,220,Toys,56.33,Kabir Kulkarni,34,Male,2024-03-12,Product_020,Toys,1595.75,428
T000895,U0012,P020,84.74,UPI,2025-07-22,87.68714285714285,8,2025-10-05,27,Beauty,49.85,Aarohi Singh,28,Other,2024-06-25,Product_020,Toys,1595.75,428
T000895,U0012,P020,84.74,UPI,2025-07-22,87.68714285714285,8,2025-10-05,27,Books,185.72,Aarohi Singh,28,Other,2024-06-25,Product_020,Toys,1595.75,428
T000895,U0012,P020,84.74,UPI,2025-07-22,87.68714285714285,8,2025-10-05,27,Electronics,215.85,Aarohi Singh,28,Other,2024-06-25,Product_020,Toys,1595.75,428
T000895,U0012,P020,84.74,UPI,2025-07-22,87.68714285714285,8,2025-10-05,27,Grocery,54.06,Aarohi Singh,28,Other,2024-06-25,Product_020,Toys,1595.75,428
T000895,U0012,P020,84.74,UPI,2025-07-22,87.68714285714285,8,2025-10-05,27,Home,23.59,Aarohi Singh,28,Other,2024-06-25,Product_020,Toys,1595.75,428
T000895,U0012,P020,84.74,UPI,2025-07-22,87.68714285714285,8,2025-10-05,27,Toys,84.74,Aarohi Singh,28,Other,2024-06-25,Product_020,Toys,1595.75,428
T000896,U0187,P034,52.02,Cash,2024-11-22,76.19800000000001,7,2025-05-31,154,Books,164.03,Vivaan Kulkarni,35,Other,2024-08-28,Product_034,Books,474.01,362
T000896,U0187,P034,52.02,Cash,2024-11-22,76.19800000000001,7,2025-05-31,154,Clothing,67.21,Vivaan Kulkarni,35,Other,2024-08-28,Product_034,Books,474.01,362
T000896,U0187,P034,52.02,Cash,2024-11-22,76.19800000000001,7,2025-05-31,154,Home,149.75,Vivaan Kulkarni,35,Other,2024-08-28,Product_034,Books,474.01,362
T000897,U0112,P044,57.24,Debit Card,2024-12-02,59.4525,5,2024-12-02,334,Beauty,57.24,Meera Iyer,31,Other,2022-10-18,Product_044,Beauty,1655.45,268
T000897,U0112,P044,57.24,Debit Card,2024-12-02,59.4525,5,2024-12-02,334,Books,48.86,Meera Iyer,31,Other,2022-10-18,Product_044,Beauty,1655.45,268
T000897,U0112,P044,57.24,Debit Card,2024-12-02,59.4525,5,2024-12-02,334,Grocery,33.24,Meera Iyer,31,Other,2022-10-18,Product_044,Beauty,1655.45,268
T000897,U0112,P044,57.24,Debit Card,2024-12-02,59.4525,5,2024-12-02,334,Home,98.47,Meera Iyer,31,Other,2022-10-18,Product_044,Beauty,1655.45,268
T000898,U0126,P023,16.46,Debit Card,2023-12-04,79.38199999999999,6,2024-07-27,462,Beauty,47.24,Myra Gupta,49,Other,2022-08-29,Product_023,Books,1984.98,450
T000898,U0126,P023,16.46,Debit Card,2023-12-04,79.38199999999999,6,2024-07-27,462,Books,16.46,Myra Gupta,49,Other,2022-08-29,Product_023,Books,1984.98,450
T000898,U0126,P023,16.46,Debit Card,2023-12-04,79.38199999999999,6,2024-07-27,462,Home,68.66,Myra Gupta,49,Other,2022-08-29,Product_023,Books,1984.98,450
T000898,U0126,P023,16.46,Debit Card,2023-12-04,79.38199999999999,6,2024-07-27,462,Sports,115.98,Myra Gupta,49,Other,2022-08-29,Product_023,Books,1984.98,450
T000898,U0126,P023,16.46,Debit Card,2023-12-04,79.38199999999999,6,2024-07-27,462,Toys,148.57,Myra Gupta,49,Other,2022-08-29,Product_023,Books,1984.98,450
T000899,U0104,P002,94.61,Debit Card,2024-04-04,79.22,4,2025-09-01,61,Electronics,83.75,Anaya Kulkarni,25,Female,2024-01-08,Product_002,Grocery,605.91,150
T000899,U0104,P002,94.61,Debit Card,2024-04-04,79.22,4,2025-09-01,61,Grocery,94.61,Anaya Kulkarni,25,Female,2024-01-08,Product_002,Grocery,605.91,150
T000899,U0104,P002,94.61,Debit Card,2024-04-04,79.22,4,2025-09-01,61,Home,101.31,Anaya Kulkarni,25,Female,2024-01-08,Product_002,Grocery,605.91,150
T000899,U0104,P002,94.61,Debit Card,2024-04-04,79.22,4,2025-09-01,61,Toys,37.21,Anaya Kulkarni,25,Female,2024-01-08,Product_002,Grocery,605.91,150
T000900,U0187,P009,67.21,Debit Card,2023-02-14,76.19800000000001,7,2025-05-31,154,Books,164.03,Vivaan Kulkarni,35,Other,2024-08-28,Product_009,Clothing,1799.44,163
T000900,U0187,P009,67.21,Debit Card,2023-02-14,76.19800000000001,7,2025-05-31,154,Clothing,67.21,Vivaan Kulkarni,35,Other,2024-08-28,Product_009,Clothing,1799.44,163
T000900,U0187,P009,67.21,Debit Card,2023-02-14,76.19800000000001,7,2025-05-31,154,Home,149.75,Vivaan Kulkarni,35,Other,2024-08-28,Product_009,Clothing,1799.44,163
T000901,U0151,P033,99.37,Debit Card,2023-09-10,71.11875,8,2025-03-26,220,Beauty,33.2,Kabir Kulkarni,34,Male,2024-03-12,Product_033,Clothing,3874.48,45
T000901,U0151,P033,99.37,Debit Card,2023-09-10,71.11875,8,2025-03-26,220,Books,263.46,Kabir Kulkarni,34,Male,2024-03-12,Product_033,Clothing,3874.48,45
T000901,U0151,P033,99.37,Debit Card,2023-09-10,71.11875,8,2025-03-26,220,Clothing,136.95,Kabir Kulkarni,34,Male,2024-03-12,Product_033,Clothing,3874.48,45
T000901,U0151,P033,99.37,Debit Card,2023-09-10,71.11875,8,2025-03-26,220,Sports,79.01,Kabir Kulkarni,34,Male,2024-03-12,Product_033,Clothing,3874.48,45
T000901,U0151,P033,99.37,Debit Card,2023-09-10,71.11875,8,2025-03-26,220,Toys,56.33,Kabir Kulkarni,34,Male,2024-03-12,Product_033,Clothing,3874.48,45
T000902,U0094,P046,9.6,Wallet,2023-03-18,63.004,5,2025-07-26,98,Beauty,74.34,Kabir Ghosh,29,Male,2023-11-07,Product_046,Toys,4970.99,267
T000902,U0094,P046,9.6,Wallet,2023-03-18,63.004,5,2025-07-26,98,Books,161.98,Kabir Ghosh,29,Male,2023-11-07,Product_046,Toys,4970.99,267
T000902,U0094,P046,9.6,Wallet,2023-03-18,63.004,5,2025-07-26,98,Home,31.85,Kabir Ghosh,29,Male,2023-11-07,Product_046,Toys,4970.99,267
T000902,U0094,P046,9.6,Wallet,2023-03-18,63.004,5,2025-07-26,98,Sports,37.25,Kabir Ghosh,29,Male,2023-11-07,Product_046,Toys,4970.99,267
T000902,U0094,P046,9.6,Wallet,2023-03-18,63.004,5,2025-07-26,98,Toys,9.6,Kabir Ghosh,29,Male,2023-11-07,Product_046,Toys,4970.99,267
T000903,U0097,P041,191.14,UPI,2023-04-10,85.14,6,2025-09-08,54,Books,18.09,Aarohi Nair,34,Male,2024-06-17,Product_041,Home,3218.83,273
T000903,U0097,P041,191.14,UPI,2023-04-10,85.14,6,2025-09-08,54,Clothing,84.39,Aarohi Nair,34,Male,2024-06-17,Product_041,Home,3218.83,273
T000903,U0097,P041,191.14,UPI,2023-04-10,85.14,6,2025-09-08,54,Electronics,70.48,Aarohi Nair,34,Male,2024-06-17,Product_041,Home,3218.83,273
T000903,U0097,P041,191.14,UPI,2023-04-10,85.14,6,2025-09-08,54,Home,191.14,Aarohi Nair,34,Male,2024-06-17,Product_041,Home,3218.83,273
T000903,U0097,P041,191.14,UPI,2023-04-10,85.14,6,2025-09-08,54,Toys,146.74,Aarohi Nair,34,Male,2024-06-17,Product_041,Home,3218.83,273
T000904,U0153,P004,50.21,Wallet,2023-08-10,57.984,5,2025-07-26,98,Beauty,50.63,Diya Gupta,26,Other,2022-01-13,Product_004,Toys,2600.12,229
T000904,U0153,P004,50.21,Wallet,2023-08-10,57.984,5,2025-07-26,98,Electronics,28.77,Diya Gupta,26,Other,2022-01-13,Product_004,Toys,2600.12,229
T000904,U0153,P004,50.21,Wallet,2023-08-10,57.984,5,2025-07-26,98,Grocery,160.31,Diya Gupta,26,Other,2022-01-13,Product_004,Toys,2600.12,229
T000904,U0153,P004,50.21,Wallet,2023-08-10,57.984,5,2025-07-26,98,Toys,50.21,Diya Gupta,26,Other,2022-01-13,Product_004,Toys,2600.12,229
T000905,U0168,P002,106.16,Credit Card,2023-08-26,63.7575,5,2024-06-15,504,Books,82.74,Saanvi Mehta,47,Female,2023-06-28,Product_002,Grocery,605.91,150
T000905,U0168,P002,106.16,Credit Card,2023-08-26,63.7575,5,2024-06-15,504,Clothing,39.9,Saanvi Mehta,47,Female,2023-06-28,Product_002,Grocery,605.91,150
T000905,U0168,P002,106.16,Credit Card,2023-08-26,63.7575,5,2024-06-15,504,Grocery,106.16,Saanvi Mehta,47,Female,2023-06-28,Product_002,Grocery,605.91,150
T000905,U0168,P002,106.16,Credit Card,2023-08-26,63.7575,5,2024-06-15,504,Home,26.23,Saanvi Mehta,47,Female,2023-06-28,Product_002,Grocery,605.91,150
T000906,U0107,P029,29.26,Net Banking,2023-09-11,43.097142857142856,7,2025-09-29,33,Clothing,29.26,Kiara Bose,47,Other,2023-09-23,Product_029,Clothing,128.31,289
T000906,U0107,P029,29.26,Net Banking,2023-09-11,43.097142857142856,7,2025-09-29,33,Electronics,23.47,Kiara Bose,47,Other,2023-09-23,Product_029,Clothing,128.31,289
T000906,U0107,P029,29.26,Net Banking,2023-09-11,43.097142857142856,7,2025-09-29,33,Grocery,150.88,Kiara Bose,47,Other,2023-09-23,Product_029,Clothing,128.31,289
T000906,U0107,P029,29.26,Net Banking,2023-09-11,43.097142857142856,7,2025-09-29,33,Home,75.91,Kiara Bose,47,Other,2023-09-23,Product_029,Clothing,128.31,289
T000906,U0107,P029,29.26,Net Banking,2023-09-11,43.097142857142856,7,2025-09-29,33,Sports,22.16,Kiara Bose,47,Other,2023-09-23,Product_029,Clothing,128.31,289
T000907,U0141,P017,78.86,Net Banking,2023-11-10,70.26857142857143,9,2025-09-15,47,Beauty,78.86,Anaya Nair,33,Female,2024-02-10,Product_017,Beauty,3697.53,235
T000907,U0141,P017,78.86,Net Banking,2023-11-10,70.26857142857143,9,2025-09-15,47,Books,12.19,Anaya Nair,33,Female,2024-02-10,Product_017,Beauty,3697.53,235
T000907,U0141,P017,78.86,Net Banking,2023-11-10,70.26857142857143,9,2025-09-15,47,Clothing,186.62,Anaya Nair,33,Female,2024-02-10,Product_017,Beauty,3697.53,235
T000907,U0141,P017,78.86,Net Banking,2023-11-10,70.26857142857143,9,2025-09-15,47,Electronics,168.29999999999998,Anaya Nair,33,Female,2024-02-10,Product_017,Beauty,3697.53,235
T000907,U0141,P017,78.86,Net Banking,2023-11-10,70.26857142857143,9,2025-09-15,47,Grocery,22.9,Anaya Nair,33,Female,2024-02-10,Product_017,Beauty,3697.53,235
T000907,U0141,P017,78.86,Net Banking,2023-11-10,70.26857142857143,9,2025-09-15,47,Home,23.01,Anaya Nair,33,Female,2024-02-10,Product_017,Beauty,3697.53,235
T000908,U0053,P045,29.02,Wallet,2023-01-20,52.748000000000005,5,2025-05-09,176,Books,114.33,Anaya Patel,26,Male,2022-07-14,Product_045,Grocery,992.11,139
T000908,U0053,P045,29.02,Wallet,2023-01-20,52.748000000000005,5,2025-05-09,176,Grocery,29.02,Anaya Patel,26,Male,2022-07-14,Product_045,Grocery,992.11,139
T000908,U0053,P045,29.02,Wallet,2023-01-20,52.748000000000005,5,2025-05-09,176,Home,24.52,Anaya Patel,26,Male,2022-07-14,Product_045,Grocery,992.11,139
T000908,U0053,P045,29.02,Wallet,2023-01-20,52.748000000000005,5,2025-05-09,176,Toys,95.87,Anaya Patel,26,Male,2022-07-14,Product_045,Grocery,992.11,139
T000909,U0078,P027,37.55,Wallet,2023-07-26,42.51,4,2024-10-22,375,Books,16.06,Vihaan Kapoor,29,Male,2022-10-16,Product_027,Toys,2241.45,134
T000909,U0078,P027,37.55,Wallet,2023-07-26,42.51,4,2024-10-22,375,Electronics,75.44,Vihaan Kapoor,29,Male,2022-10-16,Product_027,Toys,2241.45,134
T000909,U0078,P027,37.55,Wallet,2023-07-26,42.51,4,2024-10-22,375,Home,40.99,Vihaan Kapoor,29,Male,2022-10-16,Product_027,Toys,2241.45,134
T000909,U0078,P027,37.55,Wallet,2023-07-26,42.51,4,2024-10-22,375,Toys,37.55,Vihaan Kapoor,29,Male,2022-10-16,Product_027,Toys,2241.45,134
T000910,U0170,P034,172.16,UPI,2023-10-08,99.21571428571428,7,2025-07-02,122,Books,172.16,Diya Roy,25,Female,2022-09-15,Product_034,Books,474.01,362
T000910,U0170,P034,172.16,UPI,2023-10-08,99.21571428571428,7,2025-07-02,122,Electronics,79.34,Diya Roy,25,Female,2022-09-15,Product_034,Books,474.01,362
T000910,U0170,P034,172.16,UPI,2023-10-08,99.21571428571428,7,2025-07-02,122,Grocery,110.02,Diya Roy,25,Female,2022-09-15,Product_034,Books,474.01,362
T000910,U0170,P034,172.16,UPI,2023-10-08,99.21571428571428,7,2025-07-02,122,Home,292.81,Diya Roy,25,Female,2022-09-15,Product_034,Books,474.01,362
T000910,U0170,P034,172.16,UPI,2023-10-08,99.21571428571428,7,2025-07-02,122,Toys,40.18,Diya Roy,25,Female,2022-09-15,Product_034,Books,474.01,362
T000911,U0108,P007,48.7,Cash,2023-08-30,75.902,6,2025-07-25,99,Beauty,108.77,Saanvi Singh,33,Female,2024-05-03,Product_007,Books,2084.59,134
T000911,U0108,P007,48.7,Cash,2023-08-30,75.902,6,2025-07-25,99,Books,48.7,Saanvi Singh,33,Female,2024-05-03,Product_007,Books,2084.59,134
T000911,U0108,P007,48.7,Cash,2023-08-30,75.902,6,2025-07-25,99,Electronics,57.17,Saanvi Singh,33,Female,2024-05-03,Product_007,Books,2084.59,134
T000911,U0108,P007,48.7,Cash,2023-08-30,75.902,6,2025-07-25,99,Grocery,52.21,Saanvi Singh,33,Female,2024-05-03,Product_007,Books,2084.59,134
T000911,U0108,P007,48.7,Cash,2023-08-30,75.902,6,2025-07-25,99,Home,112.66,Saanvi Singh,33,Female,2024-05-03,Product_007,Books,2084.59,134
T000912,U0073,P008,62.21,Credit Card,2025-10-16,84.952,5,2025-10-16,16,Beauty,110.79,Aarohi Das,31,Other,2022-05-16,Product_008,Books,4534.16,161
T000912,U0073,P008,62.21,Credit Card,2025-10-16,84.952,5,2025-10-16,16,Books,98.9,Aarohi Das,31,Other,2022-05-16,Product_008,Books,4534.16,161
T000912,U0073,P008,62.21,Credit Card,2025-10-16,84.952,5,2025-10-16,16,Clothing,110.78,Aarohi Das,31,Other,2022-05-16,Product_008,Books,4534.16,161
T000912,U0073,P008,62.21,Credit Card,2025-10-16,84.952,5,2025-10-16,16,Grocery,104.29,Aarohi Das,31,Other,2022-05-16,Product_008,Books,4534.16,161
T000913,U0051,P039,92.02,Debit Card,2024-06-22,72.70333333333333,3,2025-04-02,213,Grocery,144.5,Kiara Mehta,34,Female,2023-04-24,Product_039,Grocery,4167.72,453
T000913,U0051,P039,92.02,Debit Card,2024-06-22,72.70333333333333,3,2025-04-02,213,Sports,73.61,Kiara Mehta,34,Female,2023-04-24,Product_039,Grocery,4167.72,453
T000914,U0134,P013,73.51,UPI,2025-04-19,169.215,2,2025-09-02,60,Beauty,73.51,Aarohi Kulkarni,35,Male,2022-08-13,Product_013,Beauty,3354.37,155
T000914,U0134,P013,73.51,UPI,2025-04-19,169.215,2,2025-09-02,60,Grocery,264.92,Aarohi Kulkarni,35,Male,2022-08-13,Product_013,Beauty,3354.37,155
T000915,U0076,P011,59.75,Credit Card,2025-10-13,71.53428571428572,7,2025-10-13,19,Books,240.39999999999998,Ira Sharma,38,Other,2022-11-03,Product_011,Electronics,1410.29,28
T000915,U0076,P011,59.75,Credit Card,2025-10-13,71.53428571428572,7,2025-10-13,19,Clothing,60.89,Ira Sharma,38,Other,2022-11-03,Product_011,Electronics,1410.29,28
T000915,U0076,P011,59.75,Credit Card,2025-10-13,71.53428571428572,7,2025-10-13,19,Electronics,59.75,Ira Sharma,38,Other,2022-11-03,Product_011,Electronics,1410.29,28
T000915,U0076,P011,59.75,Credit Card,2025-10-13,71.53428571428572,7,2025-10-13,19,Grocery,86.16,Ira Sharma,38,Other,2022-11-03,Product_011,Electronics,1410.29,28
T000915,U0076,P011,59.75,Credit Card,2025-10-13,71.53428571428572,7,2025-10-13,19,Sports,53.54,Ira Sharma,38,Other,2022-11-03,Product_011,Electronics,1410.29,28
T000916,U0054,P045,67.96,Net Banking,2024-11-08,75.07,2,2024-12-19,317,Clothing,82.18,Aarohi Roy,36,Male,2022-07-07,Product_045,Grocery,992.11,139
T000916,U0054,P045,67.96,Net Banking,2024-11-08,75.07,2,2024-12-19,317,Grocery,67.96,Aarohi Roy,36,Male,2022-07-07,Product_045,Grocery,992.11,139
T000917,U0061,P001,230.91,Credit Card,2023-07-02,101.10333333333334,7,2025-06-28,126,Books,78.55,Aarohi Joshi,28,Male,2022-10-31,Product_001,Grocery,264.89,371
T000917,U0061,P001,230.91,Credit Card,2023-07-02,101.10333333333334,7,2025-06-28,126,Clothing,163.11,Aarohi Joshi,28,Male,2022-10-31,Product_001,Grocery,264.89,371
T000917,U0061,P001,230.91,Credit Card,2023-07-02,101.10333333333334,7,2025-06-28,126,Grocery,230.91,Aarohi Joshi,28,Male,2022-10-31,Product_001,Grocery,264.89,371
T000917,U0061,P001,230.91,Credit Card,2023-07-02,101.10333333333334,7,2025-06-28,126,Home,91.79,Aarohi Joshi,28,Male,2022-10-31,Product_001,Grocery,264.89,371
T000917,U0061,P001,230.91,Credit Card,2023-07-02,101.10333333333334,7,2025-06-28,126,Toys,42.26,Aarohi Joshi,28,Male,2022-10-31,Product_001,Grocery,264.89,371
T000918,U0029,P037,52.74,Wallet,2025-10-08,47.02,3,2025-10-08,24,Clothing,52.74,Sara Roy,27,Other,2024-09-21,Product_037,Clothing,1750.62,496
T000918,U0029,P037,52.74,Wallet,2025-10-08,47.02,3,2025-10-08,24,Toys,88.32,Sara Roy,27,Other,2024-09-21,Product_037,Clothing,1750.62,496
T000919,U0039,P006,61.6,Cash,2023-06-03,61.31,6,2025-09-18,44,Books,24.26,Meera Gupta,21,Other,2022-05-12,Product_006,Clothing,3250.7,481
T000919,U0039,P006,61.6,Cash,2023-06-03,61.31,6,2025-09-18,44,Clothing,97.15,Meera Gupta,21,Other,2022-05-12,Product_006,Clothing,3250.7,481
T000919,U0039,P006,61.6,Cash,2023-06-03,61.31,6,2025-09-18,44,Sports,49.9,Meera Gupta,21,Other,2022-05-12,Product_006,Clothing,3250.7,481
T000919,U0039,P006,61.6,Cash,2023-06-03,61.31,6,2025-09-18,44,Toys,135.24,Meera Gupta,21,Other,2022-05-12,Product_006,Clothing,3250.7,481
T000920,U0186,P047,102.55,Credit Card,2024-06-08,90.67000000000002,3,2025-09-29,33,Electronics,102.55,Saanvi Mukherjee,37,Female,2023-09-28,Product_047,Electronics,1846.57,300
T000920,U0186,P047,102.55,Credit Card,2024-06-08,90.67000000000002,3,2025-09-29,33,Grocery,140.86,Saanvi Mukherjee,37,Female,2023-09-28,Product_047,Electronics,1846.57,300
T000920,U0186,P047,102.55,Credit Card,2024-06-08,90.67000000000002,3,2025-09-29,33,Toys,28.6,Saanvi Mukherjee,37,Female,2023-09-28,Product_047,Electronics,1846.57,300
T000921,U0165,P015,105.99,Net Banking,2024-08-29,84.41333333333334,3,2025-08-09,84,Books,105.99,Aarohi Ghosh,39,Other,2023-10-24,Product_015,Books,2286.25,251
T000921,U0165,P015,105.99,Net Banking,2024-08-29,84.41333333333334,3,2025-08-09,84,Home,65.65,Aarohi Ghosh,39,Other,2023-10-24,Product_015,Books,2286.25,251
T000921,U0165,P015,105.99,Net Banking,2024-08-29,84.41333333333334,3,2025-08-09,84,Sports,81.6,Aarohi Ghosh,39,Other,2023-10-24,Product_015,Books,2286.25,251
T000922,U0068,P030,111.3,Credit Card,2023-07-24,79.6225,4,2025-07-02,122,Home,111.3,Sara Gupta,40,Female,2023-08-02,Product_030,Home,685.55,28
T000922,U0068,P030,111.3,Credit Card,2023-07-24,79.6225,4,2025-07-02,122,Toys,207.19,Sara Gupta,40,Female,2023-08-02,Product_030,Home,685.55,28
T000923,U0045,P003,80.1,UPI,2025-01-07,85.19375,8,2025-04-10,205,Beauty,120.96,Sai Chopra,20,Male,2022-03-14,Product_003,Beauty,3027.98,127
T000923,U0045,P003,80.1,UPI,2025-01-07,85.19375,8,2025-04-10,205,Books,218.42,Sai Chopra,20,Male,2022-03-14,Product_003,Beauty,3027.98,127
T000923,U0045,P003,80.1,UPI,2025-01-07,85.19375,8,2025-04-10,205,Clothing,94.7,Sai Chopra,20,Male,2022-03-14,Product_003,Beauty,3027.98,127
T000923,U0045,P003,80.1,UPI,2025-01-07,85.19375,8,2025-04-10,205,Grocery,63.37,Sai Chopra,20,Male,2022-03-14,Product_003,Beauty,3027.98,127
T000923,U0045,P003,80.1,UPI,2025-01-07,85.19375,8,2025-04-10,205,Toys,184.1,Sai Chopra,20,Male,2022-03-14,Product_003,Beauty,3027.98,127
T000924,U0174,P021,27.5,Net Banking,2023-08-26,50.70142857142857,7,2025-09-23,39,Beauty,48.04,Ira Kulkarni,34,Female,2024-05-02,Product_021,Books,3055.12,169
T000924,U0174,P021,27.5,Net Banking,2023-08-26,50.70142857142857,7,2025-09-23,39,Books,100.94,Ira Kulkarni,34,Female,2024-05-02,Product_021,Books,3055.12,169
T000924,U0174,P021,27.5,Net Banking,2023-08-26,50.70142857142857,7,2025-09-23,39,Clothing,13.72,Ira Kulkarni,34,Female,2024-05-02,Product_021,Books,3055.12,169
T000924,U0174,P021,27.5,Net Banking,2023-08-26,50.70142857142857,7,2025-09-23,39,Grocery,52.3,Ira Kulkarni,34,Female,2024-05-02,Product_021,Books,3055.12,169
T000924,U0174,P021,27.5,Net Banking,2023-08-26,50.70142857142857,7,2025-09-23,39,Home,23.15,Ira Kulkarni,34,Female,2024-05-02,Product_021,Books,3055.12,169
T000924,U0174,P021,27.5,Net Banking,2023-08-26,50.70142857142857,7,2025-09-23,39,Sports,116.76,Ira Kulkarni,34,Female,2024-05-02,Product_021,Books,3055.12,169
T000925,U0025,P049,145.48,Credit Card,2023-01-20,74.69,6,2025-10-02,30,Clothing,99.75,Saanvi Bose,27,Female,2022-05-22,Product_049,Home,1701.17,159
T000925,U0025,P049,145.48,Credit Card,2023-01-20,74.69,6,2025-10-02,30,Home,187.25,Saanvi Bose,27,Female,2022-05-22,Product_049,Home,1701.17,159
T000925,U0025,P049,145.48,Credit Card,2023-01-20,74.69,6,2025-10-02,30,Toys,86.45,Saanvi Bose,27,Female,2022-05-22,Product_049,Home,1701.17,159
T000926,U0036,P043,27.45,Wallet,2023-12-16,48.7025,5,2025-08-28,65,Books,16.07,Ira Sharma,22,Other,2023-05-16,Product_043,Home,3416.65,309
T000926,U0036,P043,27.45,Wallet,2023-12-16,48.7025,5,2025-08-28,65,Grocery,89.86,Ira Sharma,22,Other,2023-05-16,Product_043,Home,3416.65,309
T000926,U0036,P043,27.45,Wallet,2023-12-16,48.7025,5,2025-08-28,65,Home,27.45,Ira Sharma,22,Other,2023-05-16,Product_043,Home,3416.65,309
T000926,U0036,P043,27.45,Wallet,2023-12-16,48.7025,5,2025-08-28,65,Sports,24.5,Ira Sharma,22,Other,2023-05-16,Product_043,Home,3416.65,309
T000926,U0036,P043,27.45,Wallet,2023-12-16,48.7025,5,2025-08-28,65,Toys,36.93,Ira Sharma,22,Other,2023-05-16,Product_043,Home,3416.65,309
T000927,U0085,P023,65.47,Net Banking,2024-07-03,65.51666666666667,6,2025-07-10,114,Beauty,33.94,Arjun Kapoor,25,Male,2023-08-20,Product_023,Books,1984.98,450
T000927,U0085,P023,65.47,Net Banking,2024-07-03,65.51666666666667,6,2025-07-10,114,Books,229.31,Arjun Kapoor,25,Male,2023-08-20,Product_023,Books,1984.98,450
T000927,U0085,P023,65.47,Net Banking,2024-07-03,65.51666666666667,6,2025-07-10,114,Clothing,55.21,Arjun Kapoor,25,Male,2023-08-20,Product_023,Books,1984.98,450
T000927,U0085,P023,65.47,Net Banking,2024-07-03,65.51666666666667,6,2025-07-10,114,Electronics,28.28,Arjun Kapoor,25,Male,2023-08-20,Product_023,Books,1984.98,450
T000927,U0085,P023,65.47,Net Banking,2024-07-03,65.51666666666667,6,2025-07-10,114,Home,46.36,Arjun Kapoor,25,Male,2023-08-20,Product_023,Books,1984.98,450
T000928,U0188,P006,34.72,UPI,2024-12-02,60.9925,8,2025-03-04,242,Books,49.1,Muhammad Das,31,Female,2022-06-10,Product_006,Clothing,3250.7,481
T000928,U0188,P006,34.72,UPI,2024-12-02,60.9925,8,2025-03-04,242,Clothing,222.48,Muhammad Das,31,Female,2022-06-10,Product_006,Clothing,3250.7,481
T000928,U0188,P006,34.72,UPI,2024-12-02,60.9925,8,2025-03-04,242,Home,142.34,Muhammad Das,31,Female,2022-06-10,Product_006,Clothing,3250.7,481
T000928,U0188,P006,34.72,UPI,2024-12-02,60.9925,8,2025-03-04,242,Sports,74.02,Muhammad Das,31,Female,2022-06-10,Product_006,Clothing,3250.7,481
T000929,U0047,P008,52.54,Net Banking,2025-03-30,40.7375,4,2025-10-04,28,Books,52.54,Anaya Gupta,28,Other,2022-10-13,Product_008,Books,4534.16,161
T000929,U0047,P008,52.54,Net Banking,2025-03-30,40.7375,4,2025-10-04,28,Grocery,86.52000000000001,Anaya Gupta,28,Other,2022-10-13,Product_008,Books,4534.16,161
T000929,U0047,P008,52.54,Net Banking,2025-03-30,40.7375,4,2025-10-04,28,Home,23.89,Anaya Gupta,28,Other,2022-10-13,Product_008,Books,4534.16,161
T000930,U0117,P018,66.5,Net Banking,2025-09-06,148.54888888888888,13,2025-09-06,56,Books,165.31,Aadhya Joshi,31,Female,2022-06-01,Product_018,Electronics,2390.82,158
T000930,U0117,P018,66.5,Net Banking,2025-09-06,148.54888888888888,13,2025-09-06,56,Clothing,790.84,Aadhya Joshi,31,Female,2022-06-01,Product_018,Electronics,2390.82,158
T000930,U0117,P018,66.5,Net Banking,2025-09-06,148.54888888888888,13,2025-09-06,56,Electronics,102.63,Aadhya Joshi,31,Female,2022-06-01,Product_018,Electronics,2390.82,158
T000930,U0117,P018,66.5,Net Banking,2025-09-06,148.54888888888888,13,2025-09-06,56,Grocery,127.18,Aadhya Joshi,31,Female,2022-06-01,Product_018,Electronics,2390.82,158
T000930,U0117,P018,66.5,Net Banking,2025-09-06,148.54888888888888,13,2025-09-06,56,Home,43.33,Aadhya Joshi,31,Female,2022-06-01,Product_018,Electronics,2390.82,158
T000930,U0117,P018,66.5,Net Banking,2025-09-06,148.54888888888888,13,2025-09-06,56,Sports,20.75,Aadhya Joshi,31,Female,2022-06-01,Product_018,Electronics,2390.82,158
T000930,U0117,P018,66.5,Net Banking,2025-09-06,148.54888888888888,13,2025-09-06,56,Toys,86.9,Aadhya Joshi,31,Female,2022-06-01,Product_018,Electronics,2390.82,158
T000931,U0108,P042,66.21,Debit Card,2023-08-20,75.902,6,2025-07-25,99,Beauty,108.77,Saanvi Singh,33,Female,2024-05-03,Product_042,Home,4406.39,59
T000931,U0108,P042,66.21,Debit Card,2023-08-20,75.902,6,2025-07-25,99,Books,48.7,Saanvi Singh,33,Female,2024-05-03,Product_042,Home,4406.39,59
T000931,U0108,P042,66.21,Debit Card,2023-08-20,75.902,6,2025-07-25,99,Electronics,57.17,Saanvi Singh,33,Female,2024-05-03,Product_042,Home,4406.39,59
T000931,U0108,P042,66.21,Debit Card,2023-08-20,75.902,6,2025-07-25,99,Grocery,52.21,Saanvi Singh,33,Female,2024-05-03,Product_042,Home,4406.39,59
T000931,U0108,P042,66.21,Debit Card,2023-08-20,75.902,6,2025-07-25,99,Home,112.66,Saanvi Singh,33,Female,2024-05-03,Product_042,Home,4406.39,59
T000932,U0034,P045,70.33,Wallet,2023-05-01,85.23375,9,2025-10-27,5,Beauty,103.98,Vihaan Singh,23,Other,2023-09-16,Product_045,Grocery,992.11,139
T000932,U0034,P045,70.33,Wallet,2023-05-01,85.23375,9,2025-10-27,5,Books,84.49,Vihaan Singh,23,Other,2023-09-16,Product_045,Grocery,992.11,139
T000932,U0034,P045,70.33,Wallet,2023-05-01,85.23375,9,2025-10-27,5,Clothing,51.52,Vihaan Singh,23,Other,2023-09-16,Product_045,Grocery,992.11,139
T000932,U0034,P045,70.33,Wallet,2023-05-01,85.23375,9,2025-10-27,5,Electronics,39.12,Vihaan Singh,23,Other,2023-09-16,Product_045,Grocery,992.11,139
T000932,U0034,P045,70.33,Wallet,2023-05-01,85.23375,9,2025-10-27,5,Grocery,247.26999999999998,Vihaan Singh,23,Other,2023-09-16,Product_045,Grocery,992.11,139
T000932,U0034,P045,70.33,Wallet,2023-05-01,85.23375,9,2025-10-27,5,Home,46.11,Vihaan Singh,23,Other,2023-09-16,Product_045,Grocery,992.11,139
T000932,U0034,P045,70.33,Wallet,2023-05-01,85.23375,9,2025-10-27,5,Sports,109.38,Vihaan Singh,23,Other,2023-09-16,Product_045,Grocery,992.11,139
T000933,U0041,P007,143.77,Net Banking,2025-09-15,96.9475,5,2025-09-18,44,Books,224.42000000000002,Sara Mukherjee,37,Male,2024-02-13,Product_007,Books,2084.59,134
T000933,U0041,P007,143.77,Net Banking,2025-09-15,96.9475,5,2025-09-18,44,Clothing,56.21,Sara Mukherjee,37,Male,2024-02-13,Product_007,Books,2084.59,134
T000933,U0041,P007,143.77,Net Banking,2025-09-15,96.9475,5,2025-09-18,44,Electronics,43.92,Sara Mukherjee,37,Male,2024-02-13,Product_007,Books,2084.59,134
T000933,U0041,P007,143.77,Net Banking,2025-09-15,96.9475,5,2025-09-18,44,Home,63.24,Sara Mukherjee,37,Male,2024-02-13,Product_007,Books,2084.59,134
T000934,U0146,P044,71.67,Net Banking,2024-01-07,69.02333333333334,4,2024-11-10,356,Beauty,71.67,Meera Patel,38,Other,2023-04-22,Product_044,Beauty,1655.45,268
T000934,U0146,P044,71.67,Net Banking,2024-01-07,69.02333333333334,4,2024-11-10,356,Clothing,53.13,Meera Patel,38,Other,2023-04-22,Product_044,Beauty,1655.45,268
T000934,U0146,P044,71.67,Net Banking,2024-01-07,69.02333333333334,4,2024-11-10,356,Electronics,45.34,Meera Patel,38,Other,2023-04-22,Product_044,Beauty,1655.45,268
T000934,U0146,P044,71.67,Net Banking,2024-01-07,69.02333333333334,4,2024-11-10,356,Home,36.93,Meera Patel,38,Other,2023-04-22,Product_044,Beauty,1655.45,268
T000935,U0157,P025,47.16,UPI,2023-03-01,45.112,5,2025-06-20,134,Beauty,79.79,Aarohi Joshi,46,Female,2024-04-25,Product_025,Electronics,1408.97,272
T000935,U0157,P025,47.16,UPI,2023-03-01,45.112,5,2025-06-20,134,Books,25.98,Aarohi Joshi,46,Female,2024-04-25,Product_025,Electronics,1408.97,272
T000935,U0157,P025,47.16,UPI,2023-03-01,45.112,5,2025-06-20,134,Electronics,47.16,Aarohi Joshi,46,Female,2024-04-25,Product_025,Electronics,1408.97,272
T000935,U0157,P025,47.16,UPI,2023-03-01,45.112,5,2025-06-20,134,Grocery,42.64,Aarohi Joshi,46,Female,2024-04-25,Product_025,Electronics,1408.97,272
T000935,U0157,P025,47.16,UPI,2023-03-01,45.112,5,2025-06-20,134,Home,29.99,Aarohi Joshi,46,Female,2024-04-25,Product_025,Electronics,1408.97,272
T000936,U0176,P047,97.36,Debit Card,2025-09-16,70.8,5,2025-09-16,46,Books,60.82,Kabir Sharma,38,Other,2022-05-10,Product_047,Electronics,1846.57,300
T000936,U0176,P047,97.36,Debit Card,2025-09-16,70.8,5,2025-09-16,46,Electronics,97.36,Kabir Sharma,38,Other,2022-05-10,Product_047,Electronics,1846.57,300
T000936,U0176,P047,97.36,Debit Card,2025-09-16,70.8,5,2025-09-16,46,Home,97.13,Kabir Sharma,38,Other,2022-05-10,Product_047,Electronics,1846.57,300
T000936,U0176,P047,97.36,Debit Card,2025-09-16,70.8,5,2025-09-16,46,Sports,27.89,Kabir Sharma,38,Other,2022-05-10,Product_047,Electronics,1846.57,300
T000937,U0125,P008,111.46,Net Banking,2025-06-21,95.11,2,2025-06-21,133,Books,111.46,Ira Joshi,36,Other,2022-10-09,Product_008,Books,4534.16,161
T000937,U0125,P008,111.46,Net Banking,2025-06-21,95.11,2,2025-06-21,133,Clothing,78.76,Ira Joshi,36,Other,2022-10-09,Product_008,Books,4534.16,161
T000938,U0012,P005,26.14,UPI,2024-10-05,87.68714285714285,8,2025-10-05,27,Beauty,49.85,Aarohi Singh,28,Other,2024-06-25,Product_005,Books,1178.99,18
T000938,U0012,P005,26.14,UPI,2024-10-05,87.68714285714285,8,2025-10-05,27,Books,185.72,Aarohi Singh,28,Other,2024-06-25,Product_005,Books,1178.99,18
T000938,U0012,P005,26.14,UPI,2024-10-05,87.68714285714285,8,2025-10-05,27,Electronics,215.85,Aarohi Singh,28,Other,2024-06-25,Product_005,Books,1178.99,18
T000938,U0012,P005,26.14,UPI,2024-10-05,87.68714285714285,8,2025-10-05,27,Grocery,54.06,Aarohi Singh,28,Other,2024-06-25,Product_005,Books,1178.99,18
T000938,U0012,P005,26.14,UPI,2024-10-05,87.68714285714285,8,2025-10-05,27,Home,23.59,Aarohi Singh,28,Other,2024-06-25,Product_005,Books,1178.99,18
T000938,U0012,P005,26.14,UPI,2024-10-05,87.68714285714285,8,2025-10-05,27,Toys,84.74,Aarohi Singh,28,Other,2024-06-25,Product_005,Books,1178.99,18
T000939,U0004,P046,78.14,Wallet,2024-04-03,100.21333333333332,3,2024-04-03,577,Beauty,222.5,Aarav Gupta,44,Male,2023-06-02,Product_046,Toys,4970.99,267
T000939,U0004,P046,78.14,Wallet,2024-04-03,100.21333333333332,3,2024-04-03,577,Toys,78.14,Aarav Gupta,44,Male,2023-06-02,Product_046,Toys,4970.99,267
T000940,U0172,P022,83.15,Cash,2023-07-15,63.964,5,2025-01-14,291,Books,112.9,Vihaan Kapoor,25,Other,2022-07-16,Product_022,Electronics,3207.91,466
T000940,U0172,P022,83.15,Cash,2023-07-15,63.964,5,2025-01-14,291,Electronics,83.15,Vihaan Kapoor,25,Other,2022-07-16,Product_022,Electronics,3207.91,466
T000940,U0172,P022,83.15,Cash,2023-07-15,63.964,5,2025-01-14,291,Home,47.82,Vihaan Kapoor,25,Other,2022-07-16,Product_022,Electronics,3207.91,466
T000940,U0172,P022,83.15,Cash,2023-07-15,63.964,5,2025-01-14,291,Toys,75.95,Vihaan Kapoor,25,Other,2022-07-16,Product_022,Electronics,3207.91,466
T000941,U0111,P043,45.67,Wallet,2024-05-24,43.57,3,2025-04-27,188,Clothing,85.03999999999999,Myra Roy,18,Other,2023-06-08,Product_043,Home,3416.65,309
T000941,U0111,P043,45.67,Wallet,2024-05-24,43.57,3,2025-04-27,188,Home,45.67,Myra Roy,18,Other,2023-06-08,Product_043,Home,3416.65,309
T000942,U0124,P023,124.64,Wallet,2025-02-27,97.11,3,2025-04-11,204,Books,194.22000000000003,Ishaan Ghosh,20,Other,2024-02-24,Product_023,Books,1984.98,450
T000943,U0039,P036,49.9,Cash,2023-04-22,61.31,6,2025-09-18,44,Books,24.26,Meera Gupta,21,Other,2022-05-12,Product_036,Sports,1650.69,388
T000943,U0039,P036,49.9,Cash,2023-04-22,61.31,6,2025-09-18,44,Clothing,97.15,Meera Gupta,21,Other,2022-05-12,Product_036,Sports,1650.69,388
T000943,U0039,P036,49.9,Cash,2023-04-22,61.31,6,2025-09-18,44,Sports,49.9,Meera Gupta,21,Other,2022-05-12,Product_036,Sports,1650.69,388
T000943,U0039,P036,49.9,Cash,2023-04-22,61.31,6,2025-09-18,44,Toys,135.24,Meera Gupta,21,Other,2022-05-12,Product_036,Sports,1650.69,388
T000944,U0003,P042,58.87,Debit Card,2025-11-01,40.597500000000004,4,2025-11-01,0,Beauty,44.45,Aarohi Gupta,37,Other,2022-02-02,Product_042,Home,4406.39,59
T000944,U0003,P042,58.87,Debit Card,2025-11-01,40.597500000000004,4,2025-11-01,0,Books,34.7,Aarohi Gupta,37,Other,2022-02-02,Product_042,Home,4406.39,59
T000944,U0003,P042,58.87,Debit Card,2025-11-01,40.597500000000004,4,2025-11-01,0,Grocery,24.37,Aarohi Gupta,37,Other,2022-02-02,Product_042,Home,4406.39,59
T000944,U0003,P042,58.87,Debit Card,2025-11-01,40.597500000000004,4,2025-11-01,0,Home,58.87,Aarohi Gupta,37,Other,2022-02-02,Product_042,Home,4406.39,59
T000945,U0121,P032,49.21,Debit Card,2023-06-03,54.67714285714286,7,2025-08-18,75,Beauty,62.35,Ira Kapoor,38,Other,2024-08-30,Product_032,Books,2913.02,176
T000945,U0121,P032,49.21,Debit Card,2023-06-03,54.67714285714286,7,2025-08-18,75,Books,79.14,Ira Kapoor,38,Other,2024-08-30,Product_032,Books,2913.02,176
T000945,U0121,P032,49.21,Debit Card,2023-06-03,54.67714285714286,7,2025-08-18,75,Grocery,30.6,Ira Kapoor,38,Other,2024-08-30,Product_032,Books,2913.02,176
T000945,U0121,P032,49.21,Debit Card,2023-06-03,54.67714285714286,7,2025-08-18,75,Home,111.39,Ira Kapoor,38,Other,2024-08-30,Product_032,Books,2913.02,176
T000945,U0121,P032,49.21,Debit Card,2023-06-03,54.67714285714286,7,2025-08-18,75,Toys,99.26,Ira Kapoor,38,Other,2024-08-30,Product_032,Books,2913.02,176
T000946,U0193,P032,55.11,UPI,2024-05-08,88.7475,5,2025-02-25,249,Books,136.95999999999998,Ishaan Chopra,33,Other,2023-03-12,Product_032,Books,2913.02,176
T000946,U0193,P032,55.11,UPI,2024-05-08,88.7475,5,2025-02-25,249,Electronics,91.61,Ishaan Chopra,33,Other,2023-03-12,Product_032,Books,2913.02,176
T000946,U0193,P032,55.11,UPI,2024-05-08,88.7475,5,2025-02-25,249,Grocery,126.42,Ishaan Chopra,33,Other,2023-03-12,Product_032,Books,2913.02,176
T000947,U0085,P018,28.28,Credit Card,2024-04-01,65.51666666666667,6,2025-07-10,114,Beauty,33.94,Arjun Kapoor,25,Male,2023-08-20,Product_018,Electronics,2390.82,158
T000947,U0085,P018,28.28,Credit Card,2024-04-01,65.51666666666667,6,2025-07-10,114,Books,229.31,Arjun Kapoor,25,Male,2023-08-20,Product_018,Electronics,2390.82,158
T000947,U0085,P018,28.28,Credit Card,2024-04-01,65.51666666666667,6,2025-07-10,114,Clothing,55.21,Arjun Kapoor,25,Male,2023-08-20,Product_018,Electronics,2390.82,158
T000947,U0085,P018,28.28,Credit Card,2024-04-01,65.51666666666667,6,2025-07-10,114,Electronics,28.28,Arjun Kapoor,25,Male,2023-08-20,Product_018,Electronics,2390.82,158
T000947,U0085,P018,28.28,Credit Card,2024-04-01,65.51666666666667,6,2025-07-10,114,Home,46.36,Arjun Kapoor,25,Male,2023-08-20,Product_018,Electronics,2390.82,158
T000948,U0141,P042,23.01,Net Banking,2025-04-05,70.26857142857143,9,2025-09-15,47,Beauty,78.86,Anaya Nair,33,Female,2024-02-10,Product_042,Home,4406.39,59
T000948,U0141,P042,23.01,Net Banking,2025-04-05,70.26857142857143,9,2025-09-15,47,Books,12.19,Anaya Nair,33,Female,2024-02-10,Product_042,Home,4406.39,59
T000948,U0141,P042,23.01,Net Banking,2025-04-05,70.26857142857143,9,2025-09-15,47,Clothing,186.62,Anaya Nair,33,Female,2024-02-10,Product_042,Home,4406.39,59
T000948,U0141,P042,23.01,Net Banking,2025-04-05,70.26857142857143,9,2025-09-15,47,Electronics,168.29999999999998,Anaya Nair,33,Female,2024-02-10,Product_042,Home,4406.39,59
T000948,U0141,P042,23.01,Net Banking,2025-04-05,70.26857142857143,9,2025-09-15,47,Grocery,22.9,Anaya Nair,33,Female,2024-02-10,Product_042,Home,4406.39,59
T000948,U0141,P042,23.01,Net Banking,2025-04-05,70.26857142857143,9,2025-09-15,47,Home,23.01,Anaya Nair,33,Female,2024-02-10,Product_042,Home,4406.39,59
T000949,U0061,P006,142.12,Net Banking,2025-06-28,101.10333333333334,7,2025-06-28,126,Books,78.55,Aarohi Joshi,28,Male,2022-10-31,Product_006,Clothing,3250.7,481
T000949,U0061,P006,142.12,Net Banking,2025-06-28,101.10333333333334,7,2025-06-28,126,Clothing,163.11,Aarohi Joshi,28,Male,2022-10-31,Product_006,Clothing,3250.7,481
T000949,U0061,P006,142.12,Net Banking,2025-06-28,101.10333333333334,7,2025-06-28,126,Grocery,230.91,Aarohi Joshi,28,Male,2022-10-31,Product_006,Clothing,3250.7,481
T000949,U0061,P006,142.12,Net Banking,2025-06-28,101.10333333333334,7,2025-06-28,126,Home,91.79,Aarohi Joshi,28,Male,2022-10-31,Product_006,Clothing,3250.7,481
T000949,U0061,P006,142.12,Net Banking,2025-06-28,101.10333333333334,7,2025-06-28,126,Toys,42.26,Aarohi Joshi,28,Male,2022-10-31,Product_006,Clothing,3250.7,481
T000950,U0147,P029,32.85,Credit Card,2025-10-17,61.44818181818182,12,2025-10-25,7,Beauty,40.02,Ishaan Mehta,22,Male,2023-09-14,Product_029,Clothing,128.31,289
T000950,U0147,P029,32.85,Credit Card,2025-10-17,61.44818181818182,12,2025-10-25,7,Books,257.28,Ishaan Mehta,22,Male,2023-09-14,Product_029,Clothing,128.31,289
T000950,U0147,P029,32.85,Credit Card,2025-10-17,61.44818181818182,12,2025-10-25,7,Clothing,32.85,Ishaan Mehta,22,Male,2023-09-14,Product_029,Clothing,128.31,289
T000950,U0147,P029,32.85,Credit Card,2025-10-17,61.44818181818182,12,2025-10-25,7,Electronics,103.53999999999999,Ishaan Mehta,22,Male,2023-09-14,Product_029,Clothing,128.31,289
T000950,U0147,P029,32.85,Credit Card,2025-10-17,61.44818181818182,12,2025-10-25,7,Grocery,77.19,Ishaan Mehta,22,Male,2023-09-14,Product_029,Clothing,128.31,289
T000950,U0147,P029,32.85,Credit Card,2025-10-17,61.44818181818182,12,2025-10-25,7,Home,141.2,Ishaan Mehta,22,Male,2023-09-14,Product_029,Clothing,128.31,289
T000950,U0147,P029,32.85,Credit Card,2025-10-17,61.44818181818182,12,2025-10-25,7,Toys,23.85,Ishaan Mehta,22,Male,2023-09-14,Product_029,Clothing,128.31,289
T000951,U0115,P021,30.12,Credit Card,2025-10-15,44.77333333333333,6,2025-10-15,17,Books,30.12,Aarav Verma,30,Male,2023-09-18,Product_021,Books,3055.12,169
T000951,U0115,P021,30.12,Credit Card,2025-10-15,44.77333333333333,6,2025-10-15,17,Grocery,118.68,Aarav Verma,30,Male,2023-09-18,Product_021,Books,3055.12,169
T000951,U0115,P021,30.12,Credit Card,2025-10-15,44.77333333333333,6,2025-10-15,17,Home,80.47,Aarav Verma,30,Male,2023-09-18,Product_021,Books,3055.12,169
T000951,U0115,P021,30.12,Credit Card,2025-10-15,44.77333333333333,6,2025-10-15,17,Sports,39.37,Aarav Verma,30,Male,2023-09-18,Product_021,Books,3055.12,169
T000952,U0191,P042,15.0,Credit Card,2023-07-30,88.1,3,2025-03-07,239,Books,95.05,Kabir Verma,28,Male,2023-12-25,Product_042,Home,4406.39,59
T000952,U0191,P042,15.0,Credit Card,2023-07-30,88.1,3,2025-03-07,239,Home,81.15,Kabir Verma,28,Male,2023-12-25,Product_042,Home,4406.39,59
T000953,U0104,P027,37.21,Credit Card,2023-01-01,79.22,4,2025-09-01,61,Electronics,83.75,Anaya Kulkarni,25,Female,2024-01-08,Product_027,Toys,2241.45,134
T000953,U0104,P027,37.21,Credit Card,2023-01-01,79.22,4,2025-09-01,61,Grocery,94.61,Anaya Kulkarni,25,Female,2024-01-08,Product_027,Toys,2241.45,134
T000953,U0104,P027,37.21,Credit Card,2023-01-01,79.22,4,2025-09-01,61,Home,101.31,Anaya Kulkarni,25,Female,2024-01-08,Product_027,Toys,2241.45,134
T000953,U0104,P027,37.21,Credit Card,2023-01-01,79.22,4,2025-09-01,61,Toys,37.21,Anaya Kulkarni,25,Female,2024-01-08,Product_027,Toys,2241.45,134
T000954,U0024,P039,24.68,Cash,2024-09-15,75.43,11,2025-08-03,90,Beauty,112.61,Aarohi Kapoor,20,Female,2023-03-15,Product_039,Grocery,4167.72,453
T000954,U0024,P039,24.68,Cash,2024-09-15,75.43,11,2025-08-03,90,Books,313.02,Aarohi Kapoor,20,Female,2023-03-15,Product_039,Grocery,4167.72,453
T000954,U0024,P039,24.68,Cash,2024-09-15,75.43,11,2025-08-03,90,Clothing,89.07000000000001,Aarohi Kapoor,20,Female,2023-03-15,Product_039,Grocery,4167.72,453
T000954,U0024,P039,24.68,Cash,2024-09-15,75.43,11,2025-08-03,90,Electronics,62.27,Aarohi Kapoor,20,Female,2023-03-15,Product_039,Grocery,4167.72,453
T000954,U0024,P039,24.68,Cash,2024-09-15,75.43,11,2025-08-03,90,Grocery,55.78,Aarohi Kapoor,20,Female,2023-03-15,Product_039,Grocery,4167.72,453
T000954,U0024,P039,24.68,Cash,2024-09-15,75.43,11,2025-08-03,90,Home,46.12,Aarohi Kapoor,20,Female,2023-03-15,Product_039,Grocery,4167.72,453
T000955,U0131,P036,146.23,Debit Card,2025-07-23,73.65,5,2025-07-23,101,Beauty,61.67,Muhammad Mukherjee,19,Female,2024-08-26,Product_036,Sports,1650.69,388
T000955,U0131,P036,146.23,Debit Card,2025-07-23,73.65,5,2025-07-23,101,Clothing,37.83,Muhammad Mukherjee,19,Female,2024-08-26,Product_036,Sports,1650.69,388
T000955,U0131,P036,146.23,Debit Card,2025-07-23,73.65,5,2025-07-23,101,Home,57.89,Muhammad Mukherjee,19,Female,2024-08-26,Product_036,Sports,1650.69,388
T000955,U0131,P036,146.23,Debit Card,2025-07-23,73.65,5,2025-07-23,101,Sports,146.23,Muhammad Mukherjee,19,Female,2024-08-26,Product_036,Sports,1650.69,388
T000955,U0131,P036,146.23,Debit Card,2025-07-23,73.65,5,2025-07-23,101,Toys,64.63,Muhammad Mukherjee,19,Female,2024-08-26,Product_036,Sports,1650.69,388
T000956,U0088,P024,100.07,Credit Card,2024-04-01,104.09666666666665,3,2025-10-30,2,Electronics,43.93,Sai Patel,34,Female,2024-06-24,Product_024,Home,2509.0,267
T000956,U0088,P024,100.07,Credit Card,2024-04-01,104.09666666666665,3,2025-10-30,2,Home,100.07,Sai Patel,34,Female,2024-06-24,Product_024,Home,2509.0,267
T000956,U0088,P024,100.07,Credit Card,2024-04-01,104.09666666666665,3,2025-10-30,2,Toys,168.29,Sai Patel,34,Female,2024-06-24,Product_024,Home,2509.0,267
T000957,U0117,P022,36.13,Cash,2025-08-26,148.54888888888888,13,2025-09-06,56,Books,165.31,Aadhya Joshi,31,Female,2022-06-01,Product_022,Electronics,3207.91,466
T000957,U0117,P022,36.13,Cash,2025-08-26,148.54888888888888,13,2025-09-06,56,Clothing,790.84,Aadhya Joshi,31,Female,2022-06-01,Product_022,Electronics,3207.91,466
T000957,U0117,P022,36.13,Cash,2025-08-26,148.54888888888888,13,2025-09-06,56,Electronics,102.63,Aadhya Joshi,31,Female,2022-06-01,Product_022,Electronics,3207.91,466
T000957,U0117,P022,36.13,Cash,2025-08-26,148.54888888888888,13,2025-09-06,56,Grocery,127.18,Aadhya Joshi,31,Female,2022-06-01,Product_022,Electronics,3207.91,466
T000957,U0117,P022,36.13,Cash,2025-08-26,148.54888888888888,13,2025-09-06,56,Home,43.33,Aadhya Joshi,31,Female,2022-06-01,Product_022,Electronics,3207.91,466
T000957,U0117,P022,36.13,Cash,2025-08-26,148.54888888888888,13,2025-09-06,56,Sports,20.75,Aadhya Joshi,31,Female,2022-06-01,Product_022,Electronics,3207.91,466
T000957,U0117,P022,36.13,Cash,2025-08-26,148.54888888888888,13,2025-09-06,56,Toys,86.9,Aadhya Joshi,31,Female,2022-06-01,Product_022,Electronics,3207.91,466
T000958,U0184,P043,210.92,UPI,2025-07-15,95.79,6,2025-07-15,109,Clothing,23.72,Kiara Kulkarni,35,Other,2022-08-20,Product_043,Home,3416.65,309
T000958,U0184,P043,210.92,UPI,2025-07-15,95.79,6,2025-07-15,109,Home,228.73,Kiara Kulkarni,35,Other,2022-08-20,Product_043,Home,3416.65,309
T000958,U0184,P043,210.92,UPI,2025-07-15,95.79,6,2025-07-15,109,Sports,322.28999999999996,Kiara Kulkarni,35,Other,2022-08-20,Product_043,Home,3416.65,309
T000959,U0030,P007,98.4,Wallet,2024-03-30,84.85857142857142,9,2025-09-29,33,Beauty,168.95,Aarohi Sharma,29,Other,2023-11-30,Product_007,Books,2084.59,134
T000959,U0030,P007,98.4,Wallet,2024-03-30,84.85857142857142,9,2025-09-29,33,Books,176.11,Aarohi Sharma,29,Other,2023-11-30,Product_007,Books,2084.59,134
T000959,U0030,P007,98.4,Wallet,2024-03-30,84.85857142857142,9,2025-09-29,33,Electronics,102.74,Aarohi Sharma,29,Other,2023-11-30,Product_007,Books,2084.59,134
T000959,U0030,P007,98.4,Wallet,2024-03-30,84.85857142857142,9,2025-09-29,33,Home,146.21,Aarohi Sharma,29,Other,2023-11-30,Product_007,Books,2084.59,134
T000960,U0001,P022,44.93,UPI,2024-08-20,77.47333333333334,3,2024-08-20,438,Beauty,42.43,Vihaan Sharma,35,Other,2022-09-08,Product_022,Electronics,3207.91,466
T000960,U0001,P022,44.93,UPI,2024-08-20,77.47333333333334,3,2024-08-20,438,Electronics,44.93,Vihaan Sharma,35,Other,2022-09-08,Product_022,Electronics,3207.91,466
T000960,U0001,P022,44.93,UPI,2024-08-20,77.47333333333334,3,2024-08-20,438,Grocery,145.06,Vihaan Sharma,35,Other,2022-09-08,Product_022,Electronics,3207.91,466
T000961,U0141,P034,12.19,UPI,2023-08-06,70.26857142857143,9,2025-09-15,47,Beauty,78.86,Anaya Nair,33,Female,2024-02-10,Product_034,Books,474.01,362
T000961,U0141,P034,12.19,UPI,2023-08-06,70.26857142857143,9,2025-09-15,47,Books,12.19,Anaya Nair,33,Female,2024-02-10,Product_034,Books,474.01,362
T000961,U0141,P034,12.19,UPI,2023-08-06,70.26857142857143,9,2025-09-15,47,Clothing,186.62,Anaya Nair,33,Female,2024-02-10,Product_034,Books,474.01,362
T000961,U0141,P034,12.19,UPI,2023-08-06,70.26857142857143,9,2025-09-15,47,Electronics,168.29999999999998,Anaya Nair,33,Female,2024-02-10,Product_034,Books,474.01,362
T000961,U0141,P034,12.19,UPI,2023-08-06,70.26857142857143,9,2025-09-15,47,Grocery,22.9,Anaya Nair,33,Female,2024-02-10,Product_034,Books,474.01,362
T000961,U0141,P034,12.19,UPI,2023-08-06,70.26857142857143,9,2025-09-15,47,Home,23.01,Anaya Nair,33,Female,2024-02-10,Product_034,Books,474.01,362
T000962,U0012,P011,215.85,Net Banking,2023-10-15,87.68714285714285,8,2025-10-05,27,Beauty,49.85,Aarohi Singh,28,Other,2024-06-25,Product_011,Electronics,1410.29,28
T000962,U0012,P011,215.85,Net Banking,2023-10-15,87.68714285714285,8,2025-10-05,27,Books,185.72,Aarohi Singh,28,Other,2024-06-25,Product_011,Electronics,1410.29,28
T000962,U0012,P011,215.85,Net Banking,2023-10-15,87.68714285714285,8,2025-10-05,27,Electronics,215.85,Aarohi Singh,28,Other,2024-06-25,Product_011,Electronics,1410.29,28
T000962,U0012,P011,215.85,Net Banking,2023-10-15,87.68714285714285,8,2025-10-05,27,Grocery,54.06,Aarohi Singh,28,Other,2024-06-25,Product_011,Electronics,1410.29,28
T000962,U0012,P011,215.85,Net Banking,2023-10-15,87.68714285714285,8,2025-10-05,27,Home,23.59,Aarohi Singh,28,Other,2024-06-25,Product_011,Electronics,1410.29,28
T000962,U0012,P011,215.85,Net Banking,2023-10-15,87.68714285714285,8,2025-10-05,27,Toys,84.74,Aarohi Singh,28,Other,2024-06-25,Product_011,Electronics,1410.29,28
T000963,U0184,P048,23.72,Wallet,2025-04-18,95.79,6,2025-07-15,109,Clothing,23.72,Kiara Kulkarni,35,Other,2022-08-20,Product_048,Clothing,3666.72,295
T000963,U0184,P048,23.72,Wallet,2025-04-18,95.79,6,2025-07-15,109,Home,228.73,Kiara Kulkarni,35,Other,2022-08-20,Product_048,Clothing,3666.72,295
T000963,U0184,P048,23.72,Wallet,2025-04-18,95.79,6,2025-07-15,109,Sports,322.28999999999996,Kiara Kulkarni,35,Other,2022-08-20,Product_048,Clothing,3666.72,295
T000964,U0028,P017,20.34,Cash,2024-02-06,78.77333333333334,9,2025-08-23,70,Beauty,101.57000000000001,Kiara Kulkarni,35,Male,2023-01-26,Product_017,Beauty,3697.53,235
T000964,U0028,P017,20.34,Cash,2024-02-06,78.77333333333334,9,2025-08-23,70,Books,174.23000000000002,Kiara Kulkarni,35,Male,2023-01-26,Product_017,Beauty,3697.53,235
T000964,U0028,P017,20.34,Cash,2024-02-06,78.77333333333334,9,2025-08-23,70,Clothing,252.42000000000002,Kiara Kulkarni,35,Male,2023-01-26,Product_017,Beauty,3697.53,235
T000964,U0028,P017,20.34,Cash,2024-02-06,78.77333333333334,9,2025-08-23,70,Home,125.28,Kiara Kulkarni,35,Male,2023-01-26,Product_017,Beauty,3697.53,235
T000964,U0028,P017,20.34,Cash,2024-02-06,78.77333333333334,9,2025-08-23,70,Toys,55.46,Kiara Kulkarni,35,Male,2023-01-26,Product_017,Beauty,3697.53,235
T000965,U0049,P008,100.84,Net Banking,2024-03-17,78.0,5,2025-10-17,15,Books,100.84,Saanvi Chopra,34,Female,2024-03-14,Product_008,Books,4534.16,161
T000965,U0049,P008,100.84,Net Banking,2024-03-17,78.0,5,2025-10-17,15,Electronics,142.01,Saanvi Chopra,34,Female,2024-03-14,Product_008,Books,4534.16,161
T000965,U0049,P008,100.84,Net Banking,2024-03-17,78.0,5,2025-10-17,15,Grocery,41.13,Saanvi Chopra,34,Female,2024-03-14,Product_008,Books,4534.16,161
T000965,U0049,P008,100.84,Net Banking,2024-03-17,78.0,5,2025-10-17,15,Home,30.37,Saanvi Chopra,34,Female,2024-03-14,Product_008,Books,4534.16,161
T000965,U0049,P008,100.84,Net Banking,2024-03-17,78.0,5,2025-10-17,15,Sports,75.65,Saanvi Chopra,34,Female,2024-03-14,Product_008,Books,4534.16,161
T000966,U0118,P013,236.0,Wallet,2024-11-23,127.7,4,2024-12-22,314,Beauty,236.0,Aarav Patel,22,Female,2022-06-30,Product_013,Beauty,3354.37,155
T000966,U0118,P013,236.0,Wallet,2024-11-23,127.7,4,2024-12-22,314,Books,122.39,Aarav Patel,22,Female,2022-06-30,Product_013,Beauty,3354.37,155
T000966,U0118,P013,236.0,Wallet,2024-11-23,127.7,4,2024-12-22,314,Electronics,46.85,Aarav Patel,22,Female,2022-06-30,Product_013,Beauty,3354.37,155
T000966,U0118,P013,236.0,Wallet,2024-11-23,127.7,4,2024-12-22,314,Home,105.56,Aarav Patel,22,Female,2022-06-30,Product_013,Beauty,3354.37,155
T000967,U0028,P049,125.28,Net Banking,2023-04-06,78.77333333333334,9,2025-08-23,70,Beauty,101.57000000000001,Kiara Kulkarni,35,Male,2023-01-26,Product_049,Home,1701.17,159
T000967,U0028,P049,125.28,Net Banking,2023-04-06,78.77333333333334,9,2025-08-23,70,Books,174.23000000000002,Kiara Kulkarni,35,Male,2023-01-26,Product_049,Home,1701.17,159
T000967,U0028,P049,125.28,Net Banking,2023-04-06,78.77333333333334,9,2025-08-23,70,Clothing,252.42000000000002,Kiara Kulkarni,35,Male,2023-01-26,Product_049,Home,1701.17,159
T000967,U0028,P049,125.28,Net Banking,2023-04-06,78.77333333333334,9,2025-08-23,70,Home,125.28,Kiara Kulkarni,35,Male,2023-01-26,Product_049,Home,1701.17,159
T000967,U0028,P049,125.28,Net Banking,2023-04-06,78.77333333333334,9,2025-08-23,70,Toys,55.46,Kiara Kulkarni,35,Male,2023-01-26,Product_049,Home,1701.17,159
T000968,U0163,P044,76.58,Cash,2023-09-10,127.97166666666668,7,2025-01-23,282,Beauty,76.58,Sara Khan,41,Other,2023-06-14,Product_044,Beauty,1655.45,268
T000968,U0163,P044,76.58,Cash,2023-09-10,127.97166666666668,7,2025-01-23,282,Books,62.47,Sara Khan,41,Other,2023-06-14,Product_044,Beauty,1655.45,268
T000968,U0163,P044,76.58,Cash,2023-09-10,127.97166666666668,7,2025-01-23,282,Clothing,58.96,Sara Khan,41,Other,2023-06-14,Product_044,Beauty,1655.45,268
T000968,U0163,P044,76.58,Cash,2023-09-10,127.97166666666668,7,2025-01-23,282,Home,297.73,Sara Khan,41,Other,2023-06-14,Product_044,Beauty,1655.45,268
T000968,U0163,P044,76.58,Cash,2023-09-10,127.97166666666668,7,2025-01-23,282,Toys,272.09000000000003,Sara Khan,41,Other,2023-06-14,Product_044,Beauty,1655.45,268
T000969,U0198,P029,78.01,Net Banking,2025-10-29,80.575,3,2025-10-29,3,Beauty,31.38,Kabir Bose,33,Female,2023-07-07,Product_029,Clothing,128.31,289
T000969,U0198,P029,78.01,Net Banking,2025-10-29,80.575,3,2025-10-29,3,Clothing,78.01,Kabir Bose,33,Female,2023-07-07,Product_029,Clothing,128.31,289
T000969,U0198,P029,78.01,Net Banking,2025-10-29,80.575,3,2025-10-29,3,Home,51.76,Kabir Bose,33,Female,2023-07-07,Product_029,Clothing,128.31,289
T000970,U0035,P032,91.11,Credit Card,2023-04-10,51.217999999999996,5,2025-07-26,98,Beauty,24.96,Muhammad Reddy,38,Female,2023-07-07,Product_032,Books,2913.02,176
T000970,U0035,P032,91.11,Credit Card,2023-04-10,51.217999999999996,5,2025-07-26,98,Books,122.17,Muhammad Reddy,38,Female,2023-07-07,Product_032,Books,2913.02,176
T000970,U0035,P032,91.11,Credit Card,2023-04-10,51.217999999999996,5,2025-07-26,98,Clothing,66.89,Muhammad Reddy,38,Female,2023-07-07,Product_032,Books,2913.02,176
T000970,U0035,P032,91.11,Credit Card,2023-04-10,51.217999999999996,5,2025-07-26,98,Home,42.07,Muhammad Reddy,38,Female,2023-07-07,Product_032,Books,2913.02,176
T000971,U0142,P028,86.09,Cash,2025-09-16,65.92833333333333,7,2025-09-16,46,Books,58.52,Kiara Khan,42,Male,2022-01-20,Product_028,Home,3602.11,250
T000971,U0142,P028,86.09,Cash,2025-09-16,65.92833333333333,7,2025-09-16,46,Clothing,53.38,Kiara Khan,42,Male,2022-01-20,Product_028,Home,3602.11,250
T000971,U0142,P028,86.09,Cash,2025-09-16,65.92833333333333,7,2025-09-16,46,Electronics,82.19,Kiara Khan,42,Male,2022-01-20,Product_028,Home,3602.11,250
T000971,U0142,P028,86.09,Cash,2025-09-16,65.92833333333333,7,2025-09-16,46,Home,125.42,Kiara Khan,42,Male,2022-01-20,Product_028,Home,3602.11,250
T000971,U0142,P028,86.09,Cash,2025-09-16,65.92833333333333,7,2025-09-16,46,Toys,76.06,Kiara Khan,42,Male,2022-01-20,Product_028,Home,3602.11,250
T000972,U0131,P050,64.63,Debit Card,2023-12-22,73.65,5,2025-07-23,101,Beauty,61.67,Muhammad Mukherjee,19,Female,2024-08-26,Product_050,Toys,2833.37,45
T000972,U0131,P050,64.63,Debit Card,2023-12-22,73.65,5,2025-07-23,101,Clothing,37.83,Muhammad Mukherjee,19,Female,2024-08-26,Product_050,Toys,2833.37,45
T000972,U0131,P050,64.63,Debit Card,2023-12-22,73.65,5,2025-07-23,101,Home,57.89,Muhammad Mukherjee,19,Female,2024-08-26,Product_050,Toys,2833.37,45
T000972,U0131,P050,64.63,Debit Card,2023-12-22,73.65,5,2025-07-23,101,Sports,146.23,Muhammad Mukherjee,19,Female,2024-08-26,Product_050,Toys,2833.37,45
T000972,U0131,P050,64.63,Debit Card,2023-12-22,73.65,5,2025-07-23,101,Toys,64.63,Muhammad Mukherjee,19,Female,2024-08-26,Product_050,Toys,2833.37,45
T000973,U0188,P009,58.12,Credit Card,2025-03-04,60.9925,8,2025-03-04,242,Books,49.1,Muhammad Das,31,Female,2022-06-10,Product_009,Clothing,1799.44,163
T000973,U0188,P009,58.12,Credit Card,2025-03-04,60.9925,8,2025-03-04,242,Clothing,222.48,Muhammad Das,31,Female,2022-06-10,Product_009,Clothing,1799.44,163
T000973,U0188,P009,58.12,Credit Card,2025-03-04,60.9925,8,2025-03-04,242,Home,142.34,Muhammad Das,31,Female,2022-06-10,Product_009,Clothing,1799.44,163
T000973,U0188,P009,58.12,Credit Card,2025-03-04,60.9925,8,2025-03-04,242,Sports,74.02,Muhammad Das,31,Female,2022-06-10,Product_009,Clothing,1799.44,163
T000974,U0169,P039,52.59,Cash,2024-10-21,71.0775,4,2025-05-16,169,Books,23.46,Diya Mukherjee,30,Other,2022-12-05,Product_039,Grocery,4167.72,453
T000974,U0169,P039,52.59,Cash,2024-10-21,71.0775,4,2025-05-16,169,Grocery,52.59,Diya Mukherjee,30,Other,2022-12-05,Product_039,Grocery,4167.72,453
T000974,U0169,P039,52.59,Cash,2024-10-21,71.0775,4,2025-05-16,169,Sports,208.26,Diya Mukherjee,30,Other,2022-12-05,Product_039,Grocery,4167.72,453
T000975,U0130,P025,34.73,Net Banking,2024-05-23,35.656,5,2025-10-23,9,Books,33.62,Anaya Kapoor,27,Female,2022-03-05,Product_025,Electronics,1408.97,272
T000975,U0130,P025,34.73,Net Banking,2024-05-23,35.656,5,2025-10-23,9,Electronics,91.47999999999999,Anaya Kapoor,27,Female,2022-03-05,Product_025,Electronics,1408.97,272
T000975,U0130,P025,34.73,Net Banking,2024-05-23,35.656,5,2025-10-23,9,Home,53.18000000000001,Anaya Kapoor,27,Female,2022-03-05,Product_025,Electronics,1408.97,272
T000976,U0071,P026,46.14,UPI,2024-08-25,73.29333333333334,9,2024-12-21,315,Beauty,156.49,Kabir Roy,34,Female,2022-01-10,Product_026,Beauty,3490.97,332
T000976,U0071,P026,46.14,UPI,2024-08-25,73.29333333333334,9,2024-12-21,315,Books,36.11,Kabir Roy,34,Female,2022-01-10,Product_026,Beauty,3490.97,332
T000976,U0071,P026,46.14,UPI,2024-08-25,73.29333333333334,9,2024-12-21,315,Electronics,52.49,Kabir Roy,34,Female,2022-01-10,Product_026,Beauty,3490.97,332
T000976,U0071,P026,46.14,UPI,2024-08-25,73.29333333333334,9,2024-12-21,315,Grocery,29.53,Kabir Roy,34,Female,2022-01-10,Product_026,Beauty,3490.97,332
T000976,U0071,P026,46.14,UPI,2024-08-25,73.29333333333334,9,2024-12-21,315,Home,299.53,Kabir Roy,34,Female,2022-01-10,Product_026,Beauty,3490.97,332
T000976,U0071,P026,46.14,UPI,2024-08-25,73.29333333333334,9,2024-12-21,315,Sports,85.49,Kabir Roy,34,Female,2022-01-10,Product_026,Beauty,3490.97,332
T000977,U0116,P009,19.77,Debit Card,2025-04-25,62.73777777777778,11,2025-06-30,124,Beauty,32.99,Aditya Roy,34,Female,2022-07-19,Product_009,Clothing,1799.44,163
T000977,U0116,P009,19.77,Debit Card,2025-04-25,62.73777777777778,11,2025-06-30,124,Books,35.78,Aditya Roy,34,Female,2022-07-19,Product_009,Clothing,1799.44,163
T000977,U0116,P009,19.77,Debit Card,2025-04-25,62.73777777777778,11,2025-06-30,124,Clothing,159.60999999999999,Aditya Roy,34,Female,2022-07-19,Product_009,Clothing,1799.44,163
T000977,U0116,P009,19.77,Debit Card,2025-04-25,62.73777777777778,11,2025-06-30,124,Electronics,56.14,Aditya Roy,34,Female,2022-07-19,Product_009,Clothing,1799.44,163
T000977,U0116,P009,19.77,Debit Card,2025-04-25,62.73777777777778,11,2025-06-30,124,Home,168.49,Aditya Roy,34,Female,2022-07-19,Product_009,Clothing,1799.44,163
T000977,U0116,P009,19.77,Debit Card,2025-04-25,62.73777777777778,11,2025-06-30,124,Sports,111.63,Aditya Roy,34,Female,2022-07-19,Product_009,Clothing,1799.44,163
T000978,U0155,P045,51.47,Wallet,2024-09-04,53.04,5,2025-03-23,223,Grocery,51.47,Diya Roy,34,Other,2023-03-22,Product_045,Grocery,992.11,139
T000978,U0155,P045,51.47,Wallet,2024-09-04,53.04,5,2025-03-23,223,Home,78.89,Diya Roy,34,Other,2023-03-22,Product_045,Grocery,992.11,139
T000978,U0155,P045,51.47,Wallet,2024-09-04,53.04,5,2025-03-23,223,Sports,39.17,Diya Roy,34,Other,2023-03-22,Product_045,Grocery,992.11,139
T000978,U0155,P045,51.47,Wallet,2024-09-04,53.04,5,2025-03-23,223,Toys,95.67,Diya Roy,34,Other,2023-03-22,Product_045,Grocery,992.11,139
T000979,U0180,P036,30.17,UPI,2024-03-21,69.09142857142858,7,2025-10-13,19,Clothing,190.78,Reyansh Verma,53,Female,2022-04-27,Product_036,Sports,1650.69,388
T000979,U0180,P036,30.17,UPI,2024-03-21,69.09142857142858,7,2025-10-13,19,Grocery,221.44,Reyansh Verma,53,Female,2022-04-27,Product_036,Sports,1650.69,388
T000979,U0180,P036,30.17,UPI,2024-03-21,69.09142857142858,7,2025-10-13,19,Home,41.25,Reyansh Verma,53,Female,2022-04-27,Product_036,Sports,1650.69,388
T000979,U0180,P036,30.17,UPI,2024-03-21,69.09142857142858,7,2025-10-13,19,Sports,30.17,Reyansh Verma,53,Female,2022-04-27,Product_036,Sports,1650.69,388
T000980,U0052,P014,28.16,Cash,2024-08-18,69.11,12,2025-10-08,24,Beauty,57.08,Vivaan Patel,28,Male,2024-01-16,Product_014,Beauty,3844.95,467
T000980,U0052,P014,28.16,Cash,2024-08-18,69.11,12,2025-10-08,24,Books,122.91999999999999,Vivaan Patel,28,Male,2024-01-16,Product_014,Beauty,3844.95,467
T000980,U0052,P014,28.16,Cash,2024-08-18,69.11,12,2025-10-08,24,Clothing,157.13,Vivaan Patel,28,Male,2024-01-16,Product_014,Beauty,3844.95,467
T000980,U0052,P014,28.16,Cash,2024-08-18,69.11,12,2025-10-08,24,Electronics,134.35,Vivaan Patel,28,Male,2024-01-16,Product_014,Beauty,3844.95,467
T000980,U0052,P014,28.16,Cash,2024-08-18,69.11,12,2025-10-08,24,Grocery,97.29,Vivaan Patel,28,Male,2024-01-16,Product_014,Beauty,3844.95,467
T000980,U0052,P014,28.16,Cash,2024-08-18,69.11,12,2025-10-08,24,Home,191.44,Vivaan Patel,28,Male,2024-01-16,Product_014,Beauty,3844.95,467
T000981,U0176,P023,60.82,Wallet,2023-09-29,70.8,5,2025-09-16,46,Books,60.82,Kabir Sharma,38,Other,2022-05-10,Product_023,Books,1984.98,450
T000981,U0176,P023,60.82,Wallet,2023-09-29,70.8,5,2025-09-16,46,Electronics,97.36,Kabir Sharma,38,Other,2022-05-10,Product_023,Books,1984.98,450
T000981,U0176,P023,60.82,Wallet,2023-09-29,70.8,5,2025-09-16,46,Home,97.13,Kabir Sharma,38,Other,2022-05-10,Product_023,Books,1984.98,450
T000981,U0176,P023,60.82,Wallet,2023-09-29,70.8,5,2025-09-16,46,Sports,27.89,Kabir Sharma,38,Other,2022-05-10,Product_023,Books,1984.98,450
T000982,U0182,P042,125.86,Debit Card,2025-10-28,73.22555555555556,11,2025-10-28,4,Books,104.02,Vivaan Reddy,25,Male,2024-08-29,Product_042,Home,4406.39,59
T000982,U0182,P042,125.86,Debit Card,2025-10-28,73.22555555555556,11,2025-10-28,4,Clothing,236.67,Vivaan Reddy,25,Male,2024-08-29,Product_042,Home,4406.39,59
T000982,U0182,P042,125.86,Debit Card,2025-10-28,73.22555555555556,11,2025-10-28,4,Grocery,55.53,Vivaan Reddy,25,Male,2024-08-29,Product_042,Home,4406.39,59
T000982,U0182,P042,125.86,Debit Card,2025-10-28,73.22555555555556,11,2025-10-28,4,Home,262.81,Vivaan Reddy,25,Male,2024-08-29,Product_042,Home,4406.39,59
T000983,U0139,P045,94.73,Wallet,2024-10-22,85.75750000000001,4,2025-06-22,132,Beauty,73.92,Kiara Reddy,38,Female,2022-02-21,Product_045,Grocery,992.11,139
T000983,U0139,P045,94.73,Wallet,2024-10-22,85.75750000000001,4,2025-06-22,132,Books,110.12,Kiara Reddy,38,Female,2022-02-21,Product_045,Grocery,992.11,139
T000983,U0139,P045,94.73,Wallet,2024-10-22,85.75750000000001,4,2025-06-22,132,Grocery,94.73,Kiara Reddy,38,Female,2022-02-21,Product_045,Grocery,992.11,139
T000983,U0139,P045,94.73,Wallet,2024-10-22,85.75750000000001,4,2025-06-22,132,Home,64.26,Kiara Reddy,38,Female,2022-02-21,Product_045,Grocery,992.11,139
T000984,U0182,P008,21.28,UPI,2025-09-10,73.22555555555556,11,2025-10-28,4,Books,104.02,Vivaan Reddy,25,Male,2024-08-29,Product_008,Books,4534.16,161
T000984,U0182,P008,21.28,UPI,2025-09-10,73.22555555555556,11,2025-10-28,4,Clothing,236.67,Vivaan Reddy,25,Male,2024-08-29,Product_008,Books,4534.16,161
T000984,U0182,P008,21.28,UPI,2025-09-10,73.22555555555556,11,2025-10-28,4,Grocery,55.53,Vivaan Reddy,25,Male,2024-08-29,Product_008,Books,4534.16,161
T000984,U0182,P008,21.28,UPI,2025-09-10,73.22555555555556,11,2025-10-28,4,Home,262.81,Vivaan Reddy,25,Male,2024-08-29,Product_008,Books,4534.16,161
T000985,U0150,P037,30.15,Wallet,2025-05-04,57.31125,9,2025-08-02,91,Beauty,25.34,Muhammad Gupta,34,Other,2022-04-15,Product_037,Clothing,1750.62,496
T000985,U0150,P037,30.15,Wallet,2025-05-04,57.31125,9,2025-08-02,91,Books,139.48000000000002,Muhammad Gupta,34,Other,2022-04-15,Product_037,Clothing,1750.62,496
T000985,U0150,P037,30.15,Wallet,2025-05-04,57.31125,9,2025-08-02,91,Clothing,30.15,Muhammad Gupta,34,Other,2022-04-15,Product_037,Clothing,1750.62,496
T000985,U0150,P037,30.15,Wallet,2025-05-04,57.31125,9,2025-08-02,91,Electronics,58.45,Muhammad Gupta,34,Other,2022-04-15,Product_037,Clothing,1750.62,496
T000985,U0150,P037,30.15,Wallet,2025-05-04,57.31125,9,2025-08-02,91,Home,84.41,Muhammad Gupta,34,Other,2022-04-15,Product_037,Clothing,1750.62,496
T000985,U0150,P037,30.15,Wallet,2025-05-04,57.31125,9,2025-08-02,91,Sports,101.44,Muhammad Gupta,34,Other,2022-04-15,Product_037,Clothing,1750.62,496
T000985,U0150,P037,30.15,Wallet,2025-05-04,57.31125,9,2025-08-02,91,Toys,19.22,Muhammad Gupta,34,Other,2022-04-15,Product_037,Clothing,1750.62,496
T000986,U0173,P048,96.01,Cash,2024-08-08,70.39666666666666,6,2025-06-26,128,Clothing,180.04000000000002,Muhammad Joshi,31,Female,2024-09-27,Product_048,Clothing,3666.72,295
T000986,U0173,P048,96.01,Cash,2024-08-08,70.39666666666666,6,2025-06-26,128,Toys,242.34,Muhammad Joshi,31,Female,2024-09-27,Product_048,Clothing,3666.72,295
T000987,U0109,P001,30.28,Cash,2023-08-07,49.00666666666667,3,2025-07-29,95,Electronics,37.51,Aarav Singh,34,Female,2023-03-17,Product_001,Grocery,264.89,371
T000987,U0109,P001,30.28,Cash,2023-08-07,49.00666666666667,3,2025-07-29,95,Grocery,30.28,Aarav Singh,34,Female,2023-03-17,Product_001,Grocery,264.89,371
T000987,U0109,P001,30.28,Cash,2023-08-07,49.00666666666667,3,2025-07-29,95,Sports,79.23,Aarav Singh,34,Female,2023-03-17,Product_001,Grocery,264.89,371
T000988,U0007,P025,47.71,Debit Card,2023-04-19,85.938,5,2025-10-19,13,Clothing,47.02,Ishaan Sharma,44,Male,2022-12-15,Product_025,Electronics,1408.97,272
T000988,U0007,P025,47.71,Debit Card,2023-04-19,85.938,5,2025-10-19,13,Electronics,47.71,Ishaan Sharma,44,Male,2022-12-15,Product_025,Electronics,1408.97,272
T000988,U0007,P025,47.71,Debit Card,2023-04-19,85.938,5,2025-10-19,13,Grocery,141.4,Ishaan Sharma,44,Male,2022-12-15,Product_025,Electronics,1408.97,272
T000988,U0007,P025,47.71,Debit Card,2023-04-19,85.938,5,2025-10-19,13,Home,37.04,Ishaan Sharma,44,Male,2022-12-15,Product_025,Electronics,1408.97,272
T000988,U0007,P025,47.71,Debit Card,2023-04-19,85.938,5,2025-10-19,13,Toys,156.52,Ishaan Sharma,44,Male,2022-12-15,Product_025,Electronics,1408.97,272
T000989,U0172,P004,75.95,Debit Card,2024-06-30,63.964,5,2025-01-14,291,Books,112.9,Vihaan Kapoor,25,Other,2022-07-16,Product_004,Toys,2600.12,229
T000989,U0172,P004,75.95,Debit Card,2024-06-30,63.964,5,2025-01-14,291,Electronics,83.15,Vihaan Kapoor,25,Other,2022-07-16,Product_004,Toys,2600.12,229
T000989,U0172,P004,75.95,Debit Card,2024-06-30,63.964,5,2025-01-14,291,Home,47.82,Vihaan Kapoor,25,Other,2022-07-16,Product_004,Toys,2600.12,229
T000989,U0172,P004,75.95,Debit Card,2024-06-30,63.964,5,2025-01-14,291,Toys,75.95,Vihaan Kapoor,25,Other,2022-07-16,Product_004,Toys,2600.12,229
T000990,U0193,P011,30.54,UPI,2024-05-28,88.7475,5,2025-02-25,249,Books,136.95999999999998,Ishaan Chopra,33,Other,2023-03-12,Product_011,Electronics,1410.29,28
T000990,U0193,P011,30.54,UPI,2024-05-28,88.7475,5,2025-02-25,249,Electronics,91.61,Ishaan Chopra,33,Other,2023-03-12,Product_011,Electronics,1410.29,28
T000990,U0193,P011,30.54,UPI,2024-05-28,88.7475,5,2025-02-25,249,Grocery,126.42,Ishaan Chopra,33,Other,2023-03-12,Product_011,Electronics,1410.29,28
T000991,U0038,P004,58.16,Wallet,2024-08-27,95.24666666666667,4,2025-04-23,192,Beauty,33.85,Vivaan Ghosh,18,Other,2022-03-29,Product_004,Toys,2600.12,229
T000991,U0038,P004,58.16,Wallet,2024-08-27,95.24666666666667,4,2025-04-23,192,Books,69.62,Vivaan Ghosh,18,Other,2022-03-29,Product_004,Toys,2600.12,229
T000991,U0038,P004,58.16,Wallet,2024-08-27,95.24666666666667,4,2025-04-23,192,Clothing,124.11,Vivaan Ghosh,18,Other,2022-03-29,Product_004,Toys,2600.12,229
T000991,U0038,P004,58.16,Wallet,2024-08-27,95.24666666666667,4,2025-04-23,192,Toys,58.16,Vivaan Ghosh,18,Other,2022-03-29,Product_004,Toys,2600.12,229
T000992,U0053,P049,24.52,Cash,2023-03-08,52.748000000000005,5,2025-05-09,176,Books,114.33,Anaya Patel,26,Male,2022-07-14,Product_049,Home,1701.17,159
T000992,U0053,P049,24.52,Cash,2023-03-08,52.748000000000005,5,2025-05-09,176,Grocery,29.02,Anaya Patel,26,Male,2022-07-14,Product_049,Home,1701.17,159
T000992,U0053,P049,24.52,Cash,2023-03-08,52.748000000000005,5,2025-05-09,176,Home,24.52,Anaya Patel,26,Male,2022-07-14,Product_049,Home,1701.17,159
T000992,U0053,P049,24.52,Cash,2023-03-08,52.748000000000005,5,2025-05-09,176,Toys,95.87,Anaya Patel,26,Male,2022-07-14,Product_049,Home,1701.17,159
T000993,U0092,P029,38.06,Credit Card,2024-04-04,45.8,2,2024-05-08,542,Books,53.54,Reyansh Patel,39,Female,2024-05-29,Product_029,Clothing,128.31,289
T000993,U0092,P029,38.06,Credit Card,2024-04-04,45.8,2,2024-05-08,542,Clothing,38.06,Reyansh Patel,39,Female,2024-05-29,Product_029,Clothing,128.31,289
T000994,U0191,P042,66.15,Cash,2025-03-07,88.1,3,2025-03-07,239,Books,95.05,Kabir Verma,28,Male,2023-12-25,Product_042,Home,4406.39,59
T000994,U0191,P042,66.15,Cash,2025-03-07,88.1,3,2025-03-07,239,Home,81.15,Kabir Verma,28,Male,2023-12-25,Product_042,Home,4406.39,59
T000995,U0061,P033,20.99,Wallet,2024-08-12,101.10333333333334,7,2025-06-28,126,Books,78.55,Aarohi Joshi,28,Male,2022-10-31,Product_033,Clothing,3874.48,45
T000995,U0061,P033,20.99,Wallet,2024-08-12,101.10333333333334,7,2025-06-28,126,Clothing,163.11,Aarohi Joshi,28,Male,2022-10-31,Product_033,Clothing,3874.48,45
T000995,U0061,P033,20.99,Wallet,2024-08-12,101.10333333333334,7,2025-06-28,126,Grocery,230.91,Aarohi Joshi,28,Male,2022-10-31,Product_033,Clothing,3874.48,45
T000995,U0061,P033,20.99,Wallet,2024-08-12,101.10333333333334,7,2025-06-28,126,Home,91.79,Aarohi Joshi,28,Male,2022-10-31,Product_033,Clothing,3874.48,45
T000995,U0061,P033,20.99,Wallet,2024-08-12,101.10333333333334,7,2025-06-28,126,Toys,42.26,Aarohi Joshi,28,Male,2022-10-31,Product_033,Clothing,3874.48,45
T000996,U0178,P043,71.11,Credit Card,2025-02-20,71.11,1,2025-02-20,254,Home,71.11,Arjun Joshi,43,Male,2023-08-11,Product_043,Home,3416.65,309
T000997,U0100,P027,53.96,Wallet,2024-10-02,80.97857142857143,8,2025-08-30,63,Books,84.14,Anaya Mukherjee,30,Other,2022-04-29,Product_027,Toys,2241.45,134
T000997,U0100,P027,53.96,Wallet,2024-10-02,80.97857142857143,8,2025-08-30,63,Electronics,63.2,Anaya Mukherjee,30,Other,2022-04-29,Product_027,Toys,2241.45,134
T000997,U0100,P027,53.96,Wallet,2024-10-02,80.97857142857143,8,2025-08-30,63,Grocery,52.81,Anaya Mukherjee,30,Other,2022-04-29,Product_027,Toys,2241.45,134
T000997,U0100,P027,53.96,Wallet,2024-10-02,80.97857142857143,8,2025-08-30,63,Home,64.62,Anaya Mukherjee,30,Other,2022-04-29,Product_027,Toys,2241.45,134
T000997,U0100,P027,53.96,Wallet,2024-10-02,80.97857142857143,8,2025-08-30,63,Sports,189.65,Anaya Mukherjee,30,Other,2022-04-29,Product_027,Toys,2241.45,134
T000997,U0100,P027,53.96,Wallet,2024-10-02,80.97857142857143,8,2025-08-30,63,Toys,112.43,Anaya Mukherjee,30,Other,2022-04-29,Product_027,Toys,2241.45,134
T000998,U0142,P004,76.06,Credit Card,2024-05-29,65.92833333333333,7,2025-09-16,46,Books,58.52,Kiara Khan,42,Male,2022-01-20,Product_004,Toys,2600.12,229
T000998,U0142,P004,76.06,Credit Card,2024-05-29,65.92833333333333,7,2025-09-16,46,Clothing,53.38,Kiara Khan,42,Male,2022-01-20,Product_004,Toys,2600.12,229
T000998,U0142,P004,76.06,Credit Card,2024-05-29,65.92833333333333,7,2025-09-16,46,Electronics,82.19,Kiara Khan,42,Male,2022-01-20,Product_004,Toys,2600.12,229
T000998,U0142,P004,76.06,Credit Card,2024-05-29,65.92833333333333,7,2025-09-16,46,Home,125.42,Kiara Khan,42,Male,2022-01-20,Product_004,Toys,2600.12,229
T000998,U0142,P004,76.06,Credit Card,2024-05-29,65.92833333333333,7,2025-09-16,46,Toys,76.06,Kiara Khan,42,Male,2022-01-20,Product_004,Toys,2600.12,229
T000999,U0052,P040,62.45,Net Banking,2024-04-06,69.11,12,2025-10-08,24,Beauty,57.08,Vivaan Patel,28,Male,2024-01-16,Product_040,Grocery,4011.76,36
T000999,U0052,P040,62.45,Net Banking,2024-04-06,69.11,12,2025-10-08,24,Books,122.91999999999999,Vivaan Patel,28,Male,2024-01-16,Product_040,Grocery,4011.76,36
T000999,U0052,P040,62.45,Net Banking,2024-04-06,69.11,12,2025-10-08,24,Clothing,157.13,Vivaan Patel,28,Male,2024-01-16,Product_040,Grocery,4011.76,36
T000999,U0052,P040,62.45,Net Banking,2024-04-06,69.11,12,2025-10-08,24,Electronics,134.35,Vivaan Patel,28,Male,2024-01-16,Product_040,Grocery,4011.76,36
T000999,U0052,P040,62.45,Net Banking,2024-04-06,69.11,12,2025-10-08,24,Grocery,97.29,Vivaan Patel,28,Male,2024-01-16,Product_040,Grocery,4011.76,36
T000999,U0052,P040,62.45,Net Banking,2024-04-06,69.11,12,2025-10-08,24,Home,191.44,Vivaan Patel,28,Male,2024-01-16,Product_040,Grocery,4011.76,36
T001000,U0163,P046,123.78,Wallet,2025-01-23,127.97166666666668,7,2025-01-23,282,Beauty,76.58,Sara Khan,41,Other,2023-06-14,Product_046,Toys,4970.99,267
T001000,U0163,P046,123.78,Wallet,2025-01-23,127.97166666666668,7,2025-01-23,282,Books,62.47,Sara Khan,41,Other,2023-06-14,Product_046,Toys,4970.99,267
T001000,U0163,P046,123.78,Wallet,2025-01-23,127.97166666666668,7,2025-01-23,282,Clothing,58.96,Sara Khan,41,Other,2023-06-14,Product_046,Toys,4970.99,267
T001000,U0163,P046,123.78,Wallet,2025-01-23,127.97166666666668,7,2025-01-23,282,Home,297.73,Sara Khan,41,Other,2023-06-14,Product_046,Toys,4970.99,267
T001000,U0163,P046,123.78,Wallet,2025-01-23,127.97166666666668,7,2025-01-23,282,Toys,272.09000000000003,Sara Khan,41,Other,2023-06-14,Product_046,Toys,4970.99,267
